[32;20m[2026-09-29 16:54:04,682] LMCache INFO:[0m torch_dev=<module 'torch.cuda' from '/usr/local/lib/python3.12/dist-packages/torch/cuda/__init__.py'>, torch_device_type=cuda [3m(_device_detect.py:312:lmcache.v1.platform._device_detect)[0m
[32;20m[2026-09-29 16:54:04,682] LMCache INFO:[0m Auto-selected backend [cuda] for accelerator 'cuda' from candidate backends [cuda, rocm]. [3m(__init__.py:148:lmcache.v1.platform)[0m

 _     __  __    ____           _          
| |   |  \/  |  / ___|__ _  ___| |__   ___      LMCache v0.5.5 (g05a013b2)
| |   | |\/| | | |   / _` |/ __| '_ \ / _ \     Website:  https://lmcache.ai/
| |___| |  | | | |__| (_| | (__| | | |  __/     Recipes:  https://docs.lmcache.ai/recipes
|_____|_|  |_|  \____\__,_|\___|_| |_|\___|     LinkedIn: https://www.linkedin.com/company/lmcache-lab
Set LMCACHE_DISABLE_BANNER=1 to hide this banner.

[32;20m[2026-09-29 16:54:06,344] LMCache INFO:[0m multi_layer_block_kv_transfer mode: ptr [3m(base.py:95:lmcache.v1.multiprocess.transfer_context.base)[0m
[32;20m[2026-09-29 16:54:10,667] LMCache INFO:[0m Discovered API module: cache_api [3m(router_discovery.py:53:lmcache.v1.utils.router_discovery)[0m
[32;20m[2026-09-29 16:54:10,671] LMCache INFO:[0m Discovered API module: env_api [3m(router_discovery.py:53:lmcache.v1.utils.router_discovery)[0m
[32;20m[2026-09-29 16:54:10,673] LMCache INFO:[0m Discovered API module: loglevel_api [3m(router_discovery.py:53:lmcache.v1.utils.router_discovery)[0m
[32;20m[2026-09-29 16:54:10,674] LMCache INFO:[0m Discovered API module: metrics_api [3m(router_discovery.py:53:lmcache.v1.utils.router_discovery)[0m
[32;20m[2026-09-29 16:54:10,677] LMCache INFO:[0m Discovered API module: periodic_thread_api [3m(router_discovery.py:53:lmcache.v1.utils.router_discovery)[0m
[32;20m[2026-09-29 16:54:10,678] LMCache INFO:[0m Discovered API module: run_script_api [3m(router_discovery.py:53:lmcache.v1.utils.router_discovery)[0m
[32;20m[2026-09-29 16:54:10,680] LMCache INFO:[0m Discovered API module: thread_api [3m(router_discovery.py:53:lmcache.v1.utils.router_discovery)[0m
[32;20m[2026-09-29 16:54:10,684] LMCache INFO:[0m Discovered API module: common_api [3m(router_discovery.py:53:lmcache.v1.utils.router_discovery)[0m
[32;20m[2026-09-29 16:54:10,685] LMCache INFO:[0m Discovered API module: config_api [3m(router_discovery.py:53:lmcache.v1.utils.router_discovery)[0m
[32;20m[2026-09-29 16:54:10,690] LMCache INFO:[0m Discovered API module: info_api [3m(router_discovery.py:53:lmcache.v1.utils.router_discovery)[0m
[32;20m[2026-09-29 16:54:10,694] LMCache INFO:[0m Discovered API module: quota_api [3m(router_discovery.py:53:lmcache.v1.utils.router_discovery)[0m
[32;20m[2026-09-29 16:54:10,699] LMCache INFO:[0m Discovered API module: reconfigure_api [3m(router_discovery.py:53:lmcache.v1.utils.router_discovery)[0m
[32;20m[2026-09-29 16:54:10,724] LMCache INFO:[0m CudaPinMemoryBackend: using torch cudart [3m(pin_memory.py:89:lmcache.v1.platform.cuda.pin_memory)[0m
[32;20m[2026-09-29 16:54:10,725] LMCache INFO:[0m Starting LMCache HTTP server on http://172.26.133.238:8080 [3m(http_server.py:259:lmcache.v1.multiprocess.http_server)[0m
INFO:     Started server process [1]
INFO:     Waiting for application startup.
[32;20m[2026-09-29 16:54:10,793] LMCache INFO:[0m Starting LMCache HTTP server... (accelerator available: True) [3m(http_server.py:77:lmcache.v1.multiprocess.http_server)[0m
[32;20m[2026-09-29 16:54:10,802] LMCache INFO:[0m OTel MeterProvider initialised with Prometheus fallback (standalone metrics HTTP server disabled; /metrics must be exposed by the caller), resource={'telemetry.sdk.language': 'python', 'telemetry.sdk.name': 'opentelemetry', 'telemetry.sdk.version': '1.40.0', 'service.instance.id': 'ec29564a-c10b-46bd-9933-4fc80f3616fa', 'service.name': 'unknown_service'} [3m(otel_init.py:114:lmcache.v1.mp_observability.otel_init)[0m
[32;20m[2026-09-29 16:54:16,773] LMCache INFO:[0m Starting L1EvictionController... [3m(eviction_controller.py:53:lmcache.v1.distributed.storage_controllers.eviction_controller)[0m
[32;20m[2026-09-29 16:54:16,790] LMCache INFO:[0m Starting L2EvictionController... [3m(eviction_controller.py:250:lmcache.v1.distributed.storage_controllers.eviction_controller)[0m
[32;20m[2026-09-29 16:54:16,791] LMCache INFO:[0m Starting StoreController... [3m(store_controller.py:305:lmcache.v1.distributed.storage_controllers.store_controller)[0m
[32;20m[2026-09-29 16:54:16,808] LMCache INFO:[0m Starting PrefetchController... [3m(prefetch_controller.py:596:lmcache.v1.distributed.storage_controllers.prefetch_controller)[0m
[32;20m[2026-09-29 16:54:16,808] LMCache INFO:[0m Using blake3 hash function [3m(token_hasher.py:79:lmcache.v1.multiprocess.token_hasher)[0m
[32;20m[2026-09-29 16:54:16,826] LMCache INFO:[0m Computed NONE_HASH=b"~>\xff\x9e\xf7a:P4\x0e\xb1&w\xee\x03\xb8:\xc7Y\xfc\xba\x9b\xb3'\x05\xf0rH\xd5mG;" using hash function [3m(token_hasher.py:180:lmcache.v1.multiprocess.token_hasher)[0m
[32;20m[2026-09-29 16:54:16,826] LMCache INFO:[0m TokenHasher initialized: chunk_size=256, hash_algorithm=blake3 [3m(token_hasher.py:67:lmcache.v1.multiprocess.token_hasher)[0m
[32;20m[2026-09-29 16:54:16,827] LMCache INFO:[0m PeriodicThread SessionManager-cleanup-thread-744c2da23fb0 entering main loop (interval=60.0s) [3m(periodic_thread.py:304:lmcache.v1.periodic_thread)[0m
[32;20m[2026-09-29 16:54:16,827] LMCache INFO:[0m Started PeriodicThread: SessionManager-cleanup-thread-744c2da23fb0 (level=medium, interval=60.0s, init_wait=0.0s) [3m(periodic_thread.py:248:lmcache.v1.periodic_thread)[0m
[32;20m[2026-09-29 16:54:16,844] LMCache INFO:[0m PeriodicThread DeviceHostFuncDispatcher entering main loop (interval=0.0s) [3m(periodic_thread.py:304:lmcache.v1.periodic_thread)[0m
[32;20m[2026-09-29 16:54:16,844] LMCache INFO:[0m Started PeriodicThread: DeviceHostFuncDispatcher (level=high, interval=0.0s, init_wait=0.0s) [3m(periodic_thread.py:248:lmcache.v1.periodic_thread)[0m
[32;20m[2026-09-29 16:54:16,844] LMCache INFO:[0m Supported transfer mode: lmcache_driven [3m(server.py:188:lmcache.v1.multiprocess.server)[0m
[32;20m[2026-09-29 16:54:16,861] LMCache INFO:[0m PeriodicThread lmcache-mp-worker-reaper entering main loop (interval=30.0s) [3m(periodic_thread.py:304:lmcache.v1.periodic_thread)[0m
[32;20m[2026-09-29 16:54:16,861] LMCache INFO:[0m Started PeriodicThread: lmcache-mp-worker-reaper (level=medium, interval=30.0s, init_wait=0.0s) [3m(periodic_thread.py:248:lmcache.v1.periodic_thread)[0m
[32;20m[2026-09-29 16:54:16,861] LMCache INFO:[0m Initializing MP usage context. [3m(mp.py:93:lmcache.usage_telemetry.mp)[0m
[32;20m[2026-09-29 16:54:16,878] LMCache INFO:[0m Initializing MP continuous usage reporting. [3m(mp_continuous.py:217:lmcache.usage_telemetry.mp_continuous)[0m
[32;20m[2026-09-29 16:54:16,879] LMCache INFO:[0m Started PeriodicThread: lmcache-usage-continuous (level=low, interval=600.0s, init_wait=600.0s) [3m(periodic_thread.py:248:lmcache.v1.periodic_thread)[0m
[32;20m[2026-09-29 16:54:16,879] LMCache INFO:[0m Initializing L2 connector usage reporting. [3m(l2_usage.py:243:lmcache.usage_telemetry.l2_usage)[0m
[32;20m[2026-09-29 16:54:16,896] LMCache INFO:[0m Started PeriodicThread: lmcache-usage-l2 (level=low, interval=600.0s, init_wait=600.0s) [3m(periodic_thread.py:248:lmcache.v1.periodic_thread)[0m
[32;20m[2026-09-29 16:54:16,896] LMCache INFO:[0m Initializing L1 usage reporting. [3m(l1_usage.py:154:lmcache.usage_telemetry.l1_usage)[0m
[32;20m[2026-09-29 16:54:16,897] LMCache INFO:[0m Started PeriodicThread: lmcache-usage-l1 (level=low, interval=600.0s, init_wait=600.0s) [3m(periodic_thread.py:248:lmcache.v1.periodic_thread)[0m
[32;20m[2026-09-29 16:54:16,916] LMCache INFO:[0m Created AffinityThreadPool 'affinity-pool-0' with 1 worker slots: up to 1 distinct affinity keys each bind to their own thread before slots are shared. Compare this against the number of clients expected to connect to confirm routing. [3m(affinity_pool.py:60:lmcache.v1.multiprocess.affinity_pool)[0m
[32;20m[2026-09-29 16:54:16,916] LMCache INFO:[0m LMCache ZMQ cache server is running on tcp://172.26.133.238:5555 [3m(server.py:386:lmcache.v1.multiprocess.server)[0m
[32;20m[2026-09-29 16:54:16,916] LMCache INFO:[0m LMCache cache server is running... [3m(server.py:401:lmcache.v1.multiprocess.server)[0m
[32;20m[2026-09-29 16:54:16,917] LMCache INFO:[0m LMCache HTTP server initialized [3m(http_server.py:164:lmcache.v1.multiprocess.http_server)[0m
INFO:     Application startup complete.
INFO:     Uvicorn running on http://172.26.133.238:8080 (Press CTRL+C to quit)
INFO:     172.26.132.42:35510 - "GET /metrics HTTP/1.1" 200 OK
[32;20m[2026-09-29 16:54:19,646] LMCache INFO:[0m LazyMemoryAllocator: Expanded 10240 MB pinned memory, now total is 30720 MB / 153600 MB (20.0%) [3m(lazy_memory_allocator.py:328:lmcache.v1.memory_allocators.lazy_memory_allocator)[0m
[32;20m[2026-09-29 16:54:22,378] LMCache INFO:[0m LazyMemoryAllocator: Expanded 10240 MB pinned memory, now total is 40960 MB / 153600 MB (26.7%) [3m(lazy_memory_allocator.py:328:lmcache.v1.memory_allocators.lazy_memory_allocator)[0m
[32;20m[2026-09-29 16:54:25,202] LMCache INFO:[0m LazyMemoryAllocator: Expanded 10240 MB pinned memory, now total is 51200 MB / 153600 MB (33.3%) [3m(lazy_memory_allocator.py:328:lmcache.v1.memory_allocators.lazy_memory_allocator)[0m
[32;20m[2026-09-29 16:54:27,972] LMCache INFO:[0m LazyMemoryAllocator: Expanded 10240 MB pinned memory, now total is 61440 MB / 153600 MB (40.0%) [3m(lazy_memory_allocator.py:328:lmcache.v1.memory_allocators.lazy_memory_allocator)[0m
[32;20m[2026-09-29 16:54:30,708] LMCache INFO:[0m LazyMemoryAllocator: Expanded 10240 MB pinned memory, now total is 71680 MB / 153600 MB (46.7%) [3m(lazy_memory_allocator.py:328:lmcache.v1.memory_allocators.lazy_memory_allocator)[0m
INFO:     172.26.132.42:20591 - "GET /metrics HTTP/1.1" 200 OK
[32;20m[2026-09-29 16:54:33,577] LMCache INFO:[0m LazyMemoryAllocator: Expanded 10240 MB pinned memory, now total is 81920 MB / 153600 MB (53.3%) [3m(lazy_memory_allocator.py:328:lmcache.v1.memory_allocators.lazy_memory_allocator)[0m
[32;20m[2026-09-29 16:54:36,387] LMCache INFO:[0m LazyMemoryAllocator: Expanded 10240 MB pinned memory, now total is 92160 MB / 153600 MB (60.0%) [3m(lazy_memory_allocator.py:328:lmcache.v1.memory_allocators.lazy_memory_allocator)[0m
[32;20m[2026-09-29 16:54:39,108] LMCache INFO:[0m LazyMemoryAllocator: Expanded 10240 MB pinned memory, now total is 102400 MB / 153600 MB (66.7%) [3m(lazy_memory_allocator.py:328:lmcache.v1.memory_allocators.lazy_memory_allocator)[0m
[32;20m[2026-09-29 16:54:41,933] LMCache INFO:[0m LazyMemoryAllocator: Expanded 10240 MB pinned memory, now total is 112640 MB / 153600 MB (73.3%) [3m(lazy_memory_allocator.py:328:lmcache.v1.memory_allocators.lazy_memory_allocator)[0m
[32;20m[2026-09-29 16:54:44,700] LMCache INFO:[0m LazyMemoryAllocator: Expanded 10240 MB pinned memory, now total is 122880 MB / 153600 MB (80.0%) [3m(lazy_memory_allocator.py:328:lmcache.v1.memory_allocators.lazy_memory_allocator)[0m
[32;20m[2026-09-29 16:54:47,557] LMCache INFO:[0m LazyMemoryAllocator: Expanded 10240 MB pinned memory, now total is 133120 MB / 153600 MB (86.7%) [3m(lazy_memory_allocator.py:328:lmcache.v1.memory_allocators.lazy_memory_allocator)[0m
INFO:     172.26.132.42:9426 - "GET /metrics HTTP/1.1" 200 OK
[32;20m[2026-09-29 16:54:50,482] LMCache INFO:[0m LazyMemoryAllocator: Expanded 10240 MB pinned memory, now total is 143360 MB / 153600 MB (93.3%) [3m(lazy_memory_allocator.py:328:lmcache.v1.memory_allocators.lazy_memory_allocator)[0m
[32;20m[2026-09-29 16:54:53,398] LMCache INFO:[0m LazyMemoryAllocator: Expanded 10240 MB pinned memory, now total is 153600 MB / 153600 MB (100.0%) [3m(lazy_memory_allocator.py:328:lmcache.v1.memory_allocators.lazy_memory_allocator)[0m
INFO:     172.26.132.42:21288 - "GET /metrics HTTP/1.1" 200 OK
INFO:     172.26.132.42:41877 - "GET /metrics HTTP/1.1" 200 OK
INFO:     172.26.132.42:53212 - "GET /metrics HTTP/1.1" 200 OK
INFO:     172.26.132.42:55862 - "GET /metrics HTTP/1.1" 200 OK
INFO:     172.26.132.42:17277 - "GET /metrics HTTP/1.1" 200 OK
INFO:     172.26.132.42:20160 - "GET /metrics HTTP/1.1" 200 OK
INFO:     172.26.132.42:15959 - "GET /metrics HTTP/1.1" 200 OK
INFO:     172.26.132.42:1680 - "GET /metrics HTTP/1.1" 200 OK
INFO:     172.26.132.42:35198 - "GET /metrics HTTP/1.1" 200 OK
[32;20m[2026-09-29 16:57:14,542] LMCache INFO:[0m Engine KV Format: EngineKVFormat.NL_X_NB_BS_NH_CS NL x [NB, BS, NH, CS] [3m(detection.py:69:lmcache.v1.gpu_connector.kv_format.detection)[0m
[32;20m[2026-09-29 16:57:14,542] LMCache INFO:[0m Engine KV Format: EngineKVFormat.NL_X_NB_BS_NH_CS NL x [NB, BS, NH, CS] [3m(detection.py:69:lmcache.v1.gpu_connector.kv_format.detection)[0m
[32;20m[2026-09-29 16:57:14,542] LMCache INFO:[0m Engine KV Format: EngineKVFormat.NL_X_NB_BS_NH_CS NL x [NB, BS, NH, CS] [3m(detection.py:69:lmcache.v1.gpu_connector.kv_format.detection)[0m
[32;20m[2026-09-29 16:57:14,543] LMCache INFO:[0m Engine KV Format: EngineKVFormat.NL_X_NB_BS_NH_CS NL x [NB, BS, NH, CS] [3m(detection.py:69:lmcache.v1.gpu_connector.kv_format.detection)[0m
[32;20m[2026-09-29 16:57:14,543] LMCache INFO:[0m Engine KV Format: EngineKVFormat.NL_X_NB_BS_NH_CS NL x [NB, BS, NH, CS] [3m(detection.py:69:lmcache.v1.gpu_connector.kv_format.detection)[0m
[32;20m[2026-09-29 16:57:14,543] LMCache INFO:[0m Engine KV Format: EngineKVFormat.NL_X_NB_BS_NH_CS NL x [NB, BS, NH, CS] [3m(detection.py:69:lmcache.v1.gpu_connector.kv_format.detection)[0m
[32;20m[2026-09-29 16:57:14,543] LMCache INFO:[0m Group 0 first-layer tensor: layer_idx=0 shape=(3927, 64, 16, 512) stride=(524288, 8192, 512, 1) is_contiguous=True dtype=torch.bfloat16 device=cuda:0 storage_offset=0 numel=2058878976 storage_nbytes=4117757952 padding_per_block=0 [3m(utils.py:608:lmcache.v1.gpu_connector.utils)[0m
[32;20m[2026-09-29 16:57:14,543] LMCache INFO:[0m Group 1 first-layer tensor: layer_idx=10 shape=(3927, 64, 16, 512) stride=(524288, 8192, 512, 1) is_contiguous=True dtype=torch.bfloat16 device=cuda:0 storage_offset=0 numel=2058878976 storage_nbytes=4117757952 padding_per_block=0 [3m(utils.py:608:lmcache.v1.gpu_connector.utils)[0m
[32;20m[2026-09-29 16:57:14,543] LMCache INFO:[0m Group 2 first-layer tensor: layer_idx=20 shape=(3927, 64, 16, 512) stride=(524288, 8192, 512, 1) is_contiguous=True dtype=torch.bfloat16 device=cuda:0 storage_offset=0 numel=2058878976 storage_nbytes=4117757952 padding_per_block=0 [3m(utils.py:608:lmcache.v1.gpu_connector.utils)[0m
[32;20m[2026-09-29 16:57:14,543] LMCache INFO:[0m Group 3 first-layer tensor: layer_idx=30 shape=(3927, 64, 16, 512) stride=(524288, 8192, 512, 1) is_contiguous=True dtype=torch.bfloat16 device=cuda:0 storage_offset=0 numel=2058878976 storage_nbytes=4117757952 padding_per_block=0 [3m(utils.py:608:lmcache.v1.gpu_connector.utils)[0m
[32;20m[2026-09-29 16:57:14,544] LMCache INFO:[0m Group 4 first-layer tensor: layer_idx=40 shape=(3927, 64, 16, 512) stride=(524288, 8192, 512, 1) is_contiguous=True dtype=torch.bfloat16 device=cuda:0 storage_offset=0 numel=2058878976 storage_nbytes=4117757952 padding_per_block=0 [3m(utils.py:608:lmcache.v1.gpu_connector.utils)[0m
[32;20m[2026-09-29 16:57:14,544] LMCache INFO:[0m Group 5 first-layer tensor: layer_idx=50 shape=(3927, 128, 4, 1024) stride=(524288, 4096, 1024, 1) is_contiguous=True dtype=torch.bfloat16 device=cuda:0 storage_offset=0 numel=2058878976 storage_nbytes=4117757952 padding_per_block=0 [3m(utils.py:608:lmcache.v1.gpu_connector.utils)[0m
[32;20m[2026-09-29 16:57:14,544] LMCache INFO:[0m KV layer groups: ---
KernelGroupInfo(layers=10, indices=0-9, shape_desc=(kv=1, nl=10, nb=3927, bs=64, nh=16, hs=512, element_size=2, block_stride_elems=524288), dtype=torch.bfloat16, tokens_per_block=64, slots_per_block=64, engine_group_idx=0, sw_size_tokens=1024)
KernelGroupInfo(layers=10, indices=10-19, shape_desc=(kv=1, nl=10, nb=3927, bs=64, nh=16, hs=512, element_size=2, block_stride_elems=524288), dtype=torch.bfloat16, tokens_per_block=64, slots_per_block=64, engine_group_idx=1, sw_size_tokens=1024)
KernelGroupInfo(layers=10, indices=20-29, shape_desc=(kv=1, nl=10, nb=3927, bs=64, nh=16, hs=512, element_size=2, block_stride_elems=524288), dtype=torch.bfloat16, tokens_per_block=64, slots_per_block=64, engine_group_idx=2, sw_size_tokens=1024)
KernelGroupInfo(layers=10, indices=30-39, shape_desc=(kv=1, nl=10, nb=3927, bs=64, nh=16, hs=512, element_size=2, block_stride_elems=524288), dtype=torch.bfloat16, tokens_per_block=64, slots_per_block=64, engine_group_idx=3, sw_size_tokens=1024)
KernelGroupInfo(layers=10, indices=40-49, shape_desc=(kv=1, nl=10, nb=3927, bs=64, nh=16, hs=512, element_size=2, block_stride_elems=524288), dtype=torch.bfloat16, tokens_per_block=64, slots_per_block=64, engine_group_idx=4, sw_size_tokens=1024)
KernelGroupInfo(layers=10, indices=50-59, shape_desc=(kv=1, nl=10, nb=3927, bs=128, nh=4, hs=1024, element_size=2, block_stride_elems=524288), dtype=torch.bfloat16, tokens_per_block=128, slots_per_block=128, engine_group_idx=5, sw_size_tokens=-1)
--- [3m(kv_layer_groups.py:474:lmcache.v1.kv_layer_groups)[0m
[32;20m[2026-09-29 16:57:14,548] LMCache INFO:[0m Initialized cuda stream on device cuda:0 [3m(cache_context.py:463:lmcache.v1.platform.cuda.cache_context)[0m
[32;20m[2026-09-29 16:57:14,553] LMCache INFO:[0m Allocated timeline-semaphore event buffer on cuda:0 (4096 slots) [3m(timeline_semaphore_event_ipc.py:622:lmcache.v1.platform.cuda.timeline_semaphore_event_ipc)[0m
[32;20m[2026-09-29 16:57:14,554] LMCache INFO:[0m Registered KV cache for GPU ID 2080292034210267759 with 60 layers [3m(lmcache_driven_transfer.py:1009:lmcache.v1.multiprocess.modules.lmcache_driven_transfer)[0m
INFO:     172.26.132.42:2123 - "GET /metrics HTTP/1.1" 200 OK
[32;20m[2026-09-29 16:57:17,943] LMCache INFO:[0m Engine KV Format: EngineKVFormat.NL_X_NB_BS_NH_CS NL x [NB, BS, NH, CS] [3m(detection.py:69:lmcache.v1.gpu_connector.kv_format.detection)[0m
[32;20m[2026-09-29 16:57:17,943] LMCache INFO:[0m Engine KV Format: EngineKVFormat.NL_X_NB_BS_NH_CS NL x [NB, BS, NH, CS] [3m(detection.py:69:lmcache.v1.gpu_connector.kv_format.detection)[0m
[32;20m[2026-09-29 16:57:17,944] LMCache INFO:[0m Engine KV Format: EngineKVFormat.NL_X_NB_BS_NH_CS NL x [NB, BS, NH, CS] [3m(detection.py:69:lmcache.v1.gpu_connector.kv_format.detection)[0m
[32;20m[2026-09-29 16:57:17,944] LMCache INFO:[0m Engine KV Format: EngineKVFormat.NL_X_NB_BS_NH_CS NL x [NB, BS, NH, CS] [3m(detection.py:69:lmcache.v1.gpu_connector.kv_format.detection)[0m
[32;20m[2026-09-29 16:57:17,944] LMCache INFO:[0m Engine KV Format: EngineKVFormat.NL_X_NB_BS_NH_CS NL x [NB, BS, NH, CS] [3m(detection.py:69:lmcache.v1.gpu_connector.kv_format.detection)[0m
[32;20m[2026-09-29 16:57:17,944] LMCache INFO:[0m Engine KV Format: EngineKVFormat.NL_X_NB_BS_NH_CS NL x [NB, BS, NH, CS] [3m(detection.py:69:lmcache.v1.gpu_connector.kv_format.detection)[0m
[32;20m[2026-09-29 16:57:17,944] LMCache INFO:[0m Group 0 first-layer tensor: layer_idx=0 shape=(3710, 64, 16, 512) stride=(524288, 8192, 512, 1) is_contiguous=True dtype=torch.bfloat16 device=cuda:1 storage_offset=0 numel=1945108480 storage_nbytes=3890216960 padding_per_block=0 [3m(utils.py:608:lmcache.v1.gpu_connector.utils)[0m
[32;20m[2026-09-29 16:57:17,945] LMCache INFO:[0m Group 1 first-layer tensor: layer_idx=10 shape=(3710, 64, 16, 512) stride=(524288, 8192, 512, 1) is_contiguous=True dtype=torch.bfloat16 device=cuda:1 storage_offset=0 numel=1945108480 storage_nbytes=3890216960 padding_per_block=0 [3m(utils.py:608:lmcache.v1.gpu_connector.utils)[0m
[32;20m[2026-09-29 16:57:17,945] LMCache INFO:[0m Group 2 first-layer tensor: layer_idx=20 shape=(3710, 64, 16, 512) stride=(524288, 8192, 512, 1) is_contiguous=True dtype=torch.bfloat16 device=cuda:1 storage_offset=0 numel=1945108480 storage_nbytes=3890216960 padding_per_block=0 [3m(utils.py:608:lmcache.v1.gpu_connector.utils)[0m
[32;20m[2026-09-29 16:57:17,945] LMCache INFO:[0m Group 3 first-layer tensor: layer_idx=30 shape=(3710, 64, 16, 512) stride=(524288, 8192, 512, 1) is_contiguous=True dtype=torch.bfloat16 device=cuda:1 storage_offset=0 numel=1945108480 storage_nbytes=3890216960 padding_per_block=0 [3m(utils.py:608:lmcache.v1.gpu_connector.utils)[0m
[32;20m[2026-09-29 16:57:17,945] LMCache INFO:[0m Group 4 first-layer tensor: layer_idx=40 shape=(3710, 64, 16, 512) stride=(524288, 8192, 512, 1) is_contiguous=True dtype=torch.bfloat16 device=cuda:1 storage_offset=0 numel=1945108480 storage_nbytes=3890216960 padding_per_block=0 [3m(utils.py:608:lmcache.v1.gpu_connector.utils)[0m
[32;20m[2026-09-29 16:57:17,945] LMCache INFO:[0m Group 5 first-layer tensor: layer_idx=50 shape=(3710, 128, 4, 1024) stride=(524288, 4096, 1024, 1) is_contiguous=True dtype=torch.bfloat16 device=cuda:1 storage_offset=0 numel=1945108480 storage_nbytes=3890216960 padding_per_block=0 [3m(utils.py:608:lmcache.v1.gpu_connector.utils)[0m
[32;20m[2026-09-29 16:57:17,945] LMCache INFO:[0m KV layer groups: ---
KernelGroupInfo(layers=10, indices=0-9, shape_desc=(kv=1, nl=10, nb=3710, bs=64, nh=16, hs=512, element_size=2, block_stride_elems=524288), dtype=torch.bfloat16, tokens_per_block=64, slots_per_block=64, engine_group_idx=0, sw_size_tokens=1024)
KernelGroupInfo(layers=10, indices=10-19, shape_desc=(kv=1, nl=10, nb=3710, bs=64, nh=16, hs=512, element_size=2, block_stride_elems=524288), dtype=torch.bfloat16, tokens_per_block=64, slots_per_block=64, engine_group_idx=1, sw_size_tokens=1024)
KernelGroupInfo(layers=10, indices=20-29, shape_desc=(kv=1, nl=10, nb=3710, bs=64, nh=16, hs=512, element_size=2, block_stride_elems=524288), dtype=torch.bfloat16, tokens_per_block=64, slots_per_block=64, engine_group_idx=2, sw_size_tokens=1024)
KernelGroupInfo(layers=10, indices=30-39, shape_desc=(kv=1, nl=10, nb=3710, bs=64, nh=16, hs=512, element_size=2, block_stride_elems=524288), dtype=torch.bfloat16, tokens_per_block=64, slots_per_block=64, engine_group_idx=3, sw_size_tokens=1024)
KernelGroupInfo(layers=10, indices=40-49, shape_desc=(kv=1, nl=10, nb=3710, bs=64, nh=16, hs=512, element_size=2, block_stride_elems=524288), dtype=torch.bfloat16, tokens_per_block=64, slots_per_block=64, engine_group_idx=4, sw_size_tokens=1024)
KernelGroupInfo(layers=10, indices=50-59, shape_desc=(kv=1, nl=10, nb=3710, bs=128, nh=4, hs=1024, element_size=2, block_stride_elems=524288), dtype=torch.bfloat16, tokens_per_block=128, slots_per_block=128, engine_group_idx=5, sw_size_tokens=-1)
--- [3m(kv_layer_groups.py:474:lmcache.v1.kv_layer_groups)[0m
[32;20m[2026-09-29 16:57:17,950] LMCache INFO:[0m Initialized cuda stream on device cuda:1 [3m(cache_context.py:463:lmcache.v1.platform.cuda.cache_context)[0m
[32;20m[2026-09-29 16:57:17,950] LMCache INFO:[0m Allocated timeline-semaphore event buffer on cuda:1 (4096 slots) [3m(timeline_semaphore_event_ipc.py:622:lmcache.v1.platform.cuda.timeline_semaphore_event_ipc)[0m
[32;20m[2026-09-29 16:57:17,950] LMCache INFO:[0m Registered KV cache for GPU ID 1021163559728789091 with 60 layers [3m(lmcache_driven_transfer.py:1009:lmcache.v1.multiprocess.modules.lmcache_driven_transfer)[0m
INFO:     172.26.132.42:10410 - "GET /metrics HTTP/1.1" 200 OK
[32;20m[2026-09-29 16:57:43,824] LMCache INFO:[0m AffinityThreadPool: affinity_key=-3881497533426421151 assigned to worker slot 0 of 1 (thread affinity-pool-0-0); 1 distinct key(s) now bound [3m(affinity_pool.py:108:lmcache.v1.multiprocess.affinity_pool)[0m
[32;20m[2026-09-29 16:57:43,825] LMCache INFO:[0m AffinityThreadPool: affinity_key=-243564074677799417 assigned to worker slot 0 of 1 (thread affinity-pool-0-0); 2 distinct key(s) now bound [3m(affinity_pool.py:108:lmcache.v1.multiprocess.affinity_pool)[0m
[33;20m[2026-09-29 16:57:43,825] LMCache WARNING:[0m AffinityThreadPool: affinity_key=-243564074677799417 wrapped onto worker slot 0 (only 1 workers), so it shares a thread with an earlier key and their tasks are serialized. Increase the worker count to give each client its own thread. [3m(affinity_pool.py:119:lmcache.v1.multiprocess.affinity_pool)[0m
[32;20m[2026-09-29 16:57:43,908] LMCache INFO:[0m Stored 768 tokens in 0.084 seconds [3m(lmcache_driven_transfer.py:1276:lmcache.v1.multiprocess.modules.lmcache_driven_transfer)[0m
[32;20m[2026-09-29 16:57:43,927] LMCache INFO:[0m Prefetch request completed (L1+L2): 3/3 retained keys (3 L1, 0 L2) in 1.4 ms (external_request_id=chatcmpl-ac1708716132f477-80eeaf49, prefetch_request_id=-1) [3m(storage_manager.py:726:lmcache.v1.distributed.storage_manager)[0m
[32;20m[2026-09-29 16:57:44,969] LMCache INFO:[0m Prefetch request completed (L1+L2): 3/12 retained keys (3 L1, 0 L2) in 2.0 ms (external_request_id=chatcmpl-8ba65c561c88b327-82262801, prefetch_request_id=-1) [3m(storage_manager.py:726:lmcache.v1.distributed.storage_manager)[0m
[32;20m[2026-09-29 16:57:44,988] LMCache INFO:[0m Prefetch request completed (L1+L2): 3/12 retained keys (3 L1, 0 L2) in 1.1 ms (external_request_id=chatcmpl-b40f0476efa3bca2-ac86668f, prefetch_request_id=-1) [3m(storage_manager.py:726:lmcache.v1.distributed.storage_manager)[0m
[32;20m[2026-09-29 16:57:45,199] LMCache INFO:[0m Prefetch request completed (L1+L2): 3/12 retained keys (3 L1, 0 L2) in 1.1 ms (external_request_id=chatcmpl-a416746b50606674-94fd33af, prefetch_request_id=-1) [3m(storage_manager.py:726:lmcache.v1.distributed.storage_manager)[0m
[32;20m[2026-09-29 16:57:45,250] LMCache INFO:[0m Stored 2304 tokens in 0.243 seconds [3m(lmcache_driven_transfer.py:1276:lmcache.v1.multiprocess.modules.lmcache_driven_transfer)[0m
[32;20m[2026-09-29 16:57:45,269] LMCache INFO:[0m Prefetch request completed (L1+L2): 3/12 retained keys (3 L1, 0 L2) in 1.2 ms (external_request_id=chatcmpl-a62e23b2bb4a9a2f-9e2bdcc8, prefetch_request_id=-1) [3m(storage_manager.py:726:lmcache.v1.distributed.storage_manager)[0m
[32;20m[2026-09-29 16:57:46,359] LMCache INFO:[0m Prefetch request completed (L1+L2): 12/25 retained keys (12 L1, 0 L2) in 0.9 ms (external_request_id=chatcmpl-af2ad087fb675c7e-a406bc29, prefetch_request_id=-1) [3m(storage_manager.py:726:lmcache.v1.distributed.storage_manager)[0m
[32;20m[2026-09-29 16:57:46,396] LMCache INFO:[0m Stored 2560 tokens in 0.003 seconds [3m(lmcache_driven_transfer.py:1276:lmcache.v1.multiprocess.modules.lmcache_driven_transfer)[0m
[32;20m[2026-09-29 16:57:46,449] LMCache INFO:[0m Prefetch request completed (L1+L2): 12/25 retained keys (12 L1, 0 L2) in 1.5 ms (external_request_id=chatcmpl-8739de640cb55259-ae2cd1c0, prefetch_request_id=-1) [3m(storage_manager.py:726:lmcache.v1.distributed.storage_manager)[0m
[32;20m[2026-09-29 16:57:46,467] LMCache INFO:[0m Stored 768 tokens in 0.001 seconds [3m(lmcache_driven_transfer.py:1276:lmcache.v1.multiprocess.modules.lmcache_driven_transfer)[0m
[32;20m[2026-09-29 16:57:46,663] LMCache INFO:[0m Prefetch request completed (L1+L2): 25/25 retained keys (25 L1, 0 L2) in 2.0 ms (external_request_id=chatcmpl-b274fe19a378f5a1-afcabe14, prefetch_request_id=-1) [3m(storage_manager.py:726:lmcache.v1.distributed.storage_manager)[0m
[32;20m[2026-09-29 16:57:46,742] LMCache INFO:[0m Prefetch request completed (L1+L2): 25/25 retained keys (25 L1, 0 L2) in 2.1 ms (external_request_id=chatcmpl-b8487dc5c7cb66b8-87483e29, prefetch_request_id=-1) [3m(storage_manager.py:726:lmcache.v1.distributed.storage_manager)[0m
INFO:     172.26.132.42:62099 - "GET /metrics HTTP/1.1" 200 OK
[32;20m[2026-09-29 16:57:47,939] LMCache INFO:[0m Prefetch request completed (L1+L2): 25/50 retained keys (25 L1, 0 L2) in 1.6 ms (external_request_id=chatcmpl-925010bf8c7f450e-937f54be, prefetch_request_id=-1) [3m(storage_manager.py:726:lmcache.v1.distributed.storage_manager)[0m
[32;20m[2026-09-29 16:57:47,975] LMCache INFO:[0m Stored 2560 tokens in 0.003 seconds [3m(lmcache_driven_transfer.py:1276:lmcache.v1.multiprocess.modules.lmcache_driven_transfer)[0m
[32;20m[2026-09-29 16:57:48,041] LMCache INFO:[0m Prefetch request completed (L1+L2): 25/50 retained keys (25 L1, 0 L2) in 2.1 ms (external_request_id=chatcmpl-a658c27002a25615-ab0f66e4, prefetch_request_id=-1) [3m(storage_manager.py:726:lmcache.v1.distributed.storage_manager)[0m
[32;20m[2026-09-29 16:57:48,055] LMCache INFO:[0m Stored 2560 tokens in 0.002 seconds [3m(lmcache_driven_transfer.py:1276:lmcache.v1.multiprocess.modules.lmcache_driven_transfer)[0m
[32;20m[2026-09-29 16:57:48,082] LMCache INFO:[0m Stored 6400 tokens in 0.002 seconds [3m(lmcache_driven_transfer.py:1276:lmcache.v1.multiprocess.modules.lmcache_driven_transfer)[0m
[32;20m[2026-09-29 16:57:48,598] LMCache INFO:[0m Prefetch request completed (L1+L2): 45/50 retained keys (45 L1, 0 L2) in 1.6 ms (external_request_id=chatcmpl-a942247e78bf10fe-9f9ce715, prefetch_request_id=-1) [3m(storage_manager.py:726:lmcache.v1.distributed.storage_manager)[0m
[32;20m[2026-09-29 16:57:48,680] LMCache INFO:[0m Prefetch request completed (L1+L2): 50/50 retained keys (50 L1, 0 L2) in 2.1 ms (external_request_id=chatcmpl-86439ea840dab6f3-b36b394f, prefetch_request_id=-1) [3m(storage_manager.py:726:lmcache.v1.distributed.storage_manager)[0m
[32;20m[2026-09-29 16:57:50,080] LMCache INFO:[0m Prefetch request completed (L1+L2): 12/12 retained keys (12 L1, 0 L2) in 22.3 ms (external_request_id=chatcmpl-ad8348173f0cc76f-a12547e5, prefetch_request_id=-1) [3m(storage_manager.py:726:lmcache.v1.distributed.storage_manager)[0m
[32;20m[2026-09-29 16:57:50,168] LMCache INFO:[0m Prefetch request completed (L1+L2): 12/12 retained keys (12 L1, 0 L2) in 2.2 ms (external_request_id=chatcmpl-aa31319c5f84371c-9691c130, prefetch_request_id=-1) [3m(storage_manager.py:726:lmcache.v1.distributed.storage_manager)[0m
[32;20m[2026-09-29 16:57:50,204] LMCache INFO:[0m Stored 3072 tokens in 0.002 seconds [3m(lmcache_driven_transfer.py:1276:lmcache.v1.multiprocess.modules.lmcache_driven_transfer)[0m
[32;20m[2026-09-29 16:57:50,374] LMCache INFO:[0m Stored 2560 tokens in 0.002 seconds [3m(lmcache_driven_transfer.py:1276:lmcache.v1.multiprocess.modules.lmcache_driven_transfer)[0m
[32;20m[2026-09-29 16:57:50,435] LMCache INFO:[0m Stored 512 tokens in 0.001 seconds [3m(lmcache_driven_transfer.py:1276:lmcache.v1.multiprocess.modules.lmcache_driven_transfer)[0m
INFO:     172.26.132.42:57951 - "GET /metrics HTTP/1.1" 200 OK
INFO:     172.26.132.42:61270 - "GET /metrics HTTP/1.1" 200 OK
INFO:     172.26.132.42:40424 - "GET /metrics HTTP/1.1" 200 OK
INFO:     172.26.132.42:10158 - "GET /metrics HTTP/1.1" 200 OK
INFO:     172.26.132.42:60280 - "GET /metrics HTTP/1.1" 200 OK
INFO:     172.26.132.42:23249 - "GET /metrics HTTP/1.1" 200 OK
INFO:     172.26.132.42:46108 - "GET /metrics HTTP/1.1" 200 OK
INFO:     172.26.132.42:23754 - "GET /metrics HTTP/1.1" 200 OK
INFO:     172.26.132.42:40641 - "GET /metrics HTTP/1.1" 200 OK
INFO:     172.26.132.42:62287 - "GET /metrics HTTP/1.1" 200 OK
INFO:     172.26.132.42:18645 - "GET /metrics HTTP/1.1" 200 OK
INFO:     172.26.132.42:27988 - "GET /metrics HTTP/1.1" 200 OK
INFO:     172.26.132.42:42465 - "GET /metrics HTTP/1.1" 200 OK
INFO:     172.26.132.42:4025 - "GET /metrics HTTP/1.1" 200 OK
[33;20m[2026-09-29 17:01:30,289] LMCache WARNING:[0m Session chatcmpl-5138c24b-7256-4be2-bc03-4d6a3822467c-b928b1d1 has no lookup ipc key, skipping touch [3m(lookup.py:534:lmcache.v1.multiprocess.modules.lookup)[0m
INFO:     172.26.132.42:52285 - "GET /metrics HTTP/1.1" 200 OK
[32;20m[2026-09-29 17:01:44,503] LMCache INFO:[0m Stored 512 tokens in 0.001 seconds [3m(lmcache_driven_transfer.py:1276:lmcache.v1.multiprocess.modules.lmcache_driven_transfer)[0m
[32;20m[2026-09-29 17:01:45,607] LMCache INFO:[0m Prefetch request completed (L1+L2): 2/20 retained keys (2 L1, 0 L2) in 1.8 ms (external_request_id=chatcmpl-800c1d6d-cf66-4712-bf76-a6bb05d40261-8e024d66, prefetch_request_id=-1) [3m(storage_manager.py:726:lmcache.v1.distributed.storage_manager)[0m
[32;20m[2026-09-29 17:01:45,644] LMCache INFO:[0m Stored 2560 tokens in 0.003 seconds [3m(lmcache_driven_transfer.py:1276:lmcache.v1.multiprocess.modules.lmcache_driven_transfer)[0m
[32;20m[2026-09-29 17:01:45,709] LMCache INFO:[0m Stored 2048 tokens in 0.002 seconds [3m(lmcache_driven_transfer.py:1276:lmcache.v1.multiprocess.modules.lmcache_driven_transfer)[0m
[32;20m[2026-09-29 17:01:46,316] LMCache INFO:[0m Stored 4608 tokens in 0.003 seconds [3m(lmcache_driven_transfer.py:1276:lmcache.v1.multiprocess.modules.lmcache_driven_transfer)[0m
INFO:     172.26.132.42:18440 - "GET /metrics HTTP/1.1" 200 OK
[32;20m[2026-09-29 17:01:49,496] LMCache INFO:[0m Stored 256 tokens in 0.001 seconds [3m(lmcache_driven_transfer.py:1276:lmcache.v1.multiprocess.modules.lmcache_driven_transfer)[0m
INFO:     172.26.132.42:42959 - "GET /metrics HTTP/1.1" 200 OK
INFO:     172.26.132.42:25257 - "GET /metrics HTTP/1.1" 200 OK
[32;20m[2026-09-29 17:02:28,116] LMCache INFO:[0m Prefetch request completed (L1+L2): 2/2 retained keys (2 L1, 0 L2) in 0.9 ms (external_request_id=chatcmpl-8d0ac850e3d0186f-948e6f96, prefetch_request_id=-1) [3m(storage_manager.py:726:lmcache.v1.distributed.storage_manager)[0m
[32;20m[2026-09-29 17:02:28,120] LMCache INFO:[0m Retrieved 512 tokens in 0.001 seconds [3m(lmcache_driven_transfer.py:1520:lmcache.v1.multiprocess.modules.lmcache_driven_transfer)[0m
[32;20m[2026-09-29 17:02:28,457] LMCache INFO:[0m Prefetch request completed (L1+L2): 2/2 retained keys (2 L1, 0 L2) in 0.9 ms (external_request_id=chatcmpl-85fe0831382e1df0-a835c909, prefetch_request_id=-1) [3m(storage_manager.py:726:lmcache.v1.distributed.storage_manager)[0m
[32;20m[2026-09-29 17:02:28,830] LMCache INFO:[0m Prefetch request completed (L1+L2): 2/2 retained keys (2 L1, 0 L2) in 1.0 ms (external_request_id=chatcmpl-bdf69b6555c7d8d6-b14c2f22, prefetch_request_id=-1) [3m(storage_manager.py:726:lmcache.v1.distributed.storage_manager)[0m
[32;20m[2026-09-29 17:02:29,251] LMCache INFO:[0m Prefetch request completed (L1+L2): 2/2 retained keys (2 L1, 0 L2) in 1.2 ms (external_request_id=chatcmpl-a0689d25d37aa183-baa0c2cc, prefetch_request_id=-1) [3m(storage_manager.py:726:lmcache.v1.distributed.storage_manager)[0m
[32;20m[2026-09-29 17:02:29,609] LMCache INFO:[0m Prefetch request completed (L1+L2): 2/2 retained keys (2 L1, 0 L2) in 0.9 ms (external_request_id=chatcmpl-83fbec22ee215234-869e98a5, prefetch_request_id=-1) [3m(storage_manager.py:726:lmcache.v1.distributed.storage_manager)[0m
[32;20m[2026-09-29 17:02:29,967] LMCache INFO:[0m Prefetch request completed (L1+L2): 2/2 retained keys (2 L1, 0 L2) in 1.1 ms (external_request_id=chatcmpl-9de3387b798837b8-bb789c2c, prefetch_request_id=-1) [3m(storage_manager.py:726:lmcache.v1.distributed.storage_manager)[0m
[32;20m[2026-09-29 17:02:30,308] LMCache INFO:[0m Prefetch request completed (L1+L2): 2/2 retained keys (2 L1, 0 L2) in 1.1 ms (external_request_id=chatcmpl-b1a64a97bb2fea95-813f91e0, prefetch_request_id=-1) [3m(storage_manager.py:726:lmcache.v1.distributed.storage_manager)[0m
[32;20m[2026-09-29 17:02:30,777] LMCache INFO:[0m Prefetch request completed (L1+L2): 2/2 retained keys (2 L1, 0 L2) in 1.8 ms (external_request_id=chatcmpl-b47f1fd988896029-8bd976b7, prefetch_request_id=-1) [3m(storage_manager.py:726:lmcache.v1.distributed.storage_manager)[0m
[32;20m[2026-09-29 17:02:31,103] LMCache INFO:[0m Prefetch request completed (L1+L2): 2/2 retained keys (2 L1, 0 L2) in 2.0 ms (external_request_id=chatcmpl-b4f5760bd4f9665f-a1928b3f, prefetch_request_id=-1) [3m(storage_manager.py:726:lmcache.v1.distributed.storage_manager)[0m
[32;20m[2026-09-29 17:02:31,443] LMCache INFO:[0m Prefetch request completed (L1+L2): 2/2 retained keys (2 L1, 0 L2) in 0.9 ms (external_request_id=chatcmpl-aeb49cce9b9122f4-9e5bbf55, prefetch_request_id=-1) [3m(storage_manager.py:726:lmcache.v1.distributed.storage_manager)[0m
[32;20m[2026-09-29 17:02:31,752] LMCache INFO:[0m Prefetch request completed (L1+L2): 2/2 retained keys (2 L1, 0 L2) in 0.7 ms (external_request_id=chatcmpl-b68cfb818b1d5309-b7d33d86, prefetch_request_id=-1) [3m(storage_manager.py:726:lmcache.v1.distributed.storage_manager)[0m
[32;20m[2026-09-29 17:02:32,645] LMCache INFO:[0m Prefetch request completed (L1+L2): 2/2 retained keys (2 L1, 0 L2) in 0.9 ms (external_request_id=chatcmpl-a68da5e17fe5ca2c-9d698e8d, prefetch_request_id=-1) [3m(storage_manager.py:726:lmcache.v1.distributed.storage_manager)[0m
INFO:     172.26.132.42:18264 - "GET /metrics HTTP/1.1" 200 OK
[32;20m[2026-09-29 17:02:33,539] LMCache INFO:[0m Prefetch request completed (L1+L2): 2/2 retained keys (2 L1, 0 L2) in 1.6 ms (external_request_id=chatcmpl-aeea818cf66aeba6-871e4b62, prefetch_request_id=-1) [3m(storage_manager.py:726:lmcache.v1.distributed.storage_manager)[0m
[32;20m[2026-09-29 17:02:34,432] LMCache INFO:[0m Prefetch request completed (L1+L2): 2/2 retained keys (2 L1, 0 L2) in 1.5 ms (external_request_id=chatcmpl-9e6034fb7a5c9b6d-96144652, prefetch_request_id=-1) [3m(storage_manager.py:726:lmcache.v1.distributed.storage_manager)[0m
[32;20m[2026-09-29 17:02:35,324] LMCache INFO:[0m Prefetch request completed (L1+L2): 2/2 retained keys (2 L1, 0 L2) in 1.0 ms (external_request_id=chatcmpl-b18dd236daf2cc22-8d347957, prefetch_request_id=-1) [3m(storage_manager.py:726:lmcache.v1.distributed.storage_manager)[0m
[32;20m[2026-09-29 17:02:36,216] LMCache INFO:[0m Prefetch request completed (L1+L2): 2/2 retained keys (2 L1, 0 L2) in 1.1 ms (external_request_id=chatcmpl-b6a5429cc264e538-85f83c61, prefetch_request_id=-1) [3m(storage_manager.py:726:lmcache.v1.distributed.storage_manager)[0m
[32;20m[2026-09-29 17:02:37,111] LMCache INFO:[0m Prefetch request completed (L1+L2): 2/2 retained keys (2 L1, 0 L2) in 1.2 ms (external_request_id=chatcmpl-b763f5f2bf704afd-a9f63396, prefetch_request_id=-1) [3m(storage_manager.py:726:lmcache.v1.distributed.storage_manager)[0m
[32;20m[2026-09-29 17:02:37,361] LMCache INFO:[0m Prefetch request completed (L1+L2): 2/3 retained keys (2 L1, 0 L2) in 0.8 ms (external_request_id=chatcmpl-bb0829686850cb16-96b5c187, prefetch_request_id=-1) [3m(storage_manager.py:726:lmcache.v1.distributed.storage_manager)[0m
[32;20m[2026-09-29 17:02:37,395] LMCache INFO:[0m Stored 256 tokens in 0.001 seconds [3m(lmcache_driven_transfer.py:1276:lmcache.v1.multiprocess.modules.lmcache_driven_transfer)[0m
[32;20m[2026-09-29 17:02:37,623] LMCache INFO:[0m Prefetch request completed (L1+L2): 2/3 retained keys (2 L1, 0 L2) in 1.3 ms (external_request_id=chatcmpl-9a1c3b9bac6a0447-ab0d9d2c, prefetch_request_id=-1) [3m(storage_manager.py:726:lmcache.v1.distributed.storage_manager)[0m
[32;20m[2026-09-29 17:02:37,656] LMCache INFO:[0m Stored 256 tokens in 0.001 seconds [3m(lmcache_driven_transfer.py:1276:lmcache.v1.multiprocess.modules.lmcache_driven_transfer)[0m
[32;20m[2026-09-29 17:02:37,887] LMCache INFO:[0m Prefetch request completed (L1+L2): 2/3 retained keys (2 L1, 0 L2) in 0.7 ms (external_request_id=chatcmpl-87542aa252500b1a-81fa71be, prefetch_request_id=-1) [3m(storage_manager.py:726:lmcache.v1.distributed.storage_manager)[0m
[32;20m[2026-09-29 17:02:37,920] LMCache INFO:[0m Stored 256 tokens in 0.001 seconds [3m(lmcache_driven_transfer.py:1276:lmcache.v1.multiprocess.modules.lmcache_driven_transfer)[0m
[32;20m[2026-09-29 17:02:38,192] LMCache INFO:[0m Stored 1280 tokens in 0.002 seconds [3m(lmcache_driven_transfer.py:1276:lmcache.v1.multiprocess.modules.lmcache_driven_transfer)[0m
[32;20m[2026-09-29 17:02:39,461] LMCache INFO:[0m Stored 256 tokens in 0.002 seconds [3m(lmcache_driven_transfer.py:1276:lmcache.v1.multiprocess.modules.lmcache_driven_transfer)[0m
[32;20m[2026-09-29 17:02:40,657] LMCache INFO:[0m Prefetch request completed (L1+L2): 5/5 retained keys (5 L1, 0 L2) in 0.8 ms (external_request_id=chatcmpl-8432e99ba834818a-8aba155f, prefetch_request_id=-1) [3m(storage_manager.py:726:lmcache.v1.distributed.storage_manager)[0m
[32;20m[2026-09-29 17:02:40,661] LMCache INFO:[0m Retrieved 1280 tokens in 0.001 seconds [3m(lmcache_driven_transfer.py:1520:lmcache.v1.multiprocess.modules.lmcache_driven_transfer)[0m
[32;20m[2026-09-29 17:02:41,870] LMCache INFO:[0m Stored 256 tokens in 0.001 seconds [3m(lmcache_driven_transfer.py:1276:lmcache.v1.multiprocess.modules.lmcache_driven_transfer)[0m
[32;20m[2026-09-29 17:02:42,578] LMCache INFO:[0m Prefetch request completed (L1+L2): 5/5 retained keys (5 L1, 0 L2) in 0.8 ms (external_request_id=chatcmpl-a5f11f96ea4d4c1d-9048b761, prefetch_request_id=-1) [3m(storage_manager.py:726:lmcache.v1.distributed.storage_manager)[0m
[32;20m[2026-09-29 17:02:43,832] LMCache INFO:[0m Stored 256 tokens in 0.001 seconds [3m(lmcache_driven_transfer.py:1276:lmcache.v1.multiprocess.modules.lmcache_driven_transfer)[0m
[32;20m[2026-09-29 17:02:44,643] LMCache INFO:[0m Prefetch request completed (L1+L2): 5/5 retained keys (5 L1, 0 L2) in 1.9 ms (external_request_id=chatcmpl-a8fdb17807fbbfae-917e572c, prefetch_request_id=-1) [3m(storage_manager.py:726:lmcache.v1.distributed.storage_manager)[0m
[32;20m[2026-09-29 17:02:45,930] LMCache INFO:[0m Stored 256 tokens in 0.001 seconds [3m(lmcache_driven_transfer.py:1276:lmcache.v1.multiprocess.modules.lmcache_driven_transfer)[0m
[32;20m[2026-09-29 17:02:46,099] LMCache INFO:[0m Prefetch request completed (L1+L2): 5/5 retained keys (5 L1, 0 L2) in 0.9 ms (external_request_id=chatcmpl-bb54399bb89752d1-a6ecd2ac, prefetch_request_id=-1) [3m(storage_manager.py:726:lmcache.v1.distributed.storage_manager)[0m
[32;20m[2026-09-29 17:02:47,286] LMCache INFO:[0m Stored 256 tokens in 0.001 seconds [3m(lmcache_driven_transfer.py:1276:lmcache.v1.multiprocess.modules.lmcache_driven_transfer)[0m
INFO:     172.26.132.42:27629 - "GET /metrics HTTP/1.1" 200 OK
[32;20m[2026-09-29 17:02:47,994] LMCache INFO:[0m Prefetch request completed (L1+L2): 5/5 retained keys (5 L1, 0 L2) in 1.3 ms (external_request_id=chatcmpl-91289c3572c96de0-9a9f5be5, prefetch_request_id=-1) [3m(storage_manager.py:726:lmcache.v1.distributed.storage_manager)[0m
[32;20m[2026-09-29 17:02:49,230] LMCache INFO:[0m Stored 256 tokens in 0.001 seconds [3m(lmcache_driven_transfer.py:1276:lmcache.v1.multiprocess.modules.lmcache_driven_transfer)[0m
[32;20m[2026-09-29 17:02:49,820] LMCache INFO:[0m Stored 1280 tokens in 0.002 seconds [3m(lmcache_driven_transfer.py:1276:lmcache.v1.multiprocess.modules.lmcache_driven_transfer)[0m
[32;20m[2026-09-29 17:02:50,351] LMCache INFO:[0m Prefetch request completed (L1+L2): 5/5 retained keys (5 L1, 0 L2) in 0.7 ms (external_request_id=chatcmpl-ba9cf462537b33d2-99f4b724, prefetch_request_id=-1) [3m(storage_manager.py:726:lmcache.v1.distributed.storage_manager)[0m
[32;20m[2026-09-29 17:02:50,810] LMCache INFO:[0m Prefetch request completed (L1+L2): 5/5 retained keys (5 L1, 0 L2) in 1.1 ms (external_request_id=chatcmpl-b8e07398aa69afa6-85267ad9, prefetch_request_id=-1) [3m(storage_manager.py:726:lmcache.v1.distributed.storage_manager)[0m
[32;20m[2026-09-29 17:02:51,184] LMCache INFO:[0m Prefetch request completed (L1+L2): 5/5 retained keys (5 L1, 0 L2) in 0.7 ms (external_request_id=chatcmpl-880a38a8e72ae6ec-8b78d785, prefetch_request_id=-1) [3m(storage_manager.py:726:lmcache.v1.distributed.storage_manager)[0m
[32;20m[2026-09-29 17:02:51,608] LMCache INFO:[0m Prefetch request completed (L1+L2): 5/5 retained keys (5 L1, 0 L2) in 0.9 ms (external_request_id=chatcmpl-ad314dadd55cd39a-93b46337, prefetch_request_id=-1) [3m(storage_manager.py:726:lmcache.v1.distributed.storage_manager)[0m
[32;20m[2026-09-29 17:02:52,050] LMCache INFO:[0m Prefetch request completed (L1+L2): 5/5 retained keys (5 L1, 0 L2) in 0.8 ms (external_request_id=chatcmpl-b775537cdc551d90-b58e2f9b, prefetch_request_id=-1) [3m(storage_manager.py:726:lmcache.v1.distributed.storage_manager)[0m
[32;20m[2026-09-29 17:02:52,458] LMCache INFO:[0m Prefetch request completed (L1+L2): 5/5 retained keys (5 L1, 0 L2) in 1.0 ms (external_request_id=chatcmpl-91c5972cb14ff0cc-ab013caf, prefetch_request_id=-1) [3m(storage_manager.py:726:lmcache.v1.distributed.storage_manager)[0m
[32;20m[2026-09-29 17:02:53,253] LMCache INFO:[0m Prefetch request completed (L1+L2): 5/5 retained keys (5 L1, 0 L2) in 1.0 ms (external_request_id=chatcmpl-91e17456db488ab4-8b49330c, prefetch_request_id=-1) [3m(storage_manager.py:726:lmcache.v1.distributed.storage_manager)[0m
[32;20m[2026-09-29 17:02:54,201] LMCache INFO:[0m Prefetch request completed (L1+L2): 5/5 retained keys (5 L1, 0 L2) in 0.8 ms (external_request_id=chatcmpl-a5b872fc1e7b2112-bbc800c9, prefetch_request_id=-1) [3m(storage_manager.py:726:lmcache.v1.distributed.storage_manager)[0m
[32;20m[2026-09-29 17:02:55,030] LMCache INFO:[0m Prefetch request completed (L1+L2): 5/5 retained keys (5 L1, 0 L2) in 0.7 ms (external_request_id=chatcmpl-a055892555dfebfe-84f5d7e6, prefetch_request_id=-1) [3m(storage_manager.py:726:lmcache.v1.distributed.storage_manager)[0m
[32;20m[2026-09-29 17:02:55,809] LMCache INFO:[0m Prefetch request completed (L1+L2): 5/6 retained keys (5 L1, 0 L2) in 1.1 ms (external_request_id=chatcmpl-876746466fb5fdfa-8a117699, prefetch_request_id=-1) [3m(storage_manager.py:726:lmcache.v1.distributed.storage_manager)[0m
[32;20m[2026-09-29 17:02:55,846] LMCache INFO:[0m Stored 256 tokens in 0.001 seconds [3m(lmcache_driven_transfer.py:1276:lmcache.v1.multiprocess.modules.lmcache_driven_transfer)[0m
[32;20m[2026-09-29 17:02:57,522] LMCache INFO:[0m Prefetch request completed (L1+L2): 5/6 retained keys (5 L1, 0 L2) in 0.8 ms (external_request_id=chatcmpl-a0edd8f826f0ab2a-97706c7e, prefetch_request_id=-1) [3m(storage_manager.py:726:lmcache.v1.distributed.storage_manager)[0m
[32;20m[2026-09-29 17:02:57,557] LMCache INFO:[0m Stored 256 tokens in 0.001 seconds [3m(lmcache_driven_transfer.py:1276:lmcache.v1.multiprocess.modules.lmcache_driven_transfer)[0m
[32;20m[2026-09-29 17:02:59,369] LMCache INFO:[0m Prefetch request completed (L1+L2): 5/6 retained keys (5 L1, 0 L2) in 0.8 ms (external_request_id=chatcmpl-8fc5020ffee000a6-b81d4ff9, prefetch_request_id=-1) [3m(storage_manager.py:726:lmcache.v1.distributed.storage_manager)[0m
[32;20m[2026-09-29 17:02:59,405] LMCache INFO:[0m Stored 256 tokens in 0.001 seconds [3m(lmcache_driven_transfer.py:1276:lmcache.v1.multiprocess.modules.lmcache_driven_transfer)[0m
[32;20m[2026-09-29 17:03:00,237] LMCache INFO:[0m Prefetch request completed (L1+L2): 5/5 retained keys (5 L1, 0 L2) in 0.9 ms (external_request_id=chatcmpl-941848347ef37591-93860e76, prefetch_request_id=-1) [3m(storage_manager.py:726:lmcache.v1.distributed.storage_manager)[0m
[32;20m[2026-09-29 17:03:00,515] LMCache INFO:[0m Stored 256 tokens in 0.001 seconds [3m(lmcache_driven_transfer.py:1276:lmcache.v1.multiprocess.modules.lmcache_driven_transfer)[0m
INFO:     172.26.132.42:3715 - "GET /metrics HTTP/1.1" 200 OK
[32;20m[2026-09-29 17:03:03,041] LMCache INFO:[0m Stored 2560 tokens in 0.007 seconds [3m(lmcache_driven_transfer.py:1276:lmcache.v1.multiprocess.modules.lmcache_driven_transfer)[0m
[32;20m[2026-09-29 17:03:03,266] LMCache INFO:[0m Stored 3072 tokens in 0.002 seconds [3m(lmcache_driven_transfer.py:1276:lmcache.v1.multiprocess.modules.lmcache_driven_transfer)[0m
[32;20m[2026-09-29 17:03:03,269] LMCache INFO:[0m Stored 2816 tokens in 0.002 seconds [3m(lmcache_driven_transfer.py:1276:lmcache.v1.multiprocess.modules.lmcache_driven_transfer)[0m
[32;20m[2026-09-29 17:03:03,271] LMCache INFO:[0m Stored 2816 tokens in 0.002 seconds [3m(lmcache_driven_transfer.py:1276:lmcache.v1.multiprocess.modules.lmcache_driven_transfer)[0m
[32;20m[2026-09-29 17:03:03,273] LMCache INFO:[0m Stored 2560 tokens in 0.002 seconds [3m(lmcache_driven_transfer.py:1276:lmcache.v1.multiprocess.modules.lmcache_driven_transfer)[0m
[32;20m[2026-09-29 17:03:03,275] LMCache INFO:[0m Stored 2560 tokens in 0.002 seconds [3m(lmcache_driven_transfer.py:1276:lmcache.v1.multiprocess.modules.lmcache_driven_transfer)[0m
[32;20m[2026-09-29 17:03:03,277] LMCache INFO:[0m Stored 1792 tokens in 0.002 seconds [3m(lmcache_driven_transfer.py:1276:lmcache.v1.multiprocess.modules.lmcache_driven_transfer)[0m
[32;20m[2026-09-29 17:03:04,096] LMCache INFO:[0m Stored 3072 tokens in 0.002 seconds [3m(lmcache_driven_transfer.py:1276:lmcache.v1.multiprocess.modules.lmcache_driven_transfer)[0m
[32;20m[2026-09-29 17:03:04,097] LMCache INFO:[0m Stored 1024 tokens in 0.001 seconds [3m(lmcache_driven_transfer.py:1276:lmcache.v1.multiprocess.modules.lmcache_driven_transfer)[0m
[32;20m[2026-09-29 17:03:04,834] LMCache INFO:[0m Stored 256 tokens in 0.001 seconds [3m(lmcache_driven_transfer.py:1276:lmcache.v1.multiprocess.modules.lmcache_driven_transfer)[0m
[32;20m[2026-09-29 17:03:04,961] LMCache INFO:[0m Stored 256 tokens in 0.001 seconds [3m(lmcache_driven_transfer.py:1276:lmcache.v1.multiprocess.modules.lmcache_driven_transfer)[0m
[32;20m[2026-09-29 17:03:05,208] LMCache INFO:[0m Stored 2816 tokens in 0.002 seconds [3m(lmcache_driven_transfer.py:1276:lmcache.v1.multiprocess.modules.lmcache_driven_transfer)[0m
[32;20m[2026-09-29 17:03:05,600] LMCache INFO:[0m Stored 3072 tokens in 0.003 seconds [3m(lmcache_driven_transfer.py:1276:lmcache.v1.multiprocess.modules.lmcache_driven_transfer)[0m
[32;20m[2026-09-29 17:03:05,907] LMCache INFO:[0m Stored 2816 tokens in 0.002 seconds [3m(lmcache_driven_transfer.py:1276:lmcache.v1.multiprocess.modules.lmcache_driven_transfer)[0m
[32;20m[2026-09-29 17:03:06,223] LMCache INFO:[0m Stored 2816 tokens in 0.003 seconds [3m(lmcache_driven_transfer.py:1276:lmcache.v1.multiprocess.modules.lmcache_driven_transfer)[0m
[32;20m[2026-09-29 17:03:06,372] LMCache INFO:[0m Stored 3328 tokens in 0.002 seconds [3m(lmcache_driven_transfer.py:1276:lmcache.v1.multiprocess.modules.lmcache_driven_transfer)[0m
[32;20m[2026-09-29 17:03:06,788] LMCache INFO:[0m Stored 2816 tokens in 0.003 seconds [3m(lmcache_driven_transfer.py:1276:lmcache.v1.multiprocess.modules.lmcache_driven_transfer)[0m
[32;20m[2026-09-29 17:03:07,033] LMCache INFO:[0m Stored 3072 tokens in 0.003 seconds [3m(lmcache_driven_transfer.py:1276:lmcache.v1.multiprocess.modules.lmcache_driven_transfer)[0m
[32;20m[2026-09-29 17:03:07,306] LMCache INFO:[0m Stored 2816 tokens in 0.002 seconds [3m(lmcache_driven_transfer.py:1276:lmcache.v1.multiprocess.modules.lmcache_driven_transfer)[0m
[32;20m[2026-09-29 17:03:07,308] LMCache INFO:[0m Stored 2816 tokens in 0.002 seconds [3m(lmcache_driven_transfer.py:1276:lmcache.v1.multiprocess.modules.lmcache_driven_transfer)[0m
[32;20m[2026-09-29 17:03:07,979] LMCache INFO:[0m Stored 2816 tokens in 0.003 seconds [3m(lmcache_driven_transfer.py:1276:lmcache.v1.multiprocess.modules.lmcache_driven_transfer)[0m
[32;20m[2026-09-29 17:03:08,126] LMCache INFO:[0m Stored 2816 tokens in 0.003 seconds [3m(lmcache_driven_transfer.py:1276:lmcache.v1.multiprocess.modules.lmcache_driven_transfer)[0m
[32;20m[2026-09-29 17:03:08,444] LMCache INFO:[0m Stored 256 tokens in 0.001 seconds [3m(lmcache_driven_transfer.py:1276:lmcache.v1.multiprocess.modules.lmcache_driven_transfer)[0m
[32;20m[2026-09-29 17:03:08,501] LMCache INFO:[0m Stored 2560 tokens in 0.002 seconds [3m(lmcache_driven_transfer.py:1276:lmcache.v1.multiprocess.modules.lmcache_driven_transfer)[0m
[32;20m[2026-09-29 17:03:08,756] LMCache INFO:[0m Stored 2560 tokens in 0.002 seconds [3m(lmcache_driven_transfer.py:1276:lmcache.v1.multiprocess.modules.lmcache_driven_transfer)[0m
[32;20m[2026-09-29 17:03:09,076] LMCache INFO:[0m Stored 2816 tokens in 0.001 seconds [3m(lmcache_driven_transfer.py:1276:lmcache.v1.multiprocess.modules.lmcache_driven_transfer)[0m
[32;20m[2026-09-29 17:03:09,520] LMCache INFO:[0m Stored 2560 tokens in 0.001 seconds [3m(lmcache_driven_transfer.py:1276:lmcache.v1.multiprocess.modules.lmcache_driven_transfer)[0m
[32;20m[2026-09-29 17:03:09,885] LMCache INFO:[0m Stored 2560 tokens in 0.001 seconds [3m(lmcache_driven_transfer.py:1276:lmcache.v1.multiprocess.modules.lmcache_driven_transfer)[0m
[32;20m[2026-09-29 17:03:10,242] LMCache INFO:[0m Stored 256 tokens in 0.001 seconds [3m(lmcache_driven_transfer.py:1276:lmcache.v1.multiprocess.modules.lmcache_driven_transfer)[0m
[32;20m[2026-09-29 17:03:10,455] LMCache INFO:[0m Stored 2560 tokens in 0.002 seconds [3m(lmcache_driven_transfer.py:1276:lmcache.v1.multiprocess.modules.lmcache_driven_transfer)[0m
[32;20m[2026-09-29 17:03:10,585] LMCache INFO:[0m Stored 3328 tokens in 0.001 seconds [3m(lmcache_driven_transfer.py:1276:lmcache.v1.multiprocess.modules.lmcache_driven_transfer)[0m
[32;20m[2026-09-29 17:03:11,008] LMCache INFO:[0m Stored 2816 tokens in 0.002 seconds [3m(lmcache_driven_transfer.py:1276:lmcache.v1.multiprocess.modules.lmcache_driven_transfer)[0m
[32;20m[2026-09-29 17:03:11,788] LMCache INFO:[0m Stored 3328 tokens in 0.002 seconds [3m(lmcache_driven_transfer.py:1276:lmcache.v1.multiprocess.modules.lmcache_driven_transfer)[0m
[32;20m[2026-09-29 17:03:12,206] LMCache INFO:[0m Stored 2816 tokens in 0.001 seconds [3m(lmcache_driven_transfer.py:1276:lmcache.v1.multiprocess.modules.lmcache_driven_transfer)[0m
[32;20m[2026-09-29 17:03:12,207] LMCache INFO:[0m Stored 256 tokens in 0.001 seconds [3m(lmcache_driven_transfer.py:1276:lmcache.v1.multiprocess.modules.lmcache_driven_transfer)[0m
[32;20m[2026-09-29 17:03:12,507] LMCache INFO:[0m Prefetch request completed (L1+L2): 11/11 retained keys (11 L1, 0 L2) in 768.7 ms (external_request_id=chatcmpl-8ce9df4045d30873-a27c977b, prefetch_request_id=-1) [3m(storage_manager.py:726:lmcache.v1.distributed.storage_manager)[0m
[32;20m[2026-09-29 17:03:12,507] LMCache INFO:[0m Prefetch request completed (L1+L2): 10/10 retained keys (10 L1, 0 L2) in 768.6 ms (external_request_id=chatcmpl-ac58091cd4124bc3-a3863b6d, prefetch_request_id=-1) [3m(storage_manager.py:726:lmcache.v1.distributed.storage_manager)[0m
[32;20m[2026-09-29 17:03:12,507] LMCache INFO:[0m Prefetch request completed (L1+L2): 10/13 retained keys (10 L1, 0 L2) in 768.4 ms (external_request_id=chatcmpl-bdde929de4137d66-b0651768, prefetch_request_id=-1) [3m(storage_manager.py:726:lmcache.v1.distributed.storage_manager)[0m
[32;20m[2026-09-29 17:03:12,508] LMCache INFO:[0m Prefetch request completed (L1+L2): 10/12 retained keys (10 L1, 0 L2) in 768.2 ms (external_request_id=chatcmpl-8b5b773f0ecf0a7b-92e8cdac, prefetch_request_id=-1) [3m(storage_manager.py:726:lmcache.v1.distributed.storage_manager)[0m
[32;20m[2026-09-29 17:03:12,508] LMCache INFO:[0m Prefetch request completed (L1+L2): 9/11 retained keys (9 L1, 0 L2) in 767.9 ms (external_request_id=chatcmpl-9f44f638470e4379-b9d6a7c7, prefetch_request_id=-1) [3m(storage_manager.py:726:lmcache.v1.distributed.storage_manager)[0m
[32;20m[2026-09-29 17:03:12,508] LMCache INFO:[0m Prefetch request completed (L1+L2): 9/11 retained keys (9 L1, 0 L2) in 767.7 ms (external_request_id=chatcmpl-9f0958cd7a7df88b-a795236f, prefetch_request_id=-1) [3m(storage_manager.py:726:lmcache.v1.distributed.storage_manager)[0m
[32;20m[2026-09-29 17:03:12,508] LMCache INFO:[0m Prefetch request completed (L1+L2): 9/9 retained keys (9 L1, 0 L2) in 767.5 ms (external_request_id=chatcmpl-baa12f8b922a181b-8ba1e88b, prefetch_request_id=-1) [3m(storage_manager.py:726:lmcache.v1.distributed.storage_manager)[0m
[32;20m[2026-09-29 17:03:12,508] LMCache INFO:[0m Prefetch request completed (L1+L2): 10/11 retained keys (10 L1, 0 L2) in 767.3 ms (external_request_id=chatcmpl-b424ada884a83981-b69dbb4a, prefetch_request_id=-1) [3m(storage_manager.py:726:lmcache.v1.distributed.storage_manager)[0m
[32;20m[2026-09-29 17:03:12,508] LMCache INFO:[0m Prefetch request completed (L1+L2): 9/11 retained keys (9 L1, 0 L2) in 767.1 ms (external_request_id=chatcmpl-8ecf51352ddc8154-8f75b8a4, prefetch_request_id=-1) [3m(storage_manager.py:726:lmcache.v1.distributed.storage_manager)[0m
[32;20m[2026-09-29 17:03:12,509] LMCache INFO:[0m Prefetch request completed (L1+L2): 9/10 retained keys (9 L1, 0 L2) in 766.9 ms (external_request_id=chatcmpl-9645715a18f0d996-bb60cf70, prefetch_request_id=-1) [3m(storage_manager.py:726:lmcache.v1.distributed.storage_manager)[0m
[32;20m[2026-09-29 17:03:12,509] LMCache INFO:[0m Prefetch request completed (L1+L2): 9/10 retained keys (9 L1, 0 L2) in 765.4 ms (external_request_id=chatcmpl-94d51a38f24d90bc-991ac685, prefetch_request_id=-1) [3m(storage_manager.py:726:lmcache.v1.distributed.storage_manager)[0m
[32;20m[2026-09-29 17:03:12,509] LMCache INFO:[0m Prefetch request completed (L1+L2): 9/11 retained keys (9 L1, 0 L2) in 765.5 ms (external_request_id=chatcmpl-81bd758911df4f5f-b41437e8, prefetch_request_id=-1) [3m(storage_manager.py:726:lmcache.v1.distributed.storage_manager)[0m
[32;20m[2026-09-29 17:03:12,509] LMCache INFO:[0m Prefetch request completed (L1+L2): 9/10 retained keys (9 L1, 0 L2) in 765.5 ms (external_request_id=chatcmpl-bd9d17f8b0119366-b1648bb4, prefetch_request_id=-1) [3m(storage_manager.py:726:lmcache.v1.distributed.storage_manager)[0m
[32;20m[2026-09-29 17:03:12,509] LMCache INFO:[0m Prefetch request completed (L1+L2): 10/13 retained keys (10 L1, 0 L2) in 765.5 ms (external_request_id=chatcmpl-b815beae5dc8b558-aed6ec28, prefetch_request_id=-1) [3m(storage_manager.py:726:lmcache.v1.distributed.storage_manager)[0m
[32;20m[2026-09-29 17:03:12,509] LMCache INFO:[0m Prefetch request completed (L1+L2): 9/11 retained keys (9 L1, 0 L2) in 765.4 ms (external_request_id=chatcmpl-a89a64117018c48b-89608791, prefetch_request_id=-1) [3m(storage_manager.py:726:lmcache.v1.distributed.storage_manager)[0m
[32;20m[2026-09-29 17:03:12,510] LMCache INFO:[0m Prefetch request completed (L1+L2): 12/12 retained keys (12 L1, 0 L2) in 765.4 ms (external_request_id=chatcmpl-a37df6226bbdbd4a-9bbf7db8, prefetch_request_id=-1) [3m(storage_manager.py:726:lmcache.v1.distributed.storage_manager)[0m
[32;20m[2026-09-29 17:03:12,510] LMCache INFO:[0m Prefetch request completed (L1+L2): 9/9 retained keys (9 L1, 0 L2) in 765.4 ms (external_request_id=chatcmpl-9705e1bdeddef428-8a56774d, prefetch_request_id=-1) [3m(storage_manager.py:726:lmcache.v1.distributed.storage_manager)[0m
[32;20m[2026-09-29 17:03:12,510] LMCache INFO:[0m Prefetch request completed (L1+L2): 10/12 retained keys (10 L1, 0 L2) in 765.3 ms (external_request_id=chatcmpl-982d3e8605512d34-a4824ba0, prefetch_request_id=-1) [3m(storage_manager.py:726:lmcache.v1.distributed.storage_manager)[0m
[32;20m[2026-09-29 17:03:12,510] LMCache INFO:[0m Prefetch request completed (L1+L2): 12/13 retained keys (12 L1, 0 L2) in 765.2 ms (external_request_id=chatcmpl-b9c1779844e45634-808dd4ec, prefetch_request_id=-1) [3m(storage_manager.py:726:lmcache.v1.distributed.storage_manager)[0m
[32;20m[2026-09-29 17:03:12,510] LMCache INFO:[0m Prefetch request completed (L1+L2): 10/12 retained keys (10 L1, 0 L2) in 765.0 ms (external_request_id=chatcmpl-85797f602f375245-a23dabff, prefetch_request_id=-1) [3m(storage_manager.py:726:lmcache.v1.distributed.storage_manager)[0m
[32;20m[2026-09-29 17:03:12,510] LMCache INFO:[0m Prefetch request completed (L1+L2): 11/12 retained keys (11 L1, 0 L2) in 764.8 ms (external_request_id=chatcmpl-9282a3d67a346dbb-afa1e158, prefetch_request_id=-1) [3m(storage_manager.py:726:lmcache.v1.distributed.storage_manager)[0m
[32;20m[2026-09-29 17:03:12,511] LMCache INFO:[0m Prefetch request completed (L1+L2): 10/11 retained keys (10 L1, 0 L2) in 764.4 ms (external_request_id=chatcmpl-af41935cdf66b7d8-a889c414, prefetch_request_id=-1) [3m(storage_manager.py:726:lmcache.v1.distributed.storage_manager)[0m
[32;20m[2026-09-29 17:03:12,559] LMCache INFO:[0m Retrieved 2816 tokens in 0.003 seconds [3m(lmcache_driven_transfer.py:1520:lmcache.v1.multiprocess.modules.lmcache_driven_transfer)[0m
[32;20m[2026-09-29 17:03:12,561] LMCache INFO:[0m Retrieved 2560 tokens in 0.001 seconds [3m(lmcache_driven_transfer.py:1520:lmcache.v1.multiprocess.modules.lmcache_driven_transfer)[0m
[32;20m[2026-09-29 17:03:12,562] LMCache INFO:[0m Retrieved 2560 tokens in 0.001 seconds [3m(lmcache_driven_transfer.py:1520:lmcache.v1.multiprocess.modules.lmcache_driven_transfer)[0m
[32;20m[2026-09-29 17:03:12,564] LMCache INFO:[0m Retrieved 2560 tokens in 0.001 seconds [3m(lmcache_driven_transfer.py:1520:lmcache.v1.multiprocess.modules.lmcache_driven_transfer)[0m
[32;20m[2026-09-29 17:03:12,565] LMCache INFO:[0m Retrieved 2304 tokens in 0.001 seconds [3m(lmcache_driven_transfer.py:1520:lmcache.v1.multiprocess.modules.lmcache_driven_transfer)[0m
[32;20m[2026-09-29 17:03:12,566] LMCache INFO:[0m Retrieved 2304 tokens in 0.001 seconds [3m(lmcache_driven_transfer.py:1520:lmcache.v1.multiprocess.modules.lmcache_driven_transfer)[0m
[32;20m[2026-09-29 17:03:12,621] LMCache INFO:[0m Stored 256 tokens in 0.001 seconds [3m(lmcache_driven_transfer.py:1276:lmcache.v1.multiprocess.modules.lmcache_driven_transfer)[0m
[32;20m[2026-09-29 17:03:13,016] LMCache INFO:[0m Stored 768 tokens in 0.002 seconds [3m(lmcache_driven_transfer.py:1276:lmcache.v1.multiprocess.modules.lmcache_driven_transfer)[0m
[32;20m[2026-09-29 17:03:13,116] LMCache INFO:[0m Stored 512 tokens in 0.001 seconds [3m(lmcache_driven_transfer.py:1276:lmcache.v1.multiprocess.modules.lmcache_driven_transfer)[0m
[32;20m[2026-09-29 17:03:13,153] LMCache INFO:[0m Stored 512 tokens in 0.001 seconds [3m(lmcache_driven_transfer.py:1276:lmcache.v1.multiprocess.modules.lmcache_driven_transfer)[0m
[32;20m[2026-09-29 17:03:13,377] LMCache INFO:[0m Stored 512 tokens in 0.004 seconds [3m(lmcache_driven_transfer.py:1276:lmcache.v1.multiprocess.modules.lmcache_driven_transfer)[0m
[32;20m[2026-09-29 17:03:13,407] LMCache INFO:[0m Stored 512 tokens in 0.001 seconds [3m(lmcache_driven_transfer.py:1276:lmcache.v1.multiprocess.modules.lmcache_driven_transfer)[0m
[32;20m[2026-09-29 17:03:13,601] LMCache INFO:[0m Stored 256 tokens in 0.001 seconds [3m(lmcache_driven_transfer.py:1276:lmcache.v1.multiprocess.modules.lmcache_driven_transfer)[0m
[32;20m[2026-09-29 17:03:13,676] LMCache INFO:[0m Stored 256 tokens in 0.002 seconds [3m(lmcache_driven_transfer.py:1276:lmcache.v1.multiprocess.modules.lmcache_driven_transfer)[0m
[32;20m[2026-09-29 17:03:13,708] LMCache INFO:[0m Stored 512 tokens in 0.001 seconds [3m(lmcache_driven_transfer.py:1276:lmcache.v1.multiprocess.modules.lmcache_driven_transfer)[0m
[32;20m[2026-09-29 17:03:13,780] LMCache INFO:[0m Stored 256 tokens in 0.001 seconds [3m(lmcache_driven_transfer.py:1276:lmcache.v1.multiprocess.modules.lmcache_driven_transfer)[0m
[32;20m[2026-09-29 17:03:13,948] LMCache INFO:[0m Stored 256 tokens in 0.001 seconds [3m(lmcache_driven_transfer.py:1276:lmcache.v1.multiprocess.modules.lmcache_driven_transfer)[0m
[32;20m[2026-09-29 17:03:14,061] LMCache INFO:[0m Stored 768 tokens in 0.001 seconds [3m(lmcache_driven_transfer.py:1276:lmcache.v1.multiprocess.modules.lmcache_driven_transfer)[0m
[32;20m[2026-09-29 17:03:14,062] LMCache INFO:[0m Stored 256 tokens in 0.001 seconds [3m(lmcache_driven_transfer.py:1276:lmcache.v1.multiprocess.modules.lmcache_driven_transfer)[0m
[32;20m[2026-09-29 17:03:14,331] LMCache INFO:[0m Stored 512 tokens in 0.002 seconds [3m(lmcache_driven_transfer.py:1276:lmcache.v1.multiprocess.modules.lmcache_driven_transfer)[0m
[32;20m[2026-09-29 17:03:14,454] LMCache INFO:[0m Stored 512 tokens in 0.001 seconds [3m(lmcache_driven_transfer.py:1276:lmcache.v1.multiprocess.modules.lmcache_driven_transfer)[0m
[32;20m[2026-09-29 17:03:14,455] LMCache INFO:[0m Stored 256 tokens in 0.001 seconds [3m(lmcache_driven_transfer.py:1276:lmcache.v1.multiprocess.modules.lmcache_driven_transfer)[0m
[32;20m[2026-09-29 17:03:14,581] LMCache INFO:[0m Stored 256 tokens in 0.001 seconds [3m(lmcache_driven_transfer.py:1276:lmcache.v1.multiprocess.modules.lmcache_driven_transfer)[0m
[32;20m[2026-09-29 17:03:14,648] LMCache INFO:[0m Stored 512 tokens in 0.001 seconds [3m(lmcache_driven_transfer.py:1276:lmcache.v1.multiprocess.modules.lmcache_driven_transfer)[0m
[32;20m[2026-09-29 17:03:14,859] LMCache INFO:[0m Stored 256 tokens in 0.001 seconds [3m(lmcache_driven_transfer.py:1276:lmcache.v1.multiprocess.modules.lmcache_driven_transfer)[0m
[32;20m[2026-09-29 17:03:14,965] LMCache INFO:[0m Stored 256 tokens in 0.001 seconds [3m(lmcache_driven_transfer.py:1276:lmcache.v1.multiprocess.modules.lmcache_driven_transfer)[0m
[32;20m[2026-09-29 17:03:15,062] LMCache INFO:[0m Prefetch request completed (L1+L2): 10/12 retained keys (10 L1, 0 L2) in 2550.7 ms (external_request_id=chatcmpl-90034f9aed5a006f-9eb35b2e, prefetch_request_id=-1) [3m(storage_manager.py:726:lmcache.v1.distributed.storage_manager)[0m
[32;20m[2026-09-29 17:03:15,062] LMCache INFO:[0m Prefetch request completed (L1+L2): 10/11 retained keys (10 L1, 0 L2) in 2550.7 ms (external_request_id=chatcmpl-84704c920bc6d54a-a60b9427, prefetch_request_id=-1) [3m(storage_manager.py:726:lmcache.v1.distributed.storage_manager)[0m
[32;20m[2026-09-29 17:03:15,110] LMCache INFO:[0m Stored 512 tokens in 0.001 seconds [3m(lmcache_driven_transfer.py:1276:lmcache.v1.multiprocess.modules.lmcache_driven_transfer)[0m
[32;20m[2026-09-29 17:03:15,165] LMCache INFO:[0m Stored 256 tokens in 0.001 seconds [3m(lmcache_driven_transfer.py:1276:lmcache.v1.multiprocess.modules.lmcache_driven_transfer)[0m
[32;20m[2026-09-29 17:03:15,337] LMCache INFO:[0m Stored 256 tokens in 0.001 seconds [3m(lmcache_driven_transfer.py:1276:lmcache.v1.multiprocess.modules.lmcache_driven_transfer)[0m
[32;20m[2026-09-29 17:03:15,435] LMCache INFO:[0m Prefetch request completed (L1+L2): 9/10 retained keys (9 L1, 0 L2) in 372.9 ms (external_request_id=chatcmpl-a5815fedaafe17f4-95622945, prefetch_request_id=-1) [3m(storage_manager.py:726:lmcache.v1.distributed.storage_manager)[0m
[32;20m[2026-09-29 17:03:15,436] LMCache INFO:[0m Prefetch request completed (L1+L2): 9/10 retained keys (9 L1, 0 L2) in 372.5 ms (external_request_id=chatcmpl-ae80fa49daa7423c-b174105f, prefetch_request_id=-1) [3m(storage_manager.py:726:lmcache.v1.distributed.storage_manager)[0m
[32;20m[2026-09-29 17:03:15,436] LMCache INFO:[0m Prefetch request completed (L1+L2): 9/10 retained keys (9 L1, 0 L2) in 372.7 ms (external_request_id=chatcmpl-8a4cba36babfa762-a7d04a55, prefetch_request_id=-1) [3m(storage_manager.py:726:lmcache.v1.distributed.storage_manager)[0m
[32;20m[2026-09-29 17:03:15,436] LMCache INFO:[0m Prefetch request completed (L1+L2): 10/11 retained keys (10 L1, 0 L2) in 372.3 ms (external_request_id=chatcmpl-89bf28c46a05e410-9eec52a5, prefetch_request_id=-1) [3m(storage_manager.py:726:lmcache.v1.distributed.storage_manager)[0m
[32;20m[2026-09-29 17:03:15,436] LMCache INFO:[0m Prefetch request completed (L1+L2): 9/9 retained keys (9 L1, 0 L2) in 371.9 ms (external_request_id=chatcmpl-9a82f98c9d2fce3f-b5f4e124, prefetch_request_id=-1) [3m(storage_manager.py:726:lmcache.v1.distributed.storage_manager)[0m
[32;20m[2026-09-29 17:03:15,436] LMCache INFO:[0m Prefetch request completed (L1+L2): 9/11 retained keys (9 L1, 0 L2) in 371.8 ms (external_request_id=chatcmpl-aebd6bf2ae0f4f33-94811737, prefetch_request_id=-1) [3m(storage_manager.py:726:lmcache.v1.distributed.storage_manager)[0m
[32;20m[2026-09-29 17:03:15,437] LMCache INFO:[0m Prefetch request completed (L1+L2): 9/12 retained keys (9 L1, 0 L2) in 371.6 ms (external_request_id=chatcmpl-84962af24e372149-882ae771, prefetch_request_id=-1) [3m(storage_manager.py:726:lmcache.v1.distributed.storage_manager)[0m
[32;20m[2026-09-29 17:03:15,437] LMCache INFO:[0m Prefetch request completed (L1+L2): 9/10 retained keys (9 L1, 0 L2) in 371.5 ms (external_request_id=chatcmpl-990ca9c7cce61af5-b0775763, prefetch_request_id=-1) [3m(storage_manager.py:726:lmcache.v1.distributed.storage_manager)[0m
[32;20m[2026-09-29 17:03:15,437] LMCache INFO:[0m Prefetch request completed (L1+L2): 9/12 retained keys (9 L1, 0 L2) in 371.3 ms (external_request_id=chatcmpl-ab2bfb6acaa1cbc5-88f9ac38, prefetch_request_id=-1) [3m(storage_manager.py:726:lmcache.v1.distributed.storage_manager)[0m
[32;20m[2026-09-29 17:03:15,437] LMCache INFO:[0m Prefetch request completed (L1+L2): 10/11 retained keys (10 L1, 0 L2) in 371.0 ms (external_request_id=chatcmpl-821fff1b74b6bc46-bff3ff48, prefetch_request_id=-1) [3m(storage_manager.py:726:lmcache.v1.distributed.storage_manager)[0m
[32;20m[2026-09-29 17:03:15,437] LMCache INFO:[0m Prefetch request completed (L1+L2): 9/10 retained keys (9 L1, 0 L2) in 370.9 ms (external_request_id=chatcmpl-885cff90b2aeefe6-866504e0, prefetch_request_id=-1) [3m(storage_manager.py:726:lmcache.v1.distributed.storage_manager)[0m
[32;20m[2026-09-29 17:03:15,438] LMCache INFO:[0m Prefetch request completed (L1+L2): 12/13 retained keys (12 L1, 0 L2) in 370.6 ms (external_request_id=chatcmpl-a6560509b87e5731-ad9988cb, prefetch_request_id=-1) [3m(storage_manager.py:726:lmcache.v1.distributed.storage_manager)[0m
[32;20m[2026-09-29 17:03:15,438] LMCache INFO:[0m Prefetch request completed (L1+L2): 9/10 retained keys (9 L1, 0 L2) in 370.4 ms (external_request_id=chatcmpl-b6fe9b67718fc76c-a58d04f0, prefetch_request_id=-1) [3m(storage_manager.py:726:lmcache.v1.distributed.storage_manager)[0m
[32;20m[2026-09-29 17:03:15,438] LMCache INFO:[0m Prefetch request completed (L1+L2): 10/12 retained keys (10 L1, 0 L2) in 370.2 ms (external_request_id=chatcmpl-895257fff570365b-8f2e2b65, prefetch_request_id=-1) [3m(storage_manager.py:726:lmcache.v1.distributed.storage_manager)[0m
[32;20m[2026-09-29 17:03:15,438] LMCache INFO:[0m Prefetch request completed (L1+L2): 12/14 retained keys (12 L1, 0 L2) in 369.7 ms (external_request_id=chatcmpl-82abd9c9864b152a-a49c98df, prefetch_request_id=-1) [3m(storage_manager.py:726:lmcache.v1.distributed.storage_manager)[0m
[32;20m[2026-09-29 17:03:15,438] LMCache INFO:[0m Prefetch request completed (L1+L2): 10/11 retained keys (10 L1, 0 L2) in 369.6 ms (external_request_id=chatcmpl-8d0772fd0cdfbdb0-84efbea3, prefetch_request_id=-1) [3m(storage_manager.py:726:lmcache.v1.distributed.storage_manager)[0m
[32;20m[2026-09-29 17:03:15,439] LMCache INFO:[0m Prefetch request completed (L1+L2): 11/11 retained keys (11 L1, 0 L2) in 369.6 ms (external_request_id=chatcmpl-a552691c666cda55-8d06af8b, prefetch_request_id=-1) [3m(storage_manager.py:726:lmcache.v1.distributed.storage_manager)[0m
[32;20m[2026-09-29 17:03:15,439] LMCache INFO:[0m Prefetch request completed (L1+L2): 10/10 retained keys (10 L1, 0 L2) in 369.5 ms (external_request_id=chatcmpl-b090b87e4ee88bf7-86001177, prefetch_request_id=-1) [3m(storage_manager.py:726:lmcache.v1.distributed.storage_manager)[0m
[32;20m[2026-09-29 17:03:15,439] LMCache INFO:[0m Prefetch request completed (L1+L2): 10/12 retained keys (10 L1, 0 L2) in 369.1 ms (external_request_id=chatcmpl-a96ecf1b3fa00be6-aa40642e, prefetch_request_id=-1) [3m(storage_manager.py:726:lmcache.v1.distributed.storage_manager)[0m
[32;20m[2026-09-29 17:03:15,439] LMCache INFO:[0m Prefetch request completed (L1+L2): 10/12 retained keys (10 L1, 0 L2) in 369.1 ms (external_request_id=chatcmpl-8c86ef351848b6de-af51cb04, prefetch_request_id=-1) [3m(storage_manager.py:726:lmcache.v1.distributed.storage_manager)[0m
[32;20m[2026-09-29 17:03:15,439] LMCache INFO:[0m Prefetch request completed (L1+L2): 9/10 retained keys (9 L1, 0 L2) in 368.8 ms (external_request_id=chatcmpl-9e420c372f9de99f-8377905a, prefetch_request_id=-1) [3m(storage_manager.py:726:lmcache.v1.distributed.storage_manager)[0m
[32;20m[2026-09-29 17:03:15,439] LMCache INFO:[0m Prefetch request completed (L1+L2): 9/10 retained keys (9 L1, 0 L2) in 368.9 ms (external_request_id=chatcmpl-837eb26580ab30ce-88775ff2, prefetch_request_id=-1) [3m(storage_manager.py:726:lmcache.v1.distributed.storage_manager)[0m
[32;20m[2026-09-29 17:03:15,487] LMCache INFO:[0m Stored 256 tokens in 0.001 seconds [3m(lmcache_driven_transfer.py:1276:lmcache.v1.multiprocess.modules.lmcache_driven_transfer)[0m
[32;20m[2026-09-29 17:03:15,488] LMCache INFO:[0m Stored 256 tokens in 0.001 seconds [3m(lmcache_driven_transfer.py:1276:lmcache.v1.multiprocess.modules.lmcache_driven_transfer)[0m
[32;20m[2026-09-29 17:03:15,571] LMCache INFO:[0m Stored 256 tokens in 0.002 seconds [3m(lmcache_driven_transfer.py:1276:lmcache.v1.multiprocess.modules.lmcache_driven_transfer)[0m
[32;20m[2026-09-29 17:03:15,573] LMCache INFO:[0m Stored 256 tokens in 0.001 seconds [3m(lmcache_driven_transfer.py:1276:lmcache.v1.multiprocess.modules.lmcache_driven_transfer)[0m
[32;20m[2026-09-29 17:03:15,685] LMCache INFO:[0m Stored 256 tokens in 0.001 seconds [3m(lmcache_driven_transfer.py:1276:lmcache.v1.multiprocess.modules.lmcache_driven_transfer)[0m
[32;20m[2026-09-29 17:03:15,862] LMCache INFO:[0m Stored 512 tokens in 0.003 seconds [3m(lmcache_driven_transfer.py:1276:lmcache.v1.multiprocess.modules.lmcache_driven_transfer)[0m
[32;20m[2026-09-29 17:03:15,937] LMCache INFO:[0m Stored 768 tokens in 0.001 seconds [3m(lmcache_driven_transfer.py:1276:lmcache.v1.multiprocess.modules.lmcache_driven_transfer)[0m
[32;20m[2026-09-29 17:03:16,141] LMCache INFO:[0m Stored 256 tokens in 0.002 seconds [3m(lmcache_driven_transfer.py:1276:lmcache.v1.multiprocess.modules.lmcache_driven_transfer)[0m
[32;20m[2026-09-29 17:03:16,175] LMCache INFO:[0m Stored 768 tokens in 0.001 seconds [3m(lmcache_driven_transfer.py:1276:lmcache.v1.multiprocess.modules.lmcache_driven_transfer)[0m
[32;20m[2026-09-29 17:03:16,609] LMCache INFO:[0m Stored 256 tokens in 0.001 seconds [3m(lmcache_driven_transfer.py:1276:lmcache.v1.multiprocess.modules.lmcache_driven_transfer)[0m
[32;20m[2026-09-29 17:03:16,678] LMCache INFO:[0m Stored 256 tokens in 0.001 seconds [3m(lmcache_driven_transfer.py:1276:lmcache.v1.multiprocess.modules.lmcache_driven_transfer)[0m
[32;20m[2026-09-29 17:03:16,679] LMCache INFO:[0m Stored 256 tokens in 0.001 seconds [3m(lmcache_driven_transfer.py:1276:lmcache.v1.multiprocess.modules.lmcache_driven_transfer)[0m
[32;20m[2026-09-29 17:03:16,829] LMCache INFO:[0m Stored 256 tokens in 0.002 seconds [3m(lmcache_driven_transfer.py:1276:lmcache.v1.multiprocess.modules.lmcache_driven_transfer)[0m
[32;20m[2026-09-29 17:03:16,893] LMCache INFO:[0m Stored 512 tokens in 0.002 seconds [3m(lmcache_driven_transfer.py:1276:lmcache.v1.multiprocess.modules.lmcache_driven_transfer)[0m
[32;20m[2026-09-29 17:03:16,925] LMCache INFO:[0m Stored 512 tokens in 0.001 seconds [3m(lmcache_driven_transfer.py:1276:lmcache.v1.multiprocess.modules.lmcache_driven_transfer)[0m
[32;20m[2026-09-29 17:03:17,253] LMCache INFO:[0m Stored 256 tokens in 0.001 seconds [3m(lmcache_driven_transfer.py:1276:lmcache.v1.multiprocess.modules.lmcache_driven_transfer)[0m
[32;20m[2026-09-29 17:03:17,485] LMCache INFO:[0m Stored 512 tokens in 0.001 seconds [3m(lmcache_driven_transfer.py:1276:lmcache.v1.multiprocess.modules.lmcache_driven_transfer)[0m
[32;20m[2026-09-29 17:03:17,631] LMCache INFO:[0m Stored 512 tokens in 0.002 seconds [3m(lmcache_driven_transfer.py:1276:lmcache.v1.multiprocess.modules.lmcache_driven_transfer)[0m
[32;20m[2026-09-29 17:03:17,633] LMCache INFO:[0m Stored 256 tokens in 0.001 seconds [3m(lmcache_driven_transfer.py:1276:lmcache.v1.multiprocess.modules.lmcache_driven_transfer)[0m
INFO:     172.26.132.42:20092 - "GET /metrics HTTP/1.1" 200 OK
[32;20m[2026-09-29 17:03:17,741] LMCache INFO:[0m Stored 256 tokens in 0.001 seconds [3m(lmcache_driven_transfer.py:1276:lmcache.v1.multiprocess.modules.lmcache_driven_transfer)[0m
[32;20m[2026-09-29 17:03:17,742] LMCache INFO:[0m Stored 256 tokens in 0.001 seconds [3m(lmcache_driven_transfer.py:1276:lmcache.v1.multiprocess.modules.lmcache_driven_transfer)[0m
[32;20m[2026-09-29 17:03:17,933] LMCache INFO:[0m Prefetch request completed (L1+L2): 9/9 retained keys (9 L1, 0 L2) in 2492.9 ms (external_request_id=chatcmpl-b50caaea23197e4b-adadc138, prefetch_request_id=-1) [3m(storage_manager.py:726:lmcache.v1.distributed.storage_manager)[0m
[32;20m[2026-09-29 17:03:17,933] LMCache INFO:[0m Prefetch request completed (L1+L2): 10/12 retained keys (10 L1, 0 L2) in 2493.0 ms (external_request_id=chatcmpl-b3607445656ca0ef-af9038c1, prefetch_request_id=-1) [3m(storage_manager.py:726:lmcache.v1.distributed.storage_manager)[0m
[32;20m[2026-09-29 17:03:18,104] LMCache INFO:[0m Stored 512 tokens in 0.002 seconds [3m(lmcache_driven_transfer.py:1276:lmcache.v1.multiprocess.modules.lmcache_driven_transfer)[0m
[32;20m[2026-09-29 17:03:18,106] LMCache INFO:[0m Prefetch request completed (L1+L2): 9/11 retained keys (9 L1, 0 L2) in 172.2 ms (external_request_id=chatcmpl-8b472267771f8ff2-acedc1d3, prefetch_request_id=-1) [3m(storage_manager.py:726:lmcache.v1.distributed.storage_manager)[0m
[32;20m[2026-09-29 17:03:18,106] LMCache INFO:[0m Prefetch request completed (L1+L2): 9/9 retained keys (9 L1, 0 L2) in 171.9 ms (external_request_id=chatcmpl-b1160be10eb1c3cd-b8b3b208, prefetch_request_id=-1) [3m(storage_manager.py:726:lmcache.v1.distributed.storage_manager)[0m
[32;20m[2026-09-29 17:03:18,106] LMCache INFO:[0m Prefetch request completed (L1+L2): 9/11 retained keys (9 L1, 0 L2) in 171.8 ms (external_request_id=chatcmpl-8a66ef0754a4b4d5-9554cd00, prefetch_request_id=-1) [3m(storage_manager.py:726:lmcache.v1.distributed.storage_manager)[0m
[32;20m[2026-09-29 17:03:18,106] LMCache INFO:[0m Prefetch request completed (L1+L2): 9/10 retained keys (9 L1, 0 L2) in 171.5 ms (external_request_id=chatcmpl-8f5e4e66f393de08-aa6abd3e, prefetch_request_id=-1) [3m(storage_manager.py:726:lmcache.v1.distributed.storage_manager)[0m
[32;20m[2026-09-29 17:03:18,107] LMCache INFO:[0m Prefetch request completed (L1+L2): 9/11 retained keys (9 L1, 0 L2) in 171.3 ms (external_request_id=chatcmpl-92b863433d32c3be-8d4167bc, prefetch_request_id=-1) [3m(storage_manager.py:726:lmcache.v1.distributed.storage_manager)[0m
[32;20m[2026-09-29 17:03:18,107] LMCache INFO:[0m Prefetch request completed (L1+L2): 10/12 retained keys (10 L1, 0 L2) in 171.0 ms (external_request_id=chatcmpl-86242d6aaf60df39-94cb5ba4, prefetch_request_id=-1) [3m(storage_manager.py:726:lmcache.v1.distributed.storage_manager)[0m
[32;20m[2026-09-29 17:03:18,107] LMCache INFO:[0m Prefetch request completed (L1+L2): 9/9 retained keys (9 L1, 0 L2) in 170.9 ms (external_request_id=chatcmpl-8370545674da8a7e-a30a3799, prefetch_request_id=-1) [3m(storage_manager.py:726:lmcache.v1.distributed.storage_manager)[0m
[32;20m[2026-09-29 17:03:18,107] LMCache INFO:[0m Prefetch request completed (L1+L2): 12/12 retained keys (12 L1, 0 L2) in 170.7 ms (external_request_id=chatcmpl-be5de2201d332f5e-bc4ca442, prefetch_request_id=-1) [3m(storage_manager.py:726:lmcache.v1.distributed.storage_manager)[0m
[32;20m[2026-09-29 17:03:18,107] LMCache INFO:[0m Prefetch request completed (L1+L2): 9/10 retained keys (9 L1, 0 L2) in 170.5 ms (external_request_id=chatcmpl-a53db33c62a81cfb-b0d779bf, prefetch_request_id=-1) [3m(storage_manager.py:726:lmcache.v1.distributed.storage_manager)[0m
[32;20m[2026-09-29 17:03:18,107] LMCache INFO:[0m Prefetch request completed (L1+L2): 10/10 retained keys (10 L1, 0 L2) in 170.4 ms (external_request_id=chatcmpl-9904651b32ca5e76-9aad9276, prefetch_request_id=-1) [3m(storage_manager.py:726:lmcache.v1.distributed.storage_manager)[0m
[32;20m[2026-09-29 17:03:18,108] LMCache INFO:[0m Prefetch request completed (L1+L2): 12/14 retained keys (12 L1, 0 L2) in 170.2 ms (external_request_id=chatcmpl-97d9262317eb9387-a6b636d1, prefetch_request_id=-1) [3m(storage_manager.py:726:lmcache.v1.distributed.storage_manager)[0m
[32;20m[2026-09-29 17:03:18,108] LMCache INFO:[0m Prefetch request completed (L1+L2): 10/12 retained keys (10 L1, 0 L2) in 169.9 ms (external_request_id=chatcmpl-81d92521faeeaf5d-85398b94, prefetch_request_id=-1) [3m(storage_manager.py:726:lmcache.v1.distributed.storage_manager)[0m
[32;20m[2026-09-29 17:03:18,108] LMCache INFO:[0m Prefetch request completed (L1+L2): 11/11 retained keys (11 L1, 0 L2) in 169.7 ms (external_request_id=chatcmpl-8687b4a4acd1217d-8cbe5103, prefetch_request_id=-1) [3m(storage_manager.py:726:lmcache.v1.distributed.storage_manager)[0m
[32;20m[2026-09-29 17:03:18,108] LMCache INFO:[0m Prefetch request completed (L1+L2): 10/11 retained keys (10 L1, 0 L2) in 168.6 ms (external_request_id=chatcmpl-803fc73581167114-84947327, prefetch_request_id=-1) [3m(storage_manager.py:726:lmcache.v1.distributed.storage_manager)[0m
[32;20m[2026-09-29 17:03:18,108] LMCache INFO:[0m Prefetch request completed (L1+L2): 10/11 retained keys (10 L1, 0 L2) in 168.5 ms (external_request_id=chatcmpl-87348ceed0ed3650-bb222afe, prefetch_request_id=-1) [3m(storage_manager.py:726:lmcache.v1.distributed.storage_manager)[0m
[32;20m[2026-09-29 17:03:18,108] LMCache INFO:[0m Prefetch request completed (L1+L2): 10/13 retained keys (10 L1, 0 L2) in 168.6 ms (external_request_id=chatcmpl-b06a65678967288c-874e29ba, prefetch_request_id=-1) [3m(storage_manager.py:726:lmcache.v1.distributed.storage_manager)[0m
[32;20m[2026-09-29 17:03:18,109] LMCache INFO:[0m Prefetch request completed (L1+L2): 9/10 retained keys (9 L1, 0 L2) in 168.7 ms (external_request_id=chatcmpl-aeb946e69e9556bd-8e74e63c, prefetch_request_id=-1) [3m(storage_manager.py:726:lmcache.v1.distributed.storage_manager)[0m
[32;20m[2026-09-29 17:03:18,109] LMCache INFO:[0m Prefetch request completed (L1+L2): 9/11 retained keys (9 L1, 0 L2) in 168.6 ms (external_request_id=chatcmpl-b1b1e49a0d11bd4e-b0cb3595, prefetch_request_id=-1) [3m(storage_manager.py:726:lmcache.v1.distributed.storage_manager)[0m
[32;20m[2026-09-29 17:03:18,109] LMCache INFO:[0m Prefetch request completed (L1+L2): 9/11 retained keys (9 L1, 0 L2) in 168.5 ms (external_request_id=chatcmpl-aadb4072e082b2bf-8ec48bf5, prefetch_request_id=-1) [3m(storage_manager.py:726:lmcache.v1.distributed.storage_manager)[0m
[32;20m[2026-09-29 17:03:18,109] LMCache INFO:[0m Prefetch request completed (L1+L2): 10/12 retained keys (10 L1, 0 L2) in 168.5 ms (external_request_id=chatcmpl-a72efa79fe67427a-a6e1f186, prefetch_request_id=-1) [3m(storage_manager.py:726:lmcache.v1.distributed.storage_manager)[0m
[32;20m[2026-09-29 17:03:18,109] LMCache INFO:[0m Prefetch request completed (L1+L2): 9/10 retained keys (9 L1, 0 L2) in 168.5 ms (external_request_id=chatcmpl-9757035b4e9c14fa-92e4b054, prefetch_request_id=-1) [3m(storage_manager.py:726:lmcache.v1.distributed.storage_manager)[0m
[32;20m[2026-09-29 17:03:18,110] LMCache INFO:[0m Prefetch request completed (L1+L2): 9/11 retained keys (9 L1, 0 L2) in 168.5 ms (external_request_id=chatcmpl-8a3d8c00b87c52c0-9ef153d6, prefetch_request_id=-1) [3m(storage_manager.py:726:lmcache.v1.distributed.storage_manager)[0m
[32;20m[2026-09-29 17:03:18,176] LMCache INFO:[0m Stored 512 tokens in 0.001 seconds [3m(lmcache_driven_transfer.py:1276:lmcache.v1.multiprocess.modules.lmcache_driven_transfer)[0m
[32;20m[2026-09-29 17:03:18,177] LMCache INFO:[0m Stored 512 tokens in 0.001 seconds [3m(lmcache_driven_transfer.py:1276:lmcache.v1.multiprocess.modules.lmcache_driven_transfer)[0m
[32;20m[2026-09-29 17:03:18,457] LMCache INFO:[0m Stored 256 tokens in 0.001 seconds [3m(lmcache_driven_transfer.py:1276:lmcache.v1.multiprocess.modules.lmcache_driven_transfer)[0m
[32;20m[2026-09-29 17:03:18,581] LMCache INFO:[0m Stored 512 tokens in 0.001 seconds [3m(lmcache_driven_transfer.py:1276:lmcache.v1.multiprocess.modules.lmcache_driven_transfer)[0m
[32;20m[2026-09-29 17:03:18,748] LMCache INFO:[0m Stored 512 tokens in 0.001 seconds [3m(lmcache_driven_transfer.py:1276:lmcache.v1.multiprocess.modules.lmcache_driven_transfer)[0m
[32;20m[2026-09-29 17:03:19,190] LMCache INFO:[0m Stored 256 tokens in 0.001 seconds [3m(lmcache_driven_transfer.py:1276:lmcache.v1.multiprocess.modules.lmcache_driven_transfer)[0m
[32;20m[2026-09-29 17:03:19,280] LMCache INFO:[0m Stored 512 tokens in 0.001 seconds [3m(lmcache_driven_transfer.py:1276:lmcache.v1.multiprocess.modules.lmcache_driven_transfer)[0m
[32;20m[2026-09-29 17:03:19,366] LMCache INFO:[0m Stored 512 tokens in 0.002 seconds [3m(lmcache_driven_transfer.py:1276:lmcache.v1.multiprocess.modules.lmcache_driven_transfer)[0m
[32;20m[2026-09-29 17:03:19,885] LMCache INFO:[0m Stored 256 tokens in 0.003 seconds [3m(lmcache_driven_transfer.py:1276:lmcache.v1.multiprocess.modules.lmcache_driven_transfer)[0m
[32;20m[2026-09-29 17:03:19,915] LMCache INFO:[0m Stored 256 tokens in 0.001 seconds [3m(lmcache_driven_transfer.py:1276:lmcache.v1.multiprocess.modules.lmcache_driven_transfer)[0m
[32;20m[2026-09-29 17:03:19,952] LMCache INFO:[0m Stored 768 tokens in 0.001 seconds [3m(lmcache_driven_transfer.py:1276:lmcache.v1.multiprocess.modules.lmcache_driven_transfer)[0m
[32;20m[2026-09-29 17:03:20,067] LMCache INFO:[0m Stored 256 tokens in 0.002 seconds [3m(lmcache_driven_transfer.py:1276:lmcache.v1.multiprocess.modules.lmcache_driven_transfer)[0m
[32;20m[2026-09-29 17:03:20,099] LMCache INFO:[0m Stored 512 tokens in 0.001 seconds [3m(lmcache_driven_transfer.py:1276:lmcache.v1.multiprocess.modules.lmcache_driven_transfer)[0m
[32;20m[2026-09-29 17:03:20,263] LMCache INFO:[0m Stored 512 tokens in 0.001 seconds [3m(lmcache_driven_transfer.py:1276:lmcache.v1.multiprocess.modules.lmcache_driven_transfer)[0m
[32;20m[2026-09-29 17:03:20,370] LMCache INFO:[0m Stored 512 tokens in 0.001 seconds [3m(lmcache_driven_transfer.py:1276:lmcache.v1.multiprocess.modules.lmcache_driven_transfer)[0m
[32;20m[2026-09-29 17:03:20,520] LMCache INFO:[0m Stored 256 tokens in 0.001 seconds [3m(lmcache_driven_transfer.py:1276:lmcache.v1.multiprocess.modules.lmcache_driven_transfer)[0m
[32;20m[2026-09-29 17:03:20,609] LMCache INFO:[0m Stored 512 tokens in 0.001 seconds [3m(lmcache_driven_transfer.py:1276:lmcache.v1.multiprocess.modules.lmcache_driven_transfer)[0m
[32;20m[2026-09-29 17:03:20,744] LMCache INFO:[0m Prefetch request completed (L1+L2): 9/10 retained keys (9 L1, 0 L2) in 2634.5 ms (external_request_id=chatcmpl-a7f8012410e69224-8abb6beb, prefetch_request_id=-1) [3m(storage_manager.py:726:lmcache.v1.distributed.storage_manager)[0m
[32;20m[2026-09-29 17:03:20,745] LMCache INFO:[0m Prefetch request completed (L1+L2): 9/10 retained keys (9 L1, 0 L2) in 2634.3 ms (external_request_id=chatcmpl-824696e1ffbb4914-bbddc7cc, prefetch_request_id=-1) [3m(storage_manager.py:726:lmcache.v1.distributed.storage_manager)[0m
[32;20m[2026-09-29 17:03:20,791] LMCache INFO:[0m Stored 256 tokens in 0.001 seconds [3m(lmcache_driven_transfer.py:1276:lmcache.v1.multiprocess.modules.lmcache_driven_transfer)[0m
[32;20m[2026-09-29 17:03:20,861] LMCache INFO:[0m Stored 256 tokens in 0.001 seconds [3m(lmcache_driven_transfer.py:1276:lmcache.v1.multiprocess.modules.lmcache_driven_transfer)[0m
[32;20m[2026-09-29 17:03:20,978] LMCache INFO:[0m Prefetch request completed (L1+L2): 9/10 retained keys (9 L1, 0 L2) in 232.7 ms (external_request_id=chatcmpl-a1b9bd8063d78ab8-bc8f3c11, prefetch_request_id=-1) [3m(storage_manager.py:726:lmcache.v1.distributed.storage_manager)[0m
[32;20m[2026-09-29 17:03:20,978] LMCache INFO:[0m Prefetch request completed (L1+L2): 10/11 retained keys (10 L1, 0 L2) in 232.1 ms (external_request_id=chatcmpl-88a6a6cc28355ce3-83742b63, prefetch_request_id=-1) [3m(storage_manager.py:726:lmcache.v1.distributed.storage_manager)[0m
[32;20m[2026-09-29 17:03:20,978] LMCache INFO:[0m Prefetch request completed (L1+L2): 9/12 retained keys (9 L1, 0 L2) in 231.4 ms (external_request_id=chatcmpl-8782178d4b7e4d33-b670a1d0, prefetch_request_id=-1) [3m(storage_manager.py:726:lmcache.v1.distributed.storage_manager)[0m
[32;20m[2026-09-29 17:03:20,978] LMCache INFO:[0m Prefetch request completed (L1+L2): 12/12 retained keys (12 L1, 0 L2) in 230.8 ms (external_request_id=chatcmpl-89e21f43e17aa775-9ca4df3f, prefetch_request_id=-1) [3m(storage_manager.py:726:lmcache.v1.distributed.storage_manager)[0m
[32;20m[2026-09-29 17:03:20,979] LMCache INFO:[0m Prefetch request completed (L1+L2): 9/11 retained keys (9 L1, 0 L2) in 231.1 ms (external_request_id=chatcmpl-9b714f951277dae6-b61dfd63, prefetch_request_id=-1) [3m(storage_manager.py:726:lmcache.v1.distributed.storage_manager)[0m
[32;20m[2026-09-29 17:03:20,979] LMCache INFO:[0m Prefetch request completed (L1+L2): 10/12 retained keys (10 L1, 0 L2) in 230.8 ms (external_request_id=chatcmpl-89d4fe473b89a349-871f1122, prefetch_request_id=-1) [3m(storage_manager.py:726:lmcache.v1.distributed.storage_manager)[0m
[32;20m[2026-09-29 17:03:20,979] LMCache INFO:[0m Prefetch request completed (L1+L2): 12/13 retained keys (12 L1, 0 L2) in 230.4 ms (external_request_id=chatcmpl-a7e540cc3085febc-9090b9bd, prefetch_request_id=-1) [3m(storage_manager.py:726:lmcache.v1.distributed.storage_manager)[0m
[32;20m[2026-09-29 17:03:20,979] LMCache INFO:[0m Prefetch request completed (L1+L2): 10/11 retained keys (10 L1, 0 L2) in 229.8 ms (external_request_id=chatcmpl-814eedbe86f39ab3-a45572c8, prefetch_request_id=-1) [3m(storage_manager.py:726:lmcache.v1.distributed.storage_manager)[0m
[32;20m[2026-09-29 17:03:20,979] LMCache INFO:[0m Prefetch request completed (L1+L2): 11/12 retained keys (11 L1, 0 L2) in 229.7 ms (external_request_id=chatcmpl-a94c4fc3069f3b8f-a3c89933, prefetch_request_id=-1) [3m(storage_manager.py:726:lmcache.v1.distributed.storage_manager)[0m
[32;20m[2026-09-29 17:03:20,979] LMCache INFO:[0m Prefetch request completed (L1+L2): 10/12 retained keys (10 L1, 0 L2) in 229.3 ms (external_request_id=chatcmpl-a1ce0eb0371e8e0d-ad9c299d, prefetch_request_id=-1) [3m(storage_manager.py:726:lmcache.v1.distributed.storage_manager)[0m
[32;20m[2026-09-29 17:03:20,979] LMCache INFO:[0m Prefetch request completed (L1+L2): 10/11 retained keys (10 L1, 0 L2) in 229.0 ms (external_request_id=chatcmpl-88551599d48f3e3c-b69a1e56, prefetch_request_id=-1) [3m(storage_manager.py:726:lmcache.v1.distributed.storage_manager)[0m
[32;20m[2026-09-29 17:03:20,979] LMCache INFO:[0m Prefetch request completed (L1+L2): 10/13 retained keys (10 L1, 0 L2) in 228.6 ms (external_request_id=chatcmpl-b495f5e81aa4c138-ab02278f, prefetch_request_id=-1) [3m(storage_manager.py:726:lmcache.v1.distributed.storage_manager)[0m
[32;20m[2026-09-29 17:03:20,979] LMCache INFO:[0m Prefetch request completed (L1+L2): 9/11 retained keys (9 L1, 0 L2) in 228.3 ms (external_request_id=chatcmpl-b417d3d64166a4a4-a60b9bee, prefetch_request_id=-1) [3m(storage_manager.py:726:lmcache.v1.distributed.storage_manager)[0m
[32;20m[2026-09-29 17:03:20,979] LMCache INFO:[0m Prefetch request completed (L1+L2): 9/11 retained keys (9 L1, 0 L2) in 228.0 ms (external_request_id=chatcmpl-a049243e48456677-862c5cf1, prefetch_request_id=-1) [3m(storage_manager.py:726:lmcache.v1.distributed.storage_manager)[0m
[32;20m[2026-09-29 17:03:20,979] LMCache INFO:[0m Prefetch request completed (L1+L2): 9/11 retained keys (9 L1, 0 L2) in 227.6 ms (external_request_id=chatcmpl-a4a86f414d9fd854-8df688e9, prefetch_request_id=-1) [3m(storage_manager.py:726:lmcache.v1.distributed.storage_manager)[0m
[32;20m[2026-09-29 17:03:20,979] LMCache INFO:[0m Prefetch request completed (L1+L2): 10/12 retained keys (10 L1, 0 L2) in 227.3 ms (external_request_id=chatcmpl-918a87472474261b-8f0481f3, prefetch_request_id=-1) [3m(storage_manager.py:726:lmcache.v1.distributed.storage_manager)[0m
[32;20m[2026-09-29 17:03:20,980] LMCache INFO:[0m Prefetch request completed (L1+L2): 9/11 retained keys (9 L1, 0 L2) in 227.1 ms (external_request_id=chatcmpl-89c3189a2aeca93a-be58ebde, prefetch_request_id=-1) [3m(storage_manager.py:726:lmcache.v1.distributed.storage_manager)[0m
[32;20m[2026-09-29 17:03:20,980] LMCache INFO:[0m Prefetch request completed (L1+L2): 9/10 retained keys (9 L1, 0 L2) in 227.1 ms (external_request_id=chatcmpl-b22e62511b85a28f-a0480fc5, prefetch_request_id=-1) [3m(storage_manager.py:726:lmcache.v1.distributed.storage_manager)[0m
[32;20m[2026-09-29 17:03:20,980] LMCache INFO:[0m Prefetch request completed (L1+L2): 9/9 retained keys (9 L1, 0 L2) in 227.0 ms (external_request_id=chatcmpl-81316738752461d5-bf222077, prefetch_request_id=-1) [3m(storage_manager.py:726:lmcache.v1.distributed.storage_manager)[0m
[32;20m[2026-09-29 17:03:20,980] LMCache INFO:[0m Prefetch request completed (L1+L2): 9/11 retained keys (9 L1, 0 L2) in 226.8 ms (external_request_id=chatcmpl-a3be383b58c24eef-b941cc4f, prefetch_request_id=-1) [3m(storage_manager.py:726:lmcache.v1.distributed.storage_manager)[0m
[32;20m[2026-09-29 17:03:20,980] LMCache INFO:[0m Prefetch request completed (L1+L2): 9/12 retained keys (9 L1, 0 L2) in 226.4 ms (external_request_id=chatcmpl-a208f3f31a17863f-9977005b, prefetch_request_id=-1) [3m(storage_manager.py:726:lmcache.v1.distributed.storage_manager)[0m
[32;20m[2026-09-29 17:03:20,981] LMCache INFO:[0m Prefetch request completed (L1+L2): 10/12 retained keys (10 L1, 0 L2) in 226.4 ms (external_request_id=chatcmpl-886ffb99d0fcc58e-b6d54c95, prefetch_request_id=-1) [3m(storage_manager.py:726:lmcache.v1.distributed.storage_manager)[0m
[32;20m[2026-09-29 17:03:21,025] LMCache INFO:[0m Stored 256 tokens in 0.001 seconds [3m(lmcache_driven_transfer.py:1276:lmcache.v1.multiprocess.modules.lmcache_driven_transfer)[0m
[32;20m[2026-09-29 17:03:21,134] LMCache INFO:[0m Stored 256 tokens in 0.001 seconds [3m(lmcache_driven_transfer.py:1276:lmcache.v1.multiprocess.modules.lmcache_driven_transfer)[0m
[32;20m[2026-09-29 17:03:21,441] LMCache INFO:[0m Stored 768 tokens in 0.003 seconds [3m(lmcache_driven_transfer.py:1276:lmcache.v1.multiprocess.modules.lmcache_driven_transfer)[0m
[32;20m[2026-09-29 17:03:21,479] LMCache INFO:[0m Stored 512 tokens in 0.001 seconds [3m(lmcache_driven_transfer.py:1276:lmcache.v1.multiprocess.modules.lmcache_driven_transfer)[0m
[32;20m[2026-09-29 17:03:21,567] LMCache INFO:[0m Stored 512 tokens in 0.001 seconds [3m(lmcache_driven_transfer.py:1276:lmcache.v1.multiprocess.modules.lmcache_driven_transfer)[0m
[32;20m[2026-09-29 17:03:21,738] LMCache INFO:[0m Stored 256 tokens in 0.002 seconds [3m(lmcache_driven_transfer.py:1276:lmcache.v1.multiprocess.modules.lmcache_driven_transfer)[0m
[32;20m[2026-09-29 17:03:21,767] LMCache INFO:[0m Stored 256 tokens in 0.001 seconds [3m(lmcache_driven_transfer.py:1276:lmcache.v1.multiprocess.modules.lmcache_driven_transfer)[0m
[32;20m[2026-09-29 17:03:22,087] LMCache INFO:[0m Stored 256 tokens in 0.001 seconds [3m(lmcache_driven_transfer.py:1276:lmcache.v1.multiprocess.modules.lmcache_driven_transfer)[0m
[32;20m[2026-09-29 17:03:22,193] LMCache INFO:[0m Stored 512 tokens in 0.001 seconds [3m(lmcache_driven_transfer.py:1276:lmcache.v1.multiprocess.modules.lmcache_driven_transfer)[0m
[32;20m[2026-09-29 17:03:22,278] LMCache INFO:[0m Stored 256 tokens in 0.001 seconds [3m(lmcache_driven_transfer.py:1276:lmcache.v1.multiprocess.modules.lmcache_driven_transfer)[0m
[32;20m[2026-09-29 17:03:22,369] LMCache INFO:[0m Stored 768 tokens in 0.002 seconds [3m(lmcache_driven_transfer.py:1276:lmcache.v1.multiprocess.modules.lmcache_driven_transfer)[0m
[32;20m[2026-09-29 17:03:22,461] LMCache INFO:[0m Stored 256 tokens in 0.001 seconds [3m(lmcache_driven_transfer.py:1276:lmcache.v1.multiprocess.modules.lmcache_driven_transfer)[0m
[32;20m[2026-09-29 17:03:22,593] LMCache INFO:[0m Stored 512 tokens in 0.002 seconds [3m(lmcache_driven_transfer.py:1276:lmcache.v1.multiprocess.modules.lmcache_driven_transfer)[0m
[32;20m[2026-09-29 17:03:22,680] LMCache INFO:[0m Stored 512 tokens in 0.002 seconds [3m(lmcache_driven_transfer.py:1276:lmcache.v1.multiprocess.modules.lmcache_driven_transfer)[0m
[32;20m[2026-09-29 17:03:22,714] LMCache INFO:[0m Stored 512 tokens in 0.001 seconds [3m(lmcache_driven_transfer.py:1276:lmcache.v1.multiprocess.modules.lmcache_driven_transfer)[0m
[32;20m[2026-09-29 17:03:22,917] LMCache INFO:[0m Stored 512 tokens in 0.001 seconds [3m(lmcache_driven_transfer.py:1276:lmcache.v1.multiprocess.modules.lmcache_driven_transfer)[0m
[32;20m[2026-09-29 17:03:22,983] LMCache INFO:[0m Stored 512 tokens in 0.001 seconds [3m(lmcache_driven_transfer.py:1276:lmcache.v1.multiprocess.modules.lmcache_driven_transfer)[0m
[32;20m[2026-09-29 17:03:23,173] LMCache INFO:[0m Stored 256 tokens in 0.001 seconds [3m(lmcache_driven_transfer.py:1276:lmcache.v1.multiprocess.modules.lmcache_driven_transfer)[0m
[32;20m[2026-09-29 17:03:23,445] LMCache INFO:[0m Stored 512 tokens in 0.002 seconds [3m(lmcache_driven_transfer.py:1276:lmcache.v1.multiprocess.modules.lmcache_driven_transfer)[0m
[32;20m[2026-09-29 17:03:23,531] LMCache INFO:[0m Stored 768 tokens in 0.002 seconds [3m(lmcache_driven_transfer.py:1276:lmcache.v1.multiprocess.modules.lmcache_driven_transfer)[0m
[32;20m[2026-09-29 17:03:23,640] LMCache INFO:[0m Stored 512 tokens in 0.001 seconds [3m(lmcache_driven_transfer.py:1276:lmcache.v1.multiprocess.modules.lmcache_driven_transfer)[0m
[32;20m[2026-09-29 17:03:23,815] LMCache INFO:[0m Stored 256 tokens in 0.002 seconds [3m(lmcache_driven_transfer.py:1276:lmcache.v1.multiprocess.modules.lmcache_driven_transfer)[0m
[32;20m[2026-09-29 17:03:23,874] LMCache INFO:[0m Prefetch request completed (L1+L2): 9/10 retained keys (9 L1, 0 L2) in 2892.8 ms (external_request_id=chatcmpl-a79ed7d5cdd891f7-b1b84eec, prefetch_request_id=-1) [3m(storage_manager.py:726:lmcache.v1.distributed.storage_manager)[0m
[32;20m[2026-09-29 17:03:23,874] LMCache INFO:[0m Prefetch request completed (L1+L2): 12/13 retained keys (12 L1, 0 L2) in 2892.9 ms (external_request_id=chatcmpl-8d16443818e3cfc5-ae072ecd, prefetch_request_id=-1) [3m(storage_manager.py:726:lmcache.v1.distributed.storage_manager)[0m
[32;20m[2026-09-29 17:03:23,928] LMCache INFO:[0m Stored 256 tokens in 0.001 seconds [3m(lmcache_driven_transfer.py:1276:lmcache.v1.multiprocess.modules.lmcache_driven_transfer)[0m
[32;20m[2026-09-29 17:03:23,929] LMCache INFO:[0m Stored 256 tokens in 0.001 seconds [3m(lmcache_driven_transfer.py:1276:lmcache.v1.multiprocess.modules.lmcache_driven_transfer)[0m
[32;20m[2026-09-29 17:03:23,930] LMCache INFO:[0m Stored 256 tokens in 0.001 seconds [3m(lmcache_driven_transfer.py:1276:lmcache.v1.multiprocess.modules.lmcache_driven_transfer)[0m
[32;20m[2026-09-29 17:03:24,140] LMCache INFO:[0m Prefetch request completed (L1+L2): 9/11 retained keys (9 L1, 0 L2) in 264.6 ms (external_request_id=chatcmpl-84408de05d196d73-ae7ef600, prefetch_request_id=-1) [3m(storage_manager.py:726:lmcache.v1.distributed.storage_manager)[0m
[32;20m[2026-09-29 17:03:24,140] LMCache INFO:[0m Prefetch request completed (L1+L2): 10/10 retained keys (10 L1, 0 L2) in 264.3 ms (external_request_id=chatcmpl-b147fe19d0dbe2b8-b8197256, prefetch_request_id=-1) [3m(storage_manager.py:726:lmcache.v1.distributed.storage_manager)[0m
[32;20m[2026-09-29 17:03:24,140] LMCache INFO:[0m Prefetch request completed (L1+L2): 12/13 retained keys (12 L1, 0 L2) in 264.1 ms (external_request_id=chatcmpl-8d3731e0d132c519-99a72573, prefetch_request_id=-1) [3m(storage_manager.py:726:lmcache.v1.distributed.storage_manager)[0m
[32;20m[2026-09-29 17:03:24,140] LMCache INFO:[0m Prefetch request completed (L1+L2): 10/11 retained keys (10 L1, 0 L2) in 263.7 ms (external_request_id=chatcmpl-9514f65bb26ffbb6-9141abe2, prefetch_request_id=-1) [3m(storage_manager.py:726:lmcache.v1.distributed.storage_manager)[0m
[32;20m[2026-09-29 17:03:24,141] LMCache INFO:[0m Prefetch request completed (L1+L2): 11/12 retained keys (11 L1, 0 L2) in 263.7 ms (external_request_id=chatcmpl-bffe54e3e132041c-9e2c8606, prefetch_request_id=-1) [3m(storage_manager.py:726:lmcache.v1.distributed.storage_manager)[0m
[32;20m[2026-09-29 17:03:24,141] LMCache INFO:[0m Prefetch request completed (L1+L2): 10/12 retained keys (10 L1, 0 L2) in 263.3 ms (external_request_id=chatcmpl-9169cfe4321f6a36-ab62fd31, prefetch_request_id=-1) [3m(storage_manager.py:726:lmcache.v1.distributed.storage_manager)[0m
[32;20m[2026-09-29 17:03:24,141] LMCache INFO:[0m Prefetch request completed (L1+L2): 10/11 retained keys (10 L1, 0 L2) in 263.0 ms (external_request_id=chatcmpl-9ceb1ea9aea41bc9-8f3ee725, prefetch_request_id=-1) [3m(storage_manager.py:726:lmcache.v1.distributed.storage_manager)[0m
[32;20m[2026-09-29 17:03:24,141] LMCache INFO:[0m Prefetch request completed (L1+L2): 10/12 retained keys (10 L1, 0 L2) in 262.8 ms (external_request_id=chatcmpl-8940e65f9c1b1d82-aea0d1be, prefetch_request_id=-1) [3m(storage_manager.py:726:lmcache.v1.distributed.storage_manager)[0m
[32;20m[2026-09-29 17:03:24,141] LMCache INFO:[0m Prefetch request completed (L1+L2): 9/11 retained keys (9 L1, 0 L2) in 262.0 ms (external_request_id=chatcmpl-92c95de319123df5-8f1affb0, prefetch_request_id=-1) [3m(storage_manager.py:726:lmcache.v1.distributed.storage_manager)[0m
[32;20m[2026-09-29 17:03:24,142] LMCache INFO:[0m Prefetch request completed (L1+L2): 9/11 retained keys (9 L1, 0 L2) in 262.1 ms (external_request_id=chatcmpl-a5485093d01a8125-9f6a7c5d, prefetch_request_id=-1) [3m(storage_manager.py:726:lmcache.v1.distributed.storage_manager)[0m
[32;20m[2026-09-29 17:03:24,142] LMCache INFO:[0m Prefetch request completed (L1+L2): 9/11 retained keys (9 L1, 0 L2) in 261.9 ms (external_request_id=chatcmpl-93476ac5616c809a-b35fb5ea, prefetch_request_id=-1) [3m(storage_manager.py:726:lmcache.v1.distributed.storage_manager)[0m
[32;20m[2026-09-29 17:03:24,142] LMCache INFO:[0m Prefetch request completed (L1+L2): 10/12 retained keys (10 L1, 0 L2) in 262.0 ms (external_request_id=chatcmpl-bd8de644a85f0d90-81e24913, prefetch_request_id=-1) [3m(storage_manager.py:726:lmcache.v1.distributed.storage_manager)[0m
[32;20m[2026-09-29 17:03:24,142] LMCache INFO:[0m Prefetch request completed (L1+L2): 9/11 retained keys (9 L1, 0 L2) in 262.0 ms (external_request_id=chatcmpl-8c76932dce3f57fa-a36046fa, prefetch_request_id=-1) [3m(storage_manager.py:726:lmcache.v1.distributed.storage_manager)[0m
[32;20m[2026-09-29 17:03:24,142] LMCache INFO:[0m Prefetch request completed (L1+L2): 9/11 retained keys (9 L1, 0 L2) in 262.0 ms (external_request_id=chatcmpl-bce14e4bc6e78495-af50e9d4, prefetch_request_id=-1) [3m(storage_manager.py:726:lmcache.v1.distributed.storage_manager)[0m
[32;20m[2026-09-29 17:03:24,143] LMCache INFO:[0m Prefetch request completed (L1+L2): 9/10 retained keys (9 L1, 0 L2) in 261.9 ms (external_request_id=chatcmpl-9c981b846fe1dfeb-a4e0a4c8, prefetch_request_id=-1) [3m(storage_manager.py:726:lmcache.v1.distributed.storage_manager)[0m
[32;20m[2026-09-29 17:03:24,143] LMCache INFO:[0m Prefetch request completed (L1+L2): 9/10 retained keys (9 L1, 0 L2) in 261.7 ms (external_request_id=chatcmpl-9b2653fee878ad55-82a1f149, prefetch_request_id=-1) [3m(storage_manager.py:726:lmcache.v1.distributed.storage_manager)[0m
[32;20m[2026-09-29 17:03:24,143] LMCache INFO:[0m Prefetch request completed (L1+L2): 9/12 retained keys (9 L1, 0 L2) in 261.2 ms (external_request_id=chatcmpl-94e1e1224ca2ef54-bdcf5db1, prefetch_request_id=-1) [3m(storage_manager.py:726:lmcache.v1.distributed.storage_manager)[0m
[32;20m[2026-09-29 17:03:24,143] LMCache INFO:[0m Prefetch request completed (L1+L2): 10/11 retained keys (10 L1, 0 L2) in 261.3 ms (external_request_id=chatcmpl-a464a3f88d0ac5d9-9afafd7e, prefetch_request_id=-1) [3m(storage_manager.py:726:lmcache.v1.distributed.storage_manager)[0m
[32;20m[2026-09-29 17:03:24,143] LMCache INFO:[0m Prefetch request completed (L1+L2): 9/9 retained keys (9 L1, 0 L2) in 261.0 ms (external_request_id=chatcmpl-a897412fe10b32f8-9fd6b371, prefetch_request_id=-1) [3m(storage_manager.py:726:lmcache.v1.distributed.storage_manager)[0m
[32;20m[2026-09-29 17:03:24,143] LMCache INFO:[0m Prefetch request completed (L1+L2): 12/13 retained keys (12 L1, 0 L2) in 260.3 ms (external_request_id=chatcmpl-8ed64fc5709e3ae0-bf678a50, prefetch_request_id=-1) [3m(storage_manager.py:726:lmcache.v1.distributed.storage_manager)[0m
[32;20m[2026-09-29 17:03:24,143] LMCache INFO:[0m Prefetch request completed (L1+L2): 9/10 retained keys (9 L1, 0 L2) in 260.2 ms (external_request_id=chatcmpl-b2233e7c7286cf81-8fea6add, prefetch_request_id=-1) [3m(storage_manager.py:726:lmcache.v1.distributed.storage_manager)[0m
[32;20m[2026-09-29 17:03:24,144] LMCache INFO:[0m Prefetch request completed (L1+L2): 10/12 retained keys (10 L1, 0 L2) in 260.3 ms (external_request_id=chatcmpl-a751a4803a1c3f29-a53f4856, prefetch_request_id=-1) [3m(storage_manager.py:726:lmcache.v1.distributed.storage_manager)[0m
[32;20m[2026-09-29 17:03:24,191] LMCache INFO:[0m Stored 512 tokens in 0.001 seconds [3m(lmcache_driven_transfer.py:1276:lmcache.v1.multiprocess.modules.lmcache_driven_transfer)[0m
[32;20m[2026-09-29 17:03:24,367] LMCache INFO:[0m Stored 256 tokens in 0.003 seconds [3m(lmcache_driven_transfer.py:1276:lmcache.v1.multiprocess.modules.lmcache_driven_transfer)[0m
[32;20m[2026-09-29 17:03:24,397] LMCache INFO:[0m Stored 256 tokens in 0.001 seconds [3m(lmcache_driven_transfer.py:1276:lmcache.v1.multiprocess.modules.lmcache_driven_transfer)[0m
[32;20m[2026-09-29 17:03:24,439] LMCache INFO:[0m Stored 256 tokens in 0.001 seconds [3m(lmcache_driven_transfer.py:1276:lmcache.v1.multiprocess.modules.lmcache_driven_transfer)[0m
[32;20m[2026-09-29 17:03:24,578] LMCache INFO:[0m Stored 512 tokens in 0.002 seconds [3m(lmcache_driven_transfer.py:1276:lmcache.v1.multiprocess.modules.lmcache_driven_transfer)[0m
[32;20m[2026-09-29 17:03:24,611] LMCache INFO:[0m Stored 256 tokens in 0.001 seconds [3m(lmcache_driven_transfer.py:1276:lmcache.v1.multiprocess.modules.lmcache_driven_transfer)[0m
[32;20m[2026-09-29 17:03:24,612] LMCache INFO:[0m Stored 256 tokens in 0.001 seconds [3m(lmcache_driven_transfer.py:1276:lmcache.v1.multiprocess.modules.lmcache_driven_transfer)[0m
[32;20m[2026-09-29 17:03:24,935] LMCache INFO:[0m Stored 512 tokens in 0.002 seconds [3m(lmcache_driven_transfer.py:1276:lmcache.v1.multiprocess.modules.lmcache_driven_transfer)[0m
[32;20m[2026-09-29 17:03:25,127] LMCache INFO:[0m Stored 512 tokens in 0.001 seconds [3m(lmcache_driven_transfer.py:1276:lmcache.v1.multiprocess.modules.lmcache_driven_transfer)[0m
[32;20m[2026-09-29 17:03:25,128] LMCache INFO:[0m Stored 512 tokens in 0.001 seconds [3m(lmcache_driven_transfer.py:1276:lmcache.v1.multiprocess.modules.lmcache_driven_transfer)[0m
[32;20m[2026-09-29 17:03:25,349] LMCache INFO:[0m Stored 512 tokens in 0.001 seconds [3m(lmcache_driven_transfer.py:1276:lmcache.v1.multiprocess.modules.lmcache_driven_transfer)[0m
[32;20m[2026-09-29 17:03:25,539] LMCache INFO:[0m Stored 512 tokens in 0.002 seconds [3m(lmcache_driven_transfer.py:1276:lmcache.v1.multiprocess.modules.lmcache_driven_transfer)[0m
[32;20m[2026-09-29 17:03:25,603] LMCache INFO:[0m Stored 512 tokens in 0.001 seconds [3m(lmcache_driven_transfer.py:1276:lmcache.v1.multiprocess.modules.lmcache_driven_transfer)[0m
[32;20m[2026-09-29 17:03:25,741] LMCache INFO:[0m Stored 256 tokens in 0.001 seconds [3m(lmcache_driven_transfer.py:1276:lmcache.v1.multiprocess.modules.lmcache_driven_transfer)[0m
[32;20m[2026-09-29 17:03:25,795] LMCache INFO:[0m Stored 512 tokens in 0.001 seconds [3m(lmcache_driven_transfer.py:1276:lmcache.v1.multiprocess.modules.lmcache_driven_transfer)[0m
[32;20m[2026-09-29 17:03:25,927] LMCache INFO:[0m Stored 256 tokens in 0.002 seconds [3m(lmcache_driven_transfer.py:1276:lmcache.v1.multiprocess.modules.lmcache_driven_transfer)[0m
[32;20m[2026-09-29 17:03:25,929] LMCache INFO:[0m Stored 256 tokens in 0.001 seconds [3m(lmcache_driven_transfer.py:1276:lmcache.v1.multiprocess.modules.lmcache_driven_transfer)[0m
[32;20m[2026-09-29 17:03:26,050] LMCache INFO:[0m Stored 768 tokens in 0.002 seconds [3m(lmcache_driven_transfer.py:1276:lmcache.v1.multiprocess.modules.lmcache_driven_transfer)[0m
[32;20m[2026-09-29 17:03:26,312] LMCache INFO:[0m Stored 256 tokens in 0.002 seconds [3m(lmcache_driven_transfer.py:1276:lmcache.v1.multiprocess.modules.lmcache_driven_transfer)[0m
[32;20m[2026-09-29 17:03:26,506] LMCache INFO:[0m Stored 256 tokens in 0.001 seconds [3m(lmcache_driven_transfer.py:1276:lmcache.v1.multiprocess.modules.lmcache_driven_transfer)[0m
[32;20m[2026-09-29 17:03:26,572] LMCache INFO:[0m Stored 256 tokens in 0.002 seconds [3m(lmcache_driven_transfer.py:1276:lmcache.v1.multiprocess.modules.lmcache_driven_transfer)[0m
[32;20m[2026-09-29 17:03:26,607] LMCache INFO:[0m Stored 512 tokens in 0.002 seconds [3m(lmcache_driven_transfer.py:1276:lmcache.v1.multiprocess.modules.lmcache_driven_transfer)[0m
[32;20m[2026-09-29 17:03:26,610] LMCache INFO:[0m Prefetch request completed (L1+L2): 12/14 retained keys (12 L1, 0 L2) in 2465.9 ms (external_request_id=chatcmpl-a7b560af9e85abb8-97d3a25f, prefetch_request_id=-1) [3m(storage_manager.py:726:lmcache.v1.distributed.storage_manager)[0m
[32;20m[2026-09-29 17:03:26,611] LMCache INFO:[0m Prefetch request completed (L1+L2): 10/12 retained keys (10 L1, 0 L2) in 2465.7 ms (external_request_id=chatcmpl-9bfbedf9e979f5b8-8b7c48dd, prefetch_request_id=-1) [3m(storage_manager.py:726:lmcache.v1.distributed.storage_manager)[0m
[32;20m[2026-09-29 17:03:26,703] LMCache INFO:[0m Stored 512 tokens in 0.001 seconds [3m(lmcache_driven_transfer.py:1276:lmcache.v1.multiprocess.modules.lmcache_driven_transfer)[0m
[32;20m[2026-09-29 17:03:26,904] LMCache INFO:[0m Stored 256 tokens in 0.001 seconds [3m(lmcache_driven_transfer.py:1276:lmcache.v1.multiprocess.modules.lmcache_driven_transfer)[0m
[32;20m[2026-09-29 17:03:26,974] LMCache INFO:[0m Stored 512 tokens in 0.001 seconds [3m(lmcache_driven_transfer.py:1276:lmcache.v1.multiprocess.modules.lmcache_driven_transfer)[0m
[32;20m[2026-09-29 17:03:27,150] LMCache INFO:[0m Prefetch request completed (L1+L2): 11/11 retained keys (11 L1, 0 L2) in 538.9 ms (external_request_id=chatcmpl-810130a58df4cd03-9bd58d47, prefetch_request_id=-1) [3m(storage_manager.py:726:lmcache.v1.distributed.storage_manager)[0m
[32;20m[2026-09-29 17:03:27,150] LMCache INFO:[0m Prefetch request completed (L1+L2): 10/11 retained keys (10 L1, 0 L2) in 538.0 ms (external_request_id=chatcmpl-a84adb18b1b29bc3-b294342b, prefetch_request_id=-1) [3m(storage_manager.py:726:lmcache.v1.distributed.storage_manager)[0m
[32;20m[2026-09-29 17:03:27,150] LMCache INFO:[0m Prefetch request completed (L1+L2): 10/11 retained keys (10 L1, 0 L2) in 537.9 ms (external_request_id=chatcmpl-ab14241ee0569bcb-b71651dd, prefetch_request_id=-1) [3m(storage_manager.py:726:lmcache.v1.distributed.storage_manager)[0m
[32;20m[2026-09-29 17:03:27,150] LMCache INFO:[0m Prefetch request completed (L1+L2): 10/11 retained keys (10 L1, 0 L2) in 537.9 ms (external_request_id=chatcmpl-90d90e8b098de7d2-8dce98b9, prefetch_request_id=-1) [3m(storage_manager.py:726:lmcache.v1.distributed.storage_manager)[0m
[32;20m[2026-09-29 17:03:27,151] LMCache INFO:[0m Prefetch request completed (L1+L2): 9/10 retained keys (9 L1, 0 L2) in 537.3 ms (external_request_id=chatcmpl-b87d974b2caecaea-96c691dc, prefetch_request_id=-1) [3m(storage_manager.py:726:lmcache.v1.distributed.storage_manager)[0m
[32;20m[2026-09-29 17:03:27,151] LMCache INFO:[0m Prefetch request completed (L1+L2): 9/11 retained keys (9 L1, 0 L2) in 537.3 ms (external_request_id=chatcmpl-9bb3eda3a7d6f46a-a1e32d45, prefetch_request_id=-1) [3m(storage_manager.py:726:lmcache.v1.distributed.storage_manager)[0m
[32;20m[2026-09-29 17:03:27,151] LMCache INFO:[0m Prefetch request completed (L1+L2): 9/10 retained keys (9 L1, 0 L2) in 537.1 ms (external_request_id=chatcmpl-ae5d00c5d9f0c867-b40a1396, prefetch_request_id=-1) [3m(storage_manager.py:726:lmcache.v1.distributed.storage_manager)[0m
[32;20m[2026-09-29 17:03:27,151] LMCache INFO:[0m Prefetch request completed (L1+L2): 10/11 retained keys (10 L1, 0 L2) in 536.8 ms (external_request_id=chatcmpl-b0d35d7e68d9cc44-9c46ed3f, prefetch_request_id=-1) [3m(storage_manager.py:726:lmcache.v1.distributed.storage_manager)[0m
[32;20m[2026-09-29 17:03:27,152] LMCache INFO:[0m Prefetch request completed (L1+L2): 9/10 retained keys (9 L1, 0 L2) in 536.8 ms (external_request_id=chatcmpl-baa53a66b6985619-b5d46eea, prefetch_request_id=-1) [3m(storage_manager.py:726:lmcache.v1.distributed.storage_manager)[0m
[32;20m[2026-09-29 17:03:27,152] LMCache INFO:[0m Prefetch request completed (L1+L2): 9/11 retained keys (9 L1, 0 L2) in 536.5 ms (external_request_id=chatcmpl-9ba20315e500d520-a62f1730, prefetch_request_id=-1) [3m(storage_manager.py:726:lmcache.v1.distributed.storage_manager)[0m
[32;20m[2026-09-29 17:03:27,152] LMCache INFO:[0m Prefetch request completed (L1+L2): 9/9 retained keys (9 L1, 0 L2) in 536.3 ms (external_request_id=chatcmpl-b37434c90c637f71-a5743c52, prefetch_request_id=-1) [3m(storage_manager.py:726:lmcache.v1.distributed.storage_manager)[0m
[32;20m[2026-09-29 17:03:27,152] LMCache INFO:[0m Prefetch request completed (L1+L2): 9/10 retained keys (9 L1, 0 L2) in 535.9 ms (external_request_id=chatcmpl-ad2cfb84adc606d8-b81ed47f, prefetch_request_id=-1) [3m(storage_manager.py:726:lmcache.v1.distributed.storage_manager)[0m
[32;20m[2026-09-29 17:03:27,152] LMCache INFO:[0m Prefetch request completed (L1+L2): 9/10 retained keys (9 L1, 0 L2) in 535.8 ms (external_request_id=chatcmpl-aeaf072b79892848-9e7580cd, prefetch_request_id=-1) [3m(storage_manager.py:726:lmcache.v1.distributed.storage_manager)[0m
[32;20m[2026-09-29 17:03:27,153] LMCache INFO:[0m Prefetch request completed (L1+L2): 10/11 retained keys (10 L1, 0 L2) in 535.7 ms (external_request_id=chatcmpl-889e629c2dadde07-b0bb4830, prefetch_request_id=-1) [3m(storage_manager.py:726:lmcache.v1.distributed.storage_manager)[0m
[32;20m[2026-09-29 17:03:27,153] LMCache INFO:[0m Prefetch request completed (L1+L2): 9/9 retained keys (9 L1, 0 L2) in 535.5 ms (external_request_id=chatcmpl-bf9886de98563b21-919a6803, prefetch_request_id=-1) [3m(storage_manager.py:726:lmcache.v1.distributed.storage_manager)[0m
[32;20m[2026-09-29 17:03:27,153] LMCache INFO:[0m Prefetch request completed (L1+L2): 12/12 retained keys (12 L1, 0 L2) in 535.4 ms (external_request_id=chatcmpl-afbeca6e6907b178-a98dceed, prefetch_request_id=-1) [3m(storage_manager.py:726:lmcache.v1.distributed.storage_manager)[0m
[32;20m[2026-09-29 17:03:27,153] LMCache INFO:[0m Prefetch request completed (L1+L2): 9/9 retained keys (9 L1, 0 L2) in 535.2 ms (external_request_id=chatcmpl-8efad279cc5a3e41-a6e89017, prefetch_request_id=-1) [3m(storage_manager.py:726:lmcache.v1.distributed.storage_manager)[0m
[32;20m[2026-09-29 17:03:27,153] LMCache INFO:[0m Prefetch request completed (L1+L2): 10/11 retained keys (10 L1, 0 L2) in 534.8 ms (external_request_id=chatcmpl-8b3573fa83d596d6-8dca4141, prefetch_request_id=-1) [3m(storage_manager.py:726:lmcache.v1.distributed.storage_manager)[0m
[32;20m[2026-09-29 17:03:27,153] LMCache INFO:[0m Prefetch request completed (L1+L2): 12/13 retained keys (12 L1, 0 L2) in 534.5 ms (external_request_id=chatcmpl-9836d1ebda78bda7-aa17259a, prefetch_request_id=-1) [3m(storage_manager.py:726:lmcache.v1.distributed.storage_manager)[0m
[32;20m[2026-09-29 17:03:27,153] LMCache INFO:[0m Prefetch request completed (L1+L2): 10/12 retained keys (10 L1, 0 L2) in 534.2 ms (external_request_id=chatcmpl-a1d54ff3e6995217-8c29d4e8, prefetch_request_id=-1) [3m(storage_manager.py:726:lmcache.v1.distributed.storage_manager)[0m
[32;20m[2026-09-29 17:03:27,154] LMCache INFO:[0m Prefetch request completed (L1+L2): 11/12 retained keys (11 L1, 0 L2) in 534.0 ms (external_request_id=chatcmpl-80a1688c9c6c7de7-9ea7b4d9, prefetch_request_id=-1) [3m(storage_manager.py:726:lmcache.v1.distributed.storage_manager)[0m
[32;20m[2026-09-29 17:03:27,154] LMCache INFO:[0m Prefetch request completed (L1+L2): 10/10 retained keys (10 L1, 0 L2) in 533.7 ms (external_request_id=chatcmpl-8c125557efe34541-8e54cfcc, prefetch_request_id=-1) [3m(storage_manager.py:726:lmcache.v1.distributed.storage_manager)[0m
[32;20m[2026-09-29 17:03:27,268] LMCache INFO:[0m Stored 256 tokens in 0.001 seconds [3m(lmcache_driven_transfer.py:1276:lmcache.v1.multiprocess.modules.lmcache_driven_transfer)[0m
[32;20m[2026-09-29 17:03:27,418] LMCache INFO:[0m Stored 256 tokens in 0.001 seconds [3m(lmcache_driven_transfer.py:1276:lmcache.v1.multiprocess.modules.lmcache_driven_transfer)[0m
[32;20m[2026-09-29 17:03:27,485] LMCache INFO:[0m Stored 256 tokens in 0.001 seconds [3m(lmcache_driven_transfer.py:1276:lmcache.v1.multiprocess.modules.lmcache_driven_transfer)[0m
[32;20m[2026-09-29 17:03:27,556] LMCache INFO:[0m Stored 256 tokens in 0.001 seconds [3m(lmcache_driven_transfer.py:1276:lmcache.v1.multiprocess.modules.lmcache_driven_transfer)[0m
[32;20m[2026-09-29 17:03:27,675] LMCache INFO:[0m Stored 256 tokens in 0.001 seconds [3m(lmcache_driven_transfer.py:1276:lmcache.v1.multiprocess.modules.lmcache_driven_transfer)[0m
[32;20m[2026-09-29 17:03:27,786] LMCache INFO:[0m Stored 512 tokens in 0.001 seconds [3m(lmcache_driven_transfer.py:1276:lmcache.v1.multiprocess.modules.lmcache_driven_transfer)[0m
[32;20m[2026-09-29 17:03:27,852] LMCache INFO:[0m Stored 256 tokens in 0.001 seconds [3m(lmcache_driven_transfer.py:1276:lmcache.v1.multiprocess.modules.lmcache_driven_transfer)[0m
[32;20m[2026-09-29 17:03:27,960] LMCache INFO:[0m Stored 256 tokens in 0.001 seconds [3m(lmcache_driven_transfer.py:1276:lmcache.v1.multiprocess.modules.lmcache_driven_transfer)[0m
[32;20m[2026-09-29 17:03:27,987] LMCache INFO:[0m L1 memory usage 0.81 above watermark 0.80; triggering eviction. [3m(eviction_controller.py:179:lmcache.v1.distributed.storage_controllers.eviction_controller)[0m
[32;20m[2026-09-29 17:03:28,026] LMCache INFO:[0m Stored 256 tokens in 0.001 seconds [3m(lmcache_driven_transfer.py:1276:lmcache.v1.multiprocess.modules.lmcache_driven_transfer)[0m
[32;20m[2026-09-29 17:03:28,196] LMCache INFO:[0m Stored 512 tokens in 0.001 seconds [3m(lmcache_driven_transfer.py:1276:lmcache.v1.multiprocess.modules.lmcache_driven_transfer)[0m
[32;20m[2026-09-29 17:03:28,523] LMCache INFO:[0m Stored 256 tokens in 0.002 seconds [3m(lmcache_driven_transfer.py:1276:lmcache.v1.multiprocess.modules.lmcache_driven_transfer)[0m
[32;20m[2026-09-29 17:03:28,651] LMCache INFO:[0m Stored 256 tokens in 0.002 seconds [3m(lmcache_driven_transfer.py:1276:lmcache.v1.multiprocess.modules.lmcache_driven_transfer)[0m
[32;20m[2026-09-29 17:03:28,683] LMCache INFO:[0m Stored 256 tokens in 0.001 seconds [3m(lmcache_driven_transfer.py:1276:lmcache.v1.multiprocess.modules.lmcache_driven_transfer)[0m
[32;20m[2026-09-29 17:03:29,139] LMCache INFO:[0m Stored 256 tokens in 0.001 seconds [3m(lmcache_driven_transfer.py:1276:lmcache.v1.multiprocess.modules.lmcache_driven_transfer)[0m
[32;20m[2026-09-29 17:03:29,224] LMCache INFO:[0m Stored 256 tokens in 0.001 seconds [3m(lmcache_driven_transfer.py:1276:lmcache.v1.multiprocess.modules.lmcache_driven_transfer)[0m
[32;20m[2026-09-29 17:03:29,291] LMCache INFO:[0m Stored 512 tokens in 0.001 seconds [3m(lmcache_driven_transfer.py:1276:lmcache.v1.multiprocess.modules.lmcache_driven_transfer)[0m
[32;20m[2026-09-29 17:03:29,518] LMCache INFO:[0m Stored 256 tokens in 0.001 seconds [3m(lmcache_driven_transfer.py:1276:lmcache.v1.multiprocess.modules.lmcache_driven_transfer)[0m
[32;20m[2026-09-29 17:03:29,648] LMCache INFO:[0m Prefetch request completed (L1+L2): 10/13 retained keys (10 L1, 0 L2) in 2494.0 ms (external_request_id=chatcmpl-a06ae5d7203e0e70-a7ad2f84, prefetch_request_id=-1) [3m(storage_manager.py:726:lmcache.v1.distributed.storage_manager)[0m
[32;20m[2026-09-29 17:03:29,649] LMCache INFO:[0m Prefetch request completed (L1+L2): 10/11 retained keys (10 L1, 0 L2) in 2493.8 ms (external_request_id=chatcmpl-9f8d9cf0e5b25cea-ae82576e, prefetch_request_id=-1) [3m(storage_manager.py:726:lmcache.v1.distributed.storage_manager)[0m
[32;20m[2026-09-29 17:03:29,696] LMCache INFO:[0m Stored 768 tokens in 0.001 seconds [3m(lmcache_driven_transfer.py:1276:lmcache.v1.multiprocess.modules.lmcache_driven_transfer)[0m
[32;20m[2026-09-29 17:03:29,856] LMCache INFO:[0m Stored 256 tokens in 0.001 seconds [3m(lmcache_driven_transfer.py:1276:lmcache.v1.multiprocess.modules.lmcache_driven_transfer)[0m
[32;20m[2026-09-29 17:03:29,900] LMCache INFO:[0m Prefetch request completed (L1+L2): 9/10 retained keys (9 L1, 0 L2) in 251.1 ms (external_request_id=chatcmpl-97e9f19f5f420c2e-a9310506, prefetch_request_id=-1) [3m(storage_manager.py:726:lmcache.v1.distributed.storage_manager)[0m
[32;20m[2026-09-29 17:03:29,900] LMCache INFO:[0m Prefetch request completed (L1+L2): 9/12 retained keys (9 L1, 0 L2) in 250.8 ms (external_request_id=chatcmpl-9fae1428a0476b9e-a5e27faa, prefetch_request_id=-1) [3m(storage_manager.py:726:lmcache.v1.distributed.storage_manager)[0m
[32;20m[2026-09-29 17:03:29,901] LMCache INFO:[0m Prefetch request completed (L1+L2): 9/11 retained keys (9 L1, 0 L2) in 250.7 ms (external_request_id=chatcmpl-bd1ce867c5aab1ec-b830e3f0, prefetch_request_id=-1) [3m(storage_manager.py:726:lmcache.v1.distributed.storage_manager)[0m
[32;20m[2026-09-29 17:03:29,901] LMCache INFO:[0m Prefetch request completed (L1+L2): 10/12 retained keys (10 L1, 0 L2) in 250.4 ms (external_request_id=chatcmpl-becda3f53d8654b7-9f4549fe, prefetch_request_id=-1) [3m(storage_manager.py:726:lmcache.v1.distributed.storage_manager)[0m
[32;20m[2026-09-29 17:03:29,901] LMCache INFO:[0m Prefetch request completed (L1+L2): 9/10 retained keys (9 L1, 0 L2) in 250.1 ms (external_request_id=chatcmpl-abdd64bbd6d68516-acf2504c, prefetch_request_id=-1) [3m(storage_manager.py:726:lmcache.v1.distributed.storage_manager)[0m
[32;20m[2026-09-29 17:03:29,901] LMCache INFO:[0m Prefetch request completed (L1+L2): 9/11 retained keys (9 L1, 0 L2) in 249.9 ms (external_request_id=chatcmpl-87ccb12879a28ec9-95e5a6e8, prefetch_request_id=-1) [3m(storage_manager.py:726:lmcache.v1.distributed.storage_manager)[0m
[32;20m[2026-09-29 17:03:29,901] LMCache INFO:[0m Prefetch request completed (L1+L2): 9/10 retained keys (9 L1, 0 L2) in 248.8 ms (external_request_id=chatcmpl-9e3e6c313a86ed66-89bb9d95, prefetch_request_id=-1) [3m(storage_manager.py:726:lmcache.v1.distributed.storage_manager)[0m
[32;20m[2026-09-29 17:03:29,902] LMCache INFO:[0m Prefetch request completed (L1+L2): 9/10 retained keys (9 L1, 0 L2) in 248.9 ms (external_request_id=chatcmpl-875741eb07cb63c9-b1c73e7b, prefetch_request_id=-1) [3m(storage_manager.py:726:lmcache.v1.distributed.storage_manager)[0m
[32;20m[2026-09-29 17:03:29,902] LMCache INFO:[0m Prefetch request completed (L1+L2): 9/11 retained keys (9 L1, 0 L2) in 248.9 ms (external_request_id=chatcmpl-a3f7b53b03251711-8a85394c, prefetch_request_id=-1) [3m(storage_manager.py:726:lmcache.v1.distributed.storage_manager)[0m
[32;20m[2026-09-29 17:03:29,902] LMCache INFO:[0m Prefetch request completed (L1+L2): 10/13 retained keys (10 L1, 0 L2) in 248.7 ms (external_request_id=chatcmpl-8f134c0a6f8d02d4-b6f4110a, prefetch_request_id=-1) [3m(storage_manager.py:726:lmcache.v1.distributed.storage_manager)[0m
[32;20m[2026-09-29 17:03:29,902] LMCache INFO:[0m Prefetch request completed (L1+L2): 9/9 retained keys (9 L1, 0 L2) in 248.8 ms (external_request_id=chatcmpl-a5b289146ba0a10e-b7257716, prefetch_request_id=-1) [3m(storage_manager.py:726:lmcache.v1.distributed.storage_manager)[0m
[32;20m[2026-09-29 17:03:29,902] LMCache INFO:[0m Prefetch request completed (L1+L2): 12/14 retained keys (12 L1, 0 L2) in 248.6 ms (external_request_id=chatcmpl-87ddb531ff2b40c4-b02c7445, prefetch_request_id=-1) [3m(storage_manager.py:726:lmcache.v1.distributed.storage_manager)[0m
[32;20m[2026-09-29 17:03:29,903] LMCache INFO:[0m Prefetch request completed (L1+L2): 9/10 retained keys (9 L1, 0 L2) in 248.8 ms (external_request_id=chatcmpl-bd0cf6de21ac0763-8290af82, prefetch_request_id=-1) [3m(storage_manager.py:726:lmcache.v1.distributed.storage_manager)[0m
[32;20m[2026-09-29 17:03:29,903] LMCache INFO:[0m Prefetch request completed (L1+L2): 10/12 retained keys (10 L1, 0 L2) in 248.7 ms (external_request_id=chatcmpl-a1fe432e33b342f8-b7b6c9de, prefetch_request_id=-1) [3m(storage_manager.py:726:lmcache.v1.distributed.storage_manager)[0m
[32;20m[2026-09-29 17:03:29,903] LMCache INFO:[0m Prefetch request completed (L1+L2): 12/14 retained keys (12 L1, 0 L2) in 248.0 ms (external_request_id=chatcmpl-85502b6afefffd8f-b2ef0120, prefetch_request_id=-1) [3m(storage_manager.py:726:lmcache.v1.distributed.storage_manager)[0m
[32;20m[2026-09-29 17:03:29,903] LMCache INFO:[0m Prefetch request completed (L1+L2): 10/11 retained keys (10 L1, 0 L2) in 247.9 ms (external_request_id=chatcmpl-a9ecc3794e51dfe7-9d12b144, prefetch_request_id=-1) [3m(storage_manager.py:726:lmcache.v1.distributed.storage_manager)[0m
[32;20m[2026-09-29 17:03:29,903] LMCache INFO:[0m Prefetch request completed (L1+L2): 11/11 retained keys (11 L1, 0 L2) in 247.5 ms (external_request_id=chatcmpl-96a44bbadf517a94-8bdf4dc0, prefetch_request_id=-1) [3m(storage_manager.py:726:lmcache.v1.distributed.storage_manager)[0m
[32;20m[2026-09-29 17:03:29,903] LMCache INFO:[0m Prefetch request completed (L1+L2): 10/11 retained keys (10 L1, 0 L2) in 247.4 ms (external_request_id=chatcmpl-b276d903285f0c0a-9abc1e7b, prefetch_request_id=-1) [3m(storage_manager.py:726:lmcache.v1.distributed.storage_manager)[0m
[32;20m[2026-09-29 17:03:29,903] LMCache INFO:[0m Prefetch request completed (L1+L2): 10/12 retained keys (10 L1, 0 L2) in 247.4 ms (external_request_id=chatcmpl-8f63d348620af544-86516b96, prefetch_request_id=-1) [3m(storage_manager.py:726:lmcache.v1.distributed.storage_manager)[0m
[32;20m[2026-09-29 17:03:29,904] LMCache INFO:[0m Prefetch request completed (L1+L2): 10/14 retained keys (10 L1, 0 L2) in 247.2 ms (external_request_id=chatcmpl-8e98bd9a30844753-86d36a87, prefetch_request_id=-1) [3m(storage_manager.py:726:lmcache.v1.distributed.storage_manager)[0m
[32;20m[2026-09-29 17:03:29,904] LMCache INFO:[0m Prefetch request completed (L1+L2): 9/10 retained keys (9 L1, 0 L2) in 247.1 ms (external_request_id=chatcmpl-bbc69ce1392b40c7-bc65dd88, prefetch_request_id=-1) [3m(storage_manager.py:726:lmcache.v1.distributed.storage_manager)[0m
[32;20m[2026-09-29 17:03:29,904] LMCache INFO:[0m Prefetch request completed (L1+L2): 9/10 retained keys (9 L1, 0 L2) in 246.9 ms (external_request_id=chatcmpl-8359f76c43200e3b-bd6b06dc, prefetch_request_id=-1) [3m(storage_manager.py:726:lmcache.v1.distributed.storage_manager)[0m
[32;20m[2026-09-29 17:03:29,948] LMCache INFO:[0m Stored 256 tokens in 0.001 seconds [3m(lmcache_driven_transfer.py:1276:lmcache.v1.multiprocess.modules.lmcache_driven_transfer)[0m
[32;20m[2026-09-29 17:03:30,155] LMCache INFO:[0m Stored 768 tokens in 0.001 seconds [3m(lmcache_driven_transfer.py:1276:lmcache.v1.multiprocess.modules.lmcache_driven_transfer)[0m
[32;20m[2026-09-29 17:03:30,267] LMCache INFO:[0m Stored 512 tokens in 0.001 seconds [3m(lmcache_driven_transfer.py:1276:lmcache.v1.multiprocess.modules.lmcache_driven_transfer)[0m
[32;20m[2026-09-29 17:03:30,268] LMCache INFO:[0m Stored 512 tokens in 0.001 seconds [3m(lmcache_driven_transfer.py:1276:lmcache.v1.multiprocess.modules.lmcache_driven_transfer)[0m
[32;20m[2026-09-29 17:03:30,575] LMCache INFO:[0m Stored 256 tokens in 0.001 seconds [3m(lmcache_driven_transfer.py:1276:lmcache.v1.multiprocess.modules.lmcache_driven_transfer)[0m
[32;20m[2026-09-29 17:03:30,628] LMCache INFO:[0m Stored 256 tokens in 0.001 seconds [3m(lmcache_driven_transfer.py:1276:lmcache.v1.multiprocess.modules.lmcache_driven_transfer)[0m
[32;20m[2026-09-29 17:03:30,754] LMCache INFO:[0m Stored 512 tokens in 0.001 seconds [3m(lmcache_driven_transfer.py:1276:lmcache.v1.multiprocess.modules.lmcache_driven_transfer)[0m
[32;20m[2026-09-29 17:03:30,839] LMCache INFO:[0m Stored 256 tokens in 0.001 seconds [3m(lmcache_driven_transfer.py:1276:lmcache.v1.multiprocess.modules.lmcache_driven_transfer)[0m
[32;20m[2026-09-29 17:03:30,873] LMCache INFO:[0m Stored 256 tokens in 0.001 seconds [3m(lmcache_driven_transfer.py:1276:lmcache.v1.multiprocess.modules.lmcache_driven_transfer)[0m
[32;20m[2026-09-29 17:03:30,915] LMCache INFO:[0m Stored 512 tokens in 0.001 seconds [3m(lmcache_driven_transfer.py:1276:lmcache.v1.multiprocess.modules.lmcache_driven_transfer)[0m
[32;20m[2026-09-29 17:03:31,170] LMCache INFO:[0m Stored 768 tokens in 0.001 seconds [3m(lmcache_driven_transfer.py:1276:lmcache.v1.multiprocess.modules.lmcache_driven_transfer)[0m
[32;20m[2026-09-29 17:03:31,365] LMCache INFO:[0m Stored 512 tokens in 0.001 seconds [3m(lmcache_driven_transfer.py:1276:lmcache.v1.multiprocess.modules.lmcache_driven_transfer)[0m
[32;20m[2026-09-29 17:03:31,515] LMCache INFO:[0m Stored 256 tokens in 0.001 seconds [3m(lmcache_driven_transfer.py:1276:lmcache.v1.multiprocess.modules.lmcache_driven_transfer)[0m
[32;20m[2026-09-29 17:03:31,685] LMCache INFO:[0m Stored 512 tokens in 0.001 seconds [3m(lmcache_driven_transfer.py:1276:lmcache.v1.multiprocess.modules.lmcache_driven_transfer)[0m
[32;20m[2026-09-29 17:03:31,756] LMCache INFO:[0m Stored 256 tokens in 0.001 seconds [3m(lmcache_driven_transfer.py:1276:lmcache.v1.multiprocess.modules.lmcache_driven_transfer)[0m
[32;20m[2026-09-29 17:03:31,890] LMCache INFO:[0m Stored 512 tokens in 0.001 seconds [3m(lmcache_driven_transfer.py:1276:lmcache.v1.multiprocess.modules.lmcache_driven_transfer)[0m
[32;20m[2026-09-29 17:03:31,891] LMCache INFO:[0m Stored 256 tokens in 0.001 seconds [3m(lmcache_driven_transfer.py:1276:lmcache.v1.multiprocess.modules.lmcache_driven_transfer)[0m
[32;20m[2026-09-29 17:03:32,140] LMCache INFO:[0m Stored 256 tokens in 0.001 seconds [3m(lmcache_driven_transfer.py:1276:lmcache.v1.multiprocess.modules.lmcache_driven_transfer)[0m
[32;20m[2026-09-29 17:03:32,271] LMCache INFO:[0m Stored 512 tokens in 0.001 seconds [3m(lmcache_driven_transfer.py:1276:lmcache.v1.multiprocess.modules.lmcache_driven_transfer)[0m
[32;20m[2026-09-29 17:03:32,358] LMCache INFO:[0m Stored 1024 tokens in 0.001 seconds [3m(lmcache_driven_transfer.py:1276:lmcache.v1.multiprocess.modules.lmcache_driven_transfer)[0m
[32;20m[2026-09-29 17:03:32,620] LMCache INFO:[0m Stored 256 tokens in 0.001 seconds [3m(lmcache_driven_transfer.py:1276:lmcache.v1.multiprocess.modules.lmcache_driven_transfer)[0m
INFO:     172.26.132.42:26312 - "GET /metrics HTTP/1.1" 200 OK
[32;20m[2026-09-29 17:03:32,731] LMCache INFO:[0m Stored 256 tokens in 0.001 seconds [3m(lmcache_driven_transfer.py:1276:lmcache.v1.multiprocess.modules.lmcache_driven_transfer)[0m
[32;20m[2026-09-29 17:03:32,812] LMCache INFO:[0m Prefetch request completed (L1+L2): 9/10 retained keys (9 L1, 0 L2) in 2907.6 ms (external_request_id=chatcmpl-9a4e6679f980d4fe-932a1b69, prefetch_request_id=-1) [3m(storage_manager.py:726:lmcache.v1.distributed.storage_manager)[0m
[32;20m[2026-09-29 17:03:32,812] LMCache INFO:[0m Prefetch request completed (L1+L2): 10/10 retained keys (10 L1, 0 L2) in 2907.4 ms (external_request_id=chatcmpl-ab35d5c00f3ebf2c-887a1de2, prefetch_request_id=-1) [3m(storage_manager.py:726:lmcache.v1.distributed.storage_manager)[0m
[32;20m[2026-09-29 17:03:32,833] LMCache INFO:[0m Prefetch request completed (L1+L2): 9/9 retained keys (9 L1, 0 L2) in 20.0 ms (external_request_id=chatcmpl-861358a37cf48c40-9961b928, prefetch_request_id=-1) [3m(storage_manager.py:726:lmcache.v1.distributed.storage_manager)[0m
[32;20m[2026-09-29 17:03:32,833] LMCache INFO:[0m Prefetch request completed (L1+L2): 9/11 retained keys (9 L1, 0 L2) in 19.6 ms (external_request_id=chatcmpl-b19ea9b795831592-a5e20ce0, prefetch_request_id=-1) [3m(storage_manager.py:726:lmcache.v1.distributed.storage_manager)[0m
[32;20m[2026-09-29 17:03:32,833] LMCache INFO:[0m Prefetch request completed (L1+L2): 9/10 retained keys (9 L1, 0 L2) in 19.5 ms (external_request_id=chatcmpl-b48600fd2ab09f25-acc8fa04, prefetch_request_id=-1) [3m(storage_manager.py:726:lmcache.v1.distributed.storage_manager)[0m
[32;20m[2026-09-29 17:03:32,833] LMCache INFO:[0m Prefetch request completed (L1+L2): 9/11 retained keys (9 L1, 0 L2) in 18.9 ms (external_request_id=chatcmpl-b9b2f67ce2e982af-8902b140, prefetch_request_id=-1) [3m(storage_manager.py:726:lmcache.v1.distributed.storage_manager)[0m
[32;20m[2026-09-29 17:03:32,833] LMCache INFO:[0m Prefetch request completed (L1+L2): 9/11 retained keys (9 L1, 0 L2) in 18.6 ms (external_request_id=chatcmpl-a0048e64c4c3e2e9-867df39e, prefetch_request_id=-1) [3m(storage_manager.py:726:lmcache.v1.distributed.storage_manager)[0m
[32;20m[2026-09-29 17:03:32,834] LMCache INFO:[0m Prefetch request completed (L1+L2): 10/11 retained keys (10 L1, 0 L2) in 18.6 ms (external_request_id=chatcmpl-bd4e9241635f8789-9b0adc74, prefetch_request_id=-1) [3m(storage_manager.py:726:lmcache.v1.distributed.storage_manager)[0m
[32;20m[2026-09-29 17:03:32,834] LMCache INFO:[0m Prefetch request completed (L1+L2): 9/10 retained keys (9 L1, 0 L2) in 18.4 ms (external_request_id=chatcmpl-8f2eb44da26a38dd-aef1c689, prefetch_request_id=-1) [3m(storage_manager.py:726:lmcache.v1.distributed.storage_manager)[0m
[32;20m[2026-09-29 17:03:32,834] LMCache INFO:[0m Prefetch request completed (L1+L2): 12/13 retained keys (12 L1, 0 L2) in 18.2 ms (external_request_id=chatcmpl-b70b22e64a57a7ce-b892e0aa, prefetch_request_id=-1) [3m(storage_manager.py:726:lmcache.v1.distributed.storage_manager)[0m
[32;20m[2026-09-29 17:03:32,834] LMCache INFO:[0m Prefetch request completed (L1+L2): 9/10 retained keys (9 L1, 0 L2) in 17.9 ms (external_request_id=chatcmpl-a9d10c590cab4d87-b350bba4, prefetch_request_id=-1) [3m(storage_manager.py:726:lmcache.v1.distributed.storage_manager)[0m
[32;20m[2026-09-29 17:03:32,834] LMCache INFO:[0m Prefetch request completed (L1+L2): 10/11 retained keys (10 L1, 0 L2) in 17.8 ms (external_request_id=chatcmpl-8634ec3afa17e29c-81446716, prefetch_request_id=-1) [3m(storage_manager.py:726:lmcache.v1.distributed.storage_manager)[0m
[32;20m[2026-09-29 17:03:32,835] LMCache INFO:[0m Prefetch request completed (L1+L2): 12/14 retained keys (12 L1, 0 L2) in 17.8 ms (external_request_id=chatcmpl-9b614cc37cd65b3f-854c48ee, prefetch_request_id=-1) [3m(storage_manager.py:726:lmcache.v1.distributed.storage_manager)[0m
[32;20m[2026-09-29 17:03:32,835] LMCache INFO:[0m Prefetch request completed (L1+L2): 10/12 retained keys (10 L1, 0 L2) in 17.6 ms (external_request_id=chatcmpl-a3167752f3e8b7fd-8be38130, prefetch_request_id=-1) [3m(storage_manager.py:726:lmcache.v1.distributed.storage_manager)[0m
[32;20m[2026-09-29 17:03:32,835] LMCache INFO:[0m Prefetch request completed (L1+L2): 11/11 retained keys (11 L1, 0 L2) in 17.2 ms (external_request_id=chatcmpl-b4a51cc15d1ef924-b6c1b75b, prefetch_request_id=-1) [3m(storage_manager.py:726:lmcache.v1.distributed.storage_manager)[0m
[32;20m[2026-09-29 17:03:32,836] LMCache INFO:[0m Prefetch request completed (L1+L2): 10/10 retained keys (10 L1, 0 L2) in 17.6 ms (external_request_id=chatcmpl-a25c41857b2f1b29-936c9654, prefetch_request_id=-1) [3m(storage_manager.py:726:lmcache.v1.distributed.storage_manager)[0m
[32;20m[2026-09-29 17:03:32,836] LMCache INFO:[0m Prefetch request completed (L1+L2): 10/11 retained keys (10 L1, 0 L2) in 17.1 ms (external_request_id=chatcmpl-bd81d8b1ab252f15-a382ce5f, prefetch_request_id=-1) [3m(storage_manager.py:726:lmcache.v1.distributed.storage_manager)[0m
[32;20m[2026-09-29 17:03:32,836] LMCache INFO:[0m Prefetch request completed (L1+L2): 10/11 retained keys (10 L1, 0 L2) in 17.0 ms (external_request_id=chatcmpl-a27e7b8a4580238d-a64dd08b, prefetch_request_id=-1) [3m(storage_manager.py:726:lmcache.v1.distributed.storage_manager)[0m
[32;20m[2026-09-29 17:03:32,836] LMCache INFO:[0m Prefetch request completed (L1+L2): 9/12 retained keys (9 L1, 0 L2) in 16.5 ms (external_request_id=chatcmpl-93ed6b91c51a89e2-8f7d6713, prefetch_request_id=-1) [3m(storage_manager.py:726:lmcache.v1.distributed.storage_manager)[0m
[32;20m[2026-09-29 17:03:32,836] LMCache INFO:[0m Prefetch request completed (L1+L2): 9/11 retained keys (9 L1, 0 L2) in 16.4 ms (external_request_id=chatcmpl-b3840eaa0072f3d8-a27c010c, prefetch_request_id=-1) [3m(storage_manager.py:726:lmcache.v1.distributed.storage_manager)[0m
[32;20m[2026-09-29 17:03:32,836] LMCache INFO:[0m Prefetch request completed (L1+L2): 9/9 retained keys (9 L1, 0 L2) in 15.9 ms (external_request_id=chatcmpl-a24da0fa26002182-a9cd839f, prefetch_request_id=-1) [3m(storage_manager.py:726:lmcache.v1.distributed.storage_manager)[0m
[32;20m[2026-09-29 17:03:32,836] LMCache INFO:[0m Prefetch request completed (L1+L2): 10/10 retained keys (10 L1, 0 L2) in 15.4 ms (external_request_id=chatcmpl-a287ed533562389a-9323bf4a, prefetch_request_id=-1) [3m(storage_manager.py:726:lmcache.v1.distributed.storage_manager)[0m
[32;20m[2026-09-29 17:03:32,836] LMCache INFO:[0m Prefetch request completed (L1+L2): 9/10 retained keys (9 L1, 0 L2) in 15.3 ms (external_request_id=chatcmpl-84d40517d90da27e-b3609740, prefetch_request_id=-1) [3m(storage_manager.py:726:lmcache.v1.distributed.storage_manager)[0m
[32;20m[2026-09-29 17:03:32,836] LMCache INFO:[0m Prefetch request completed (L1+L2): 9/11 retained keys (9 L1, 0 L2) in 14.9 ms (external_request_id=chatcmpl-8c9df7504528bbba-b1b426a2, prefetch_request_id=-1) [3m(storage_manager.py:726:lmcache.v1.distributed.storage_manager)[0m
[32;20m[2026-09-29 17:03:32,869] LMCache INFO:[0m Stored 256 tokens in 0.002 seconds [3m(lmcache_driven_transfer.py:1276:lmcache.v1.multiprocess.modules.lmcache_driven_transfer)[0m
[32;20m[2026-09-29 17:03:33,077] LMCache INFO:[0m Stored 512 tokens in 0.002 seconds [3m(lmcache_driven_transfer.py:1276:lmcache.v1.multiprocess.modules.lmcache_driven_transfer)[0m
[32;20m[2026-09-29 17:03:33,107] LMCache INFO:[0m Stored 256 tokens in 0.001 seconds [3m(lmcache_driven_transfer.py:1276:lmcache.v1.multiprocess.modules.lmcache_driven_transfer)[0m
[32;20m[2026-09-29 17:03:33,223] LMCache INFO:[0m Stored 256 tokens in 0.001 seconds [3m(lmcache_driven_transfer.py:1276:lmcache.v1.multiprocess.modules.lmcache_driven_transfer)[0m
[32;20m[2026-09-29 17:03:33,449] LMCache INFO:[0m Stored 512 tokens in 0.001 seconds [3m(lmcache_driven_transfer.py:1276:lmcache.v1.multiprocess.modules.lmcache_driven_transfer)[0m
[32;20m[2026-09-29 17:03:33,452] LMCache INFO:[0m Stored 256 tokens in 0.001 seconds [3m(lmcache_driven_transfer.py:1276:lmcache.v1.multiprocess.modules.lmcache_driven_transfer)[0m
[32;20m[2026-09-29 17:03:33,634] LMCache INFO:[0m Stored 512 tokens in 0.002 seconds [3m(lmcache_driven_transfer.py:1276:lmcache.v1.multiprocess.modules.lmcache_driven_transfer)[0m
[32;20m[2026-09-29 17:03:33,667] LMCache INFO:[0m Stored 256 tokens in 0.001 seconds [3m(lmcache_driven_transfer.py:1276:lmcache.v1.multiprocess.modules.lmcache_driven_transfer)[0m
[32;20m[2026-09-29 17:03:33,721] LMCache INFO:[0m Stored 256 tokens in 0.001 seconds [3m(lmcache_driven_transfer.py:1276:lmcache.v1.multiprocess.modules.lmcache_driven_transfer)[0m
[32;20m[2026-09-29 17:03:33,722] LMCache INFO:[0m Stored 256 tokens in 0.001 seconds [3m(lmcache_driven_transfer.py:1276:lmcache.v1.multiprocess.modules.lmcache_driven_transfer)[0m
[32;20m[2026-09-29 17:03:33,769] LMCache INFO:[0m Stored 256 tokens in 0.001 seconds [3m(lmcache_driven_transfer.py:1276:lmcache.v1.multiprocess.modules.lmcache_driven_transfer)[0m
[32;20m[2026-09-29 17:03:33,945] LMCache INFO:[0m Stored 256 tokens in 0.001 seconds [3m(lmcache_driven_transfer.py:1276:lmcache.v1.multiprocess.modules.lmcache_driven_transfer)[0m
[32;20m[2026-09-29 17:03:34,189] LMCache INFO:[0m Stored 256 tokens in 0.001 seconds [3m(lmcache_driven_transfer.py:1276:lmcache.v1.multiprocess.modules.lmcache_driven_transfer)[0m
[32;20m[2026-09-29 17:03:34,265] LMCache INFO:[0m Stored 256 tokens in 0.001 seconds [3m(lmcache_driven_transfer.py:1276:lmcache.v1.multiprocess.modules.lmcache_driven_transfer)[0m
[32;20m[2026-09-29 17:03:34,378] LMCache INFO:[0m Stored 512 tokens in 0.002 seconds [3m(lmcache_driven_transfer.py:1276:lmcache.v1.multiprocess.modules.lmcache_driven_transfer)[0m
[32;20m[2026-09-29 17:03:34,411] LMCache INFO:[0m Stored 512 tokens in 0.001 seconds [3m(lmcache_driven_transfer.py:1276:lmcache.v1.multiprocess.modules.lmcache_driven_transfer)[0m
[32;20m[2026-09-29 17:03:34,706] LMCache INFO:[0m Stored 256 tokens in 0.001 seconds [3m(lmcache_driven_transfer.py:1276:lmcache.v1.multiprocess.modules.lmcache_driven_transfer)[0m
[32;20m[2026-09-29 17:03:34,818] LMCache INFO:[0m Stored 256 tokens in 0.001 seconds [3m(lmcache_driven_transfer.py:1276:lmcache.v1.multiprocess.modules.lmcache_driven_transfer)[0m
[32;20m[2026-09-29 17:03:34,821] LMCache INFO:[0m Stored 256 tokens in 0.001 seconds [3m(lmcache_driven_transfer.py:1276:lmcache.v1.multiprocess.modules.lmcache_driven_transfer)[0m
[32;20m[2026-09-29 17:03:35,030] LMCache INFO:[0m Stored 768 tokens in 0.001 seconds [3m(lmcache_driven_transfer.py:1276:lmcache.v1.multiprocess.modules.lmcache_driven_transfer)[0m
[32;20m[2026-09-29 17:03:35,134] LMCache INFO:[0m Stored 512 tokens in 0.001 seconds [3m(lmcache_driven_transfer.py:1276:lmcache.v1.multiprocess.modules.lmcache_driven_transfer)[0m
[32;20m[2026-09-29 17:03:35,343] LMCache INFO:[0m Stored 256 tokens in 0.001 seconds [3m(lmcache_driven_transfer.py:1276:lmcache.v1.multiprocess.modules.lmcache_driven_transfer)[0m
[32;20m[2026-09-29 17:03:35,514] LMCache INFO:[0m Stored 256 tokens in 0.001 seconds [3m(lmcache_driven_transfer.py:1276:lmcache.v1.multiprocess.modules.lmcache_driven_transfer)[0m
[32;20m[2026-09-29 17:03:35,603] LMCache INFO:[0m Stored 256 tokens in 0.001 seconds [3m(lmcache_driven_transfer.py:1276:lmcache.v1.multiprocess.modules.lmcache_driven_transfer)[0m
[32;20m[2026-09-29 17:03:35,709] LMCache INFO:[0m Stored 512 tokens in 0.001 seconds [3m(lmcache_driven_transfer.py:1276:lmcache.v1.multiprocess.modules.lmcache_driven_transfer)[0m
[32;20m[2026-09-29 17:03:35,712] LMCache INFO:[0m Prefetch request completed (L1+L2): 9/9 retained keys (9 L1, 0 L2) in 2875.8 ms (external_request_id=chatcmpl-897d16c3e7a40f15-8d9aa502, prefetch_request_id=-1) [3m(storage_manager.py:726:lmcache.v1.distributed.storage_manager)[0m
[32;20m[2026-09-29 17:03:35,745] LMCache INFO:[0m Prefetch request completed (L1+L2): 9/11 retained keys (9 L1, 0 L2) in 32.4 ms (external_request_id=chatcmpl-a3859c3efe5a1211-91d06120, prefetch_request_id=-1) [3m(storage_manager.py:726:lmcache.v1.distributed.storage_manager)[0m
[32;20m[2026-09-29 17:03:35,746] LMCache INFO:[0m Prefetch request completed (L1+L2): 9/12 retained keys (9 L1, 0 L2) in 31.4 ms (external_request_id=chatcmpl-8fc9a468dfcd292e-bed4d454, prefetch_request_id=-1) [3m(storage_manager.py:726:lmcache.v1.distributed.storage_manager)[0m
[32;20m[2026-09-29 17:03:35,746] LMCache INFO:[0m Prefetch request completed (L1+L2): 10/11 retained keys (10 L1, 0 L2) in 31.2 ms (external_request_id=chatcmpl-a0c109a75e6d2dc3-9f945fb1, prefetch_request_id=-1) [3m(storage_manager.py:726:lmcache.v1.distributed.storage_manager)[0m
[32;20m[2026-09-29 17:03:35,746] LMCache INFO:[0m Prefetch request completed (L1+L2): 9/11 retained keys (9 L1, 0 L2) in 31.3 ms (external_request_id=chatcmpl-a2316badc74393c4-9923a3d9, prefetch_request_id=-1) [3m(storage_manager.py:726:lmcache.v1.distributed.storage_manager)[0m
[32;20m[2026-09-29 17:03:35,746] LMCache INFO:[0m Prefetch request completed (L1+L2): 12/12 retained keys (12 L1, 0 L2) in 31.1 ms (external_request_id=chatcmpl-82963f5e4a031f27-89e244b2, prefetch_request_id=-1) [3m(storage_manager.py:726:lmcache.v1.distributed.storage_manager)[0m
[32;20m[2026-09-29 17:03:35,746] LMCache INFO:[0m Prefetch request completed (L1+L2): 9/12 retained keys (9 L1, 0 L2) in 30.7 ms (external_request_id=chatcmpl-808746a338821285-846160ab, prefetch_request_id=-1) [3m(storage_manager.py:726:lmcache.v1.distributed.storage_manager)[0m
[32;20m[2026-09-29 17:03:35,747] LMCache INFO:[0m Prefetch request completed (L1+L2): 10/12 retained keys (10 L1, 0 L2) in 29.7 ms (external_request_id=chatcmpl-955dc24669666673-b0ee1375, prefetch_request_id=-1) [3m(storage_manager.py:726:lmcache.v1.distributed.storage_manager)[0m
[32;20m[2026-09-29 17:03:35,747] LMCache INFO:[0m Prefetch request completed (L1+L2): 12/13 retained keys (12 L1, 0 L2) in 29.8 ms (external_request_id=chatcmpl-931541d42f725ae1-8bdf6ffc, prefetch_request_id=-1) [3m(storage_manager.py:726:lmcache.v1.distributed.storage_manager)[0m
[32;20m[2026-09-29 17:03:35,747] LMCache INFO:[0m Prefetch request completed (L1+L2): 10/11 retained keys (10 L1, 0 L2) in 29.7 ms (external_request_id=chatcmpl-8b7fe9108b286e88-bb2d06fa, prefetch_request_id=-1) [3m(storage_manager.py:726:lmcache.v1.distributed.storage_manager)[0m
[32;20m[2026-09-29 17:03:35,747] LMCache INFO:[0m Prefetch request completed (L1+L2): 11/12 retained keys (11 L1, 0 L2) in 29.6 ms (external_request_id=chatcmpl-865d7dbb9dda255f-bbc51d05, prefetch_request_id=-1) [3m(storage_manager.py:726:lmcache.v1.distributed.storage_manager)[0m
[32;20m[2026-09-29 17:03:35,747] LMCache INFO:[0m Prefetch request completed (L1+L2): 10/10 retained keys (10 L1, 0 L2) in 29.6 ms (external_request_id=chatcmpl-b201f4e1d51c5076-a540d156, prefetch_request_id=-1) [3m(storage_manager.py:726:lmcache.v1.distributed.storage_manager)[0m
[32;20m[2026-09-29 17:03:35,748] LMCache INFO:[0m Prefetch request completed (L1+L2): 10/12 retained keys (10 L1, 0 L2) in 29.7 ms (external_request_id=chatcmpl-84903f145b3d7654-9f52877a, prefetch_request_id=-1) [3m(storage_manager.py:726:lmcache.v1.distributed.storage_manager)[0m
[32;20m[2026-09-29 17:03:35,748] LMCache INFO:[0m Prefetch request completed (L1+L2): 10/12 retained keys (10 L1, 0 L2) in 29.6 ms (external_request_id=chatcmpl-a5c12d436cf29022-84591f52, prefetch_request_id=-1) [3m(storage_manager.py:726:lmcache.v1.distributed.storage_manager)[0m
[32;20m[2026-09-29 17:03:35,748] LMCache INFO:[0m Prefetch request completed (L1+L2): 9/12 retained keys (9 L1, 0 L2) in 29.3 ms (external_request_id=chatcmpl-a9ed5636610e760b-9f75a905, prefetch_request_id=-1) [3m(storage_manager.py:726:lmcache.v1.distributed.storage_manager)[0m
[32;20m[2026-09-29 17:03:35,748] LMCache INFO:[0m Prefetch request completed (L1+L2): 9/12 retained keys (9 L1, 0 L2) in 29.4 ms (external_request_id=chatcmpl-9f77ee83bd6a245c-9fe84d5f, prefetch_request_id=-1) [3m(storage_manager.py:726:lmcache.v1.distributed.storage_manager)[0m
[32;20m[2026-09-29 17:03:35,748] LMCache INFO:[0m Prefetch request completed (L1+L2): 9/11 retained keys (9 L1, 0 L2) in 28.4 ms (external_request_id=chatcmpl-9e51ff07d7b4d57f-b8def801, prefetch_request_id=-1) [3m(storage_manager.py:726:lmcache.v1.distributed.storage_manager)[0m
[32;20m[2026-09-29 17:03:35,748] LMCache INFO:[0m Prefetch request completed (L1+L2): 10/10 retained keys (10 L1, 0 L2) in 28.3 ms (external_request_id=chatcmpl-bedd031c4057dab5-8b8b71fb, prefetch_request_id=-1) [3m(storage_manager.py:726:lmcache.v1.distributed.storage_manager)[0m
[32;20m[2026-09-29 17:03:35,748] LMCache INFO:[0m Prefetch request completed (L1+L2): 9/9 retained keys (9 L1, 0 L2) in 28.2 ms (external_request_id=chatcmpl-a5b0764ac1eee6a7-aec976b9, prefetch_request_id=-1) [3m(storage_manager.py:726:lmcache.v1.distributed.storage_manager)[0m
[32;20m[2026-09-29 17:03:35,749] LMCache INFO:[0m Prefetch request completed (L1+L2): 9/10 retained keys (9 L1, 0 L2) in 28.2 ms (external_request_id=chatcmpl-ba75515cc680b2fd-9afa9f97, prefetch_request_id=-1) [3m(storage_manager.py:726:lmcache.v1.distributed.storage_manager)[0m
[32;20m[2026-09-29 17:03:35,749] LMCache INFO:[0m Prefetch request completed (L1+L2): 9/11 retained keys (9 L1, 0 L2) in 28.2 ms (external_request_id=chatcmpl-ba30b2858a6e3e46-9fc2db85, prefetch_request_id=-1) [3m(storage_manager.py:726:lmcache.v1.distributed.storage_manager)[0m
[32;20m[2026-09-29 17:03:35,749] LMCache INFO:[0m Prefetch request completed (L1+L2): 9/11 retained keys (9 L1, 0 L2) in 28.3 ms (external_request_id=chatcmpl-931e23f60cca00c8-811aae93, prefetch_request_id=-1) [3m(storage_manager.py:726:lmcache.v1.distributed.storage_manager)[0m
[32;20m[2026-09-29 17:03:35,749] LMCache INFO:[0m Prefetch request completed (L1+L2): 9/11 retained keys (9 L1, 0 L2) in 28.1 ms (external_request_id=chatcmpl-8c34d47e776a9ff9-a5f06c93, prefetch_request_id=-1) [3m(storage_manager.py:726:lmcache.v1.distributed.storage_manager)[0m
[32;20m[2026-09-29 17:03:35,749] LMCache INFO:[0m Prefetch request completed (L1+L2): 10/11 retained keys (10 L1, 0 L2) in 27.7 ms (external_request_id=chatcmpl-882bc7b3562ccdbe-b176627e, prefetch_request_id=-1) [3m(storage_manager.py:726:lmcache.v1.distributed.storage_manager)[0m
[32;20m[2026-09-29 17:03:35,809] LMCache INFO:[0m Stored 512 tokens in 0.001 seconds [3m(lmcache_driven_transfer.py:1276:lmcache.v1.multiprocess.modules.lmcache_driven_transfer)[0m
[32;20m[2026-09-29 17:03:35,971] LMCache INFO:[0m Stored 768 tokens in 0.002 seconds [3m(lmcache_driven_transfer.py:1276:lmcache.v1.multiprocess.modules.lmcache_driven_transfer)[0m
[32;20m[2026-09-29 17:03:36,004] LMCache INFO:[0m Stored 256 tokens in 0.001 seconds [3m(lmcache_driven_transfer.py:1276:lmcache.v1.multiprocess.modules.lmcache_driven_transfer)[0m
[32;20m[2026-09-29 17:03:36,024] LMCache INFO:[0m Stored 256 tokens in 0.001 seconds [3m(lmcache_driven_transfer.py:1276:lmcache.v1.multiprocess.modules.lmcache_driven_transfer)[0m
[32;20m[2026-09-29 17:03:36,150] LMCache INFO:[0m Stored 512 tokens in 0.001 seconds [3m(lmcache_driven_transfer.py:1276:lmcache.v1.multiprocess.modules.lmcache_driven_transfer)[0m
[32;20m[2026-09-29 17:03:36,464] LMCache INFO:[0m Stored 768 tokens in 0.002 seconds [3m(lmcache_driven_transfer.py:1276:lmcache.v1.multiprocess.modules.lmcache_driven_transfer)[0m
[32;20m[2026-09-29 17:03:36,466] LMCache INFO:[0m Stored 512 tokens in 0.001 seconds [3m(lmcache_driven_transfer.py:1276:lmcache.v1.multiprocess.modules.lmcache_driven_transfer)[0m
[32;20m[2026-09-29 17:03:36,652] LMCache INFO:[0m Stored 256 tokens in 0.001 seconds [3m(lmcache_driven_transfer.py:1276:lmcache.v1.multiprocess.modules.lmcache_driven_transfer)[0m
[32;20m[2026-09-29 17:03:36,915] LMCache INFO:[0m Stored 256 tokens in 0.001 seconds [3m(lmcache_driven_transfer.py:1276:lmcache.v1.multiprocess.modules.lmcache_driven_transfer)[0m
[32;20m[2026-09-29 17:03:36,982] LMCache INFO:[0m Stored 256 tokens in 0.001 seconds [3m(lmcache_driven_transfer.py:1276:lmcache.v1.multiprocess.modules.lmcache_driven_transfer)[0m
[32;20m[2026-09-29 17:03:37,115] LMCache INFO:[0m Stored 512 tokens in 0.001 seconds [3m(lmcache_driven_transfer.py:1276:lmcache.v1.multiprocess.modules.lmcache_driven_transfer)[0m
[32;20m[2026-09-29 17:03:37,149] LMCache INFO:[0m Stored 512 tokens in 0.001 seconds [3m(lmcache_driven_transfer.py:1276:lmcache.v1.multiprocess.modules.lmcache_driven_transfer)[0m
[32;20m[2026-09-29 17:03:37,150] LMCache INFO:[0m Stored 768 tokens in 0.001 seconds [3m(lmcache_driven_transfer.py:1276:lmcache.v1.multiprocess.modules.lmcache_driven_transfer)[0m
[32;20m[2026-09-29 17:03:37,435] LMCache INFO:[0m Stored 256 tokens in 0.001 seconds [3m(lmcache_driven_transfer.py:1276:lmcache.v1.multiprocess.modules.lmcache_driven_transfer)[0m
[32;20m[2026-09-29 17:03:37,545] LMCache INFO:[0m Stored 768 tokens in 0.001 seconds [3m(lmcache_driven_transfer.py:1276:lmcache.v1.multiprocess.modules.lmcache_driven_transfer)[0m
[32;20m[2026-09-29 17:03:37,671] LMCache INFO:[0m Stored 512 tokens in 0.001 seconds [3m(lmcache_driven_transfer.py:1276:lmcache.v1.multiprocess.modules.lmcache_driven_transfer)[0m
[32;20m[2026-09-29 17:03:37,761] LMCache INFO:[0m Stored 256 tokens in 0.001 seconds [3m(lmcache_driven_transfer.py:1276:lmcache.v1.multiprocess.modules.lmcache_driven_transfer)[0m
[32;20m[2026-09-29 17:03:37,989] LMCache INFO:[0m L1 memory usage 0.81 above watermark 0.80; triggering eviction. [3m(eviction_controller.py:179:lmcache.v1.distributed.storage_controllers.eviction_controller)[0m
[32;20m[2026-09-29 17:03:38,007] LMCache INFO:[0m Stored 256 tokens in 0.001 seconds [3m(lmcache_driven_transfer.py:1276:lmcache.v1.multiprocess.modules.lmcache_driven_transfer)[0m
[32;20m[2026-09-29 17:03:38,137] LMCache INFO:[0m Stored 256 tokens in 0.001 seconds [3m(lmcache_driven_transfer.py:1276:lmcache.v1.multiprocess.modules.lmcache_driven_transfer)[0m
[32;20m[2026-09-29 17:03:38,242] LMCache INFO:[0m Stored 512 tokens in 0.001 seconds [3m(lmcache_driven_transfer.py:1276:lmcache.v1.multiprocess.modules.lmcache_driven_transfer)[0m
[32;20m[2026-09-29 17:03:38,352] LMCache INFO:[0m Stored 512 tokens in 0.002 seconds [3m(lmcache_driven_transfer.py:1276:lmcache.v1.multiprocess.modules.lmcache_driven_transfer)[0m
[32;20m[2026-09-29 17:03:38,383] LMCache INFO:[0m Stored 512 tokens in 0.001 seconds [3m(lmcache_driven_transfer.py:1276:lmcache.v1.multiprocess.modules.lmcache_driven_transfer)[0m
[32;20m[2026-09-29 17:03:38,566] LMCache INFO:[0m Stored 256 tokens in 0.002 seconds [3m(lmcache_driven_transfer.py:1276:lmcache.v1.multiprocess.modules.lmcache_driven_transfer)[0m
[32;20m[2026-09-29 17:03:38,761] LMCache INFO:[0m Prefetch request completed (L1+L2): 9/10 retained keys (9 L1, 0 L2) in 3011.4 ms (external_request_id=chatcmpl-b3d8f90c47f9fcd2-b2c428d0, prefetch_request_id=-1) [3m(storage_manager.py:726:lmcache.v1.distributed.storage_manager)[0m
[32;20m[2026-09-29 17:03:38,809] LMCache INFO:[0m Stored 256 tokens in 0.001 seconds [3m(lmcache_driven_transfer.py:1276:lmcache.v1.multiprocess.modules.lmcache_driven_transfer)[0m
[32;20m[2026-09-29 17:03:38,810] LMCache INFO:[0m Stored 256 tokens in 0.001 seconds [3m(lmcache_driven_transfer.py:1276:lmcache.v1.multiprocess.modules.lmcache_driven_transfer)[0m
[32;20m[2026-09-29 17:03:39,100] LMCache INFO:[0m Prefetch request completed (L1+L2): 12/13 retained keys (12 L1, 0 L2) in 338.5 ms (external_request_id=chatcmpl-9473141e15ef7f1f-a23a21f3, prefetch_request_id=-1) [3m(storage_manager.py:726:lmcache.v1.distributed.storage_manager)[0m
[32;20m[2026-09-29 17:03:39,101] LMCache INFO:[0m Prefetch request completed (L1+L2): 9/11 retained keys (9 L1, 0 L2) in 338.3 ms (external_request_id=chatcmpl-ac9ecbc7b2d6579f-8deeca0a, prefetch_request_id=-1) [3m(storage_manager.py:726:lmcache.v1.distributed.storage_manager)[0m
[32;20m[2026-09-29 17:03:39,101] LMCache INFO:[0m Prefetch request completed (L1+L2): 10/10 retained keys (10 L1, 0 L2) in 338.2 ms (external_request_id=chatcmpl-9a529ec878344106-98abf43f, prefetch_request_id=-1) [3m(storage_manager.py:726:lmcache.v1.distributed.storage_manager)[0m
[32;20m[2026-09-29 17:03:39,101] LMCache INFO:[0m Prefetch request completed (L1+L2): 12/12 retained keys (12 L1, 0 L2) in 337.9 ms (external_request_id=chatcmpl-b53db593ef4defbe-877cb1b3, prefetch_request_id=-1) [3m(storage_manager.py:726:lmcache.v1.distributed.storage_manager)[0m
[32;20m[2026-09-29 17:03:39,101] LMCache INFO:[0m Prefetch request completed (L1+L2): 10/12 retained keys (10 L1, 0 L2) in 337.9 ms (external_request_id=chatcmpl-b09a188dbe0e457f-9cbd55bc, prefetch_request_id=-1) [3m(storage_manager.py:726:lmcache.v1.distributed.storage_manager)[0m
[32;20m[2026-09-29 17:03:39,101] LMCache INFO:[0m Prefetch request completed (L1+L2): 11/12 retained keys (11 L1, 0 L2) in 337.4 ms (external_request_id=chatcmpl-a97c4d13e3cb03c9-8674b78e, prefetch_request_id=-1) [3m(storage_manager.py:726:lmcache.v1.distributed.storage_manager)[0m
[32;20m[2026-09-29 17:03:39,102] LMCache INFO:[0m Prefetch request completed (L1+L2): 10/12 retained keys (10 L1, 0 L2) in 337.5 ms (external_request_id=chatcmpl-a4d71b4187555fc9-b5949fbf, prefetch_request_id=-1) [3m(storage_manager.py:726:lmcache.v1.distributed.storage_manager)[0m
[32;20m[2026-09-29 17:03:39,102] LMCache INFO:[0m Prefetch request completed (L1+L2): 10/12 retained keys (10 L1, 0 L2) in 337.1 ms (external_request_id=chatcmpl-b6108c57a01fb046-8cca5178, prefetch_request_id=-1) [3m(storage_manager.py:726:lmcache.v1.distributed.storage_manager)[0m
[32;20m[2026-09-29 17:03:39,102] LMCache INFO:[0m Prefetch request completed (L1+L2): 10/11 retained keys (10 L1, 0 L2) in 336.8 ms (external_request_id=chatcmpl-b150ea1fa5044a2d-825470c3, prefetch_request_id=-1) [3m(storage_manager.py:726:lmcache.v1.distributed.storage_manager)[0m
[32;20m[2026-09-29 17:03:39,102] LMCache INFO:[0m Prefetch request completed (L1+L2): 9/12 retained keys (9 L1, 0 L2) in 336.8 ms (external_request_id=chatcmpl-a6ed1ec12ef3e6b3-b7ab9124, prefetch_request_id=-1) [3m(storage_manager.py:726:lmcache.v1.distributed.storage_manager)[0m
[32;20m[2026-09-29 17:03:39,103] LMCache INFO:[0m Prefetch request completed (L1+L2): 9/11 retained keys (9 L1, 0 L2) in 336.6 ms (external_request_id=chatcmpl-9f3ee6fb554d99cd-9ed2b8b5, prefetch_request_id=-1) [3m(storage_manager.py:726:lmcache.v1.distributed.storage_manager)[0m
[32;20m[2026-09-29 17:03:39,103] LMCache INFO:[0m Prefetch request completed (L1+L2): 9/10 retained keys (9 L1, 0 L2) in 336.5 ms (external_request_id=chatcmpl-a6b3daf45cdca71d-8a970f5c, prefetch_request_id=-1) [3m(storage_manager.py:726:lmcache.v1.distributed.storage_manager)[0m
[32;20m[2026-09-29 17:03:39,103] LMCache INFO:[0m Prefetch request completed (L1+L2): 10/13 retained keys (10 L1, 0 L2) in 336.3 ms (external_request_id=chatcmpl-8dfd304afc3e4206-a3337930, prefetch_request_id=-1) [3m(storage_manager.py:726:lmcache.v1.distributed.storage_manager)[0m
[32;20m[2026-09-29 17:03:39,103] LMCache INFO:[0m Prefetch request completed (L1+L2): 9/11 retained keys (9 L1, 0 L2) in 336.2 ms (external_request_id=chatcmpl-87e55816316d0991-86459450, prefetch_request_id=-1) [3m(storage_manager.py:726:lmcache.v1.distributed.storage_manager)[0m
[32;20m[2026-09-29 17:03:39,103] LMCache INFO:[0m Prefetch request completed (L1+L2): 9/11 retained keys (9 L1, 0 L2) in 335.9 ms (external_request_id=chatcmpl-ad8bc23156a07987-9c86ea94, prefetch_request_id=-1) [3m(storage_manager.py:726:lmcache.v1.distributed.storage_manager)[0m
[32;20m[2026-09-29 17:03:39,103] LMCache INFO:[0m Prefetch request completed (L1+L2): 9/10 retained keys (9 L1, 0 L2) in 335.3 ms (external_request_id=chatcmpl-935bc4e1856bebb7-98e3e23a, prefetch_request_id=-1) [3m(storage_manager.py:726:lmcache.v1.distributed.storage_manager)[0m
[32;20m[2026-09-29 17:03:39,104] LMCache INFO:[0m Prefetch request completed (L1+L2): 9/11 retained keys (9 L1, 0 L2) in 335.4 ms (external_request_id=chatcmpl-901c444787c46a94-a2771f88, prefetch_request_id=-1) [3m(storage_manager.py:726:lmcache.v1.distributed.storage_manager)[0m
[32;20m[2026-09-29 17:03:39,104] LMCache INFO:[0m Prefetch request completed (L1+L2): 9/10 retained keys (9 L1, 0 L2) in 335.3 ms (external_request_id=chatcmpl-b72a958690ab3c5b-b398cacd, prefetch_request_id=-1) [3m(storage_manager.py:726:lmcache.v1.distributed.storage_manager)[0m
[32;20m[2026-09-29 17:03:39,104] LMCache INFO:[0m Prefetch request completed (L1+L2): 10/12 retained keys (10 L1, 0 L2) in 335.3 ms (external_request_id=chatcmpl-9380ec51d1d60980-9135f451, prefetch_request_id=-1) [3m(storage_manager.py:726:lmcache.v1.distributed.storage_manager)[0m
[32;20m[2026-09-29 17:03:39,104] LMCache INFO:[0m Prefetch request completed (L1+L2): 9/9 retained keys (9 L1, 0 L2) in 335.3 ms (external_request_id=chatcmpl-ad5b1485971a9dc0-91ad9d6e, prefetch_request_id=-1) [3m(storage_manager.py:726:lmcache.v1.distributed.storage_manager)[0m
[32;20m[2026-09-29 17:03:39,104] LMCache INFO:[0m Prefetch request completed (L1+L2): 12/14 retained keys (12 L1, 0 L2) in 335.1 ms (external_request_id=chatcmpl-b650cc2dea9d404e-9e040087, prefetch_request_id=-1) [3m(storage_manager.py:726:lmcache.v1.distributed.storage_manager)[0m
[32;20m[2026-09-29 17:03:39,105] LMCache INFO:[0m Prefetch request completed (L1+L2): 9/11 retained keys (9 L1, 0 L2) in 334.8 ms (external_request_id=chatcmpl-a42653255ae959a1-9884bfee, prefetch_request_id=-1) [3m(storage_manager.py:726:lmcache.v1.distributed.storage_manager)[0m
[32;20m[2026-09-29 17:03:39,105] LMCache INFO:[0m Prefetch request completed (L1+L2): 10/11 retained keys (10 L1, 0 L2) in 334.9 ms (external_request_id=chatcmpl-8ad3ba51dcfadc52-b083bf1c, prefetch_request_id=-1) [3m(storage_manager.py:726:lmcache.v1.distributed.storage_manager)[0m
[32;20m[2026-09-29 17:03:39,151] LMCache INFO:[0m Stored 256 tokens in 0.002 seconds [3m(lmcache_driven_transfer.py:1276:lmcache.v1.multiprocess.modules.lmcache_driven_transfer)[0m
[32;20m[2026-09-29 17:03:39,186] LMCache INFO:[0m Stored 512 tokens in 0.002 seconds [3m(lmcache_driven_transfer.py:1276:lmcache.v1.multiprocess.modules.lmcache_driven_transfer)[0m
[32;20m[2026-09-29 17:03:39,331] LMCache INFO:[0m Stored 512 tokens in 0.001 seconds [3m(lmcache_driven_transfer.py:1276:lmcache.v1.multiprocess.modules.lmcache_driven_transfer)[0m
[32;20m[2026-09-29 17:03:39,433] LMCache INFO:[0m Stored 256 tokens in 0.001 seconds [3m(lmcache_driven_transfer.py:1276:lmcache.v1.multiprocess.modules.lmcache_driven_transfer)[0m
[32;20m[2026-09-29 17:03:39,436] LMCache INFO:[0m Stored 256 tokens in 0.001 seconds [3m(lmcache_driven_transfer.py:1276:lmcache.v1.multiprocess.modules.lmcache_driven_transfer)[0m
[32;20m[2026-09-29 17:03:39,521] LMCache INFO:[0m Stored 512 tokens in 0.001 seconds [3m(lmcache_driven_transfer.py:1276:lmcache.v1.multiprocess.modules.lmcache_driven_transfer)[0m
[32;20m[2026-09-29 17:03:39,670] LMCache INFO:[0m Stored 512 tokens in 0.001 seconds [3m(lmcache_driven_transfer.py:1276:lmcache.v1.multiprocess.modules.lmcache_driven_transfer)[0m
[32;20m[2026-09-29 17:03:39,671] LMCache INFO:[0m Stored 256 tokens in 0.001 seconds [3m(lmcache_driven_transfer.py:1276:lmcache.v1.multiprocess.modules.lmcache_driven_transfer)[0m
[32;20m[2026-09-29 17:03:39,798] LMCache INFO:[0m Stored 256 tokens in 0.001 seconds [3m(lmcache_driven_transfer.py:1276:lmcache.v1.multiprocess.modules.lmcache_driven_transfer)[0m
[32;20m[2026-09-29 17:03:40,006] LMCache INFO:[0m Stored 768 tokens in 0.002 seconds [3m(lmcache_driven_transfer.py:1276:lmcache.v1.multiprocess.modules.lmcache_driven_transfer)[0m
[32;20m[2026-09-29 17:03:40,154] LMCache INFO:[0m Stored 512 tokens in 0.001 seconds [3m(lmcache_driven_transfer.py:1276:lmcache.v1.multiprocess.modules.lmcache_driven_transfer)[0m
[32;20m[2026-09-29 17:03:40,186] LMCache INFO:[0m Stored 256 tokens in 0.001 seconds [3m(lmcache_driven_transfer.py:1276:lmcache.v1.multiprocess.modules.lmcache_driven_transfer)[0m
[32;20m[2026-09-29 17:03:40,386] LMCache INFO:[0m Stored 768 tokens in 0.002 seconds [3m(lmcache_driven_transfer.py:1276:lmcache.v1.multiprocess.modules.lmcache_driven_transfer)[0m
[32;20m[2026-09-29 17:03:40,387] LMCache INFO:[0m Stored 512 tokens in 0.001 seconds [3m(lmcache_driven_transfer.py:1276:lmcache.v1.multiprocess.modules.lmcache_driven_transfer)[0m
[32;20m[2026-09-29 17:03:40,687] LMCache INFO:[0m Stored 512 tokens in 0.003 seconds [3m(lmcache_driven_transfer.py:1276:lmcache.v1.multiprocess.modules.lmcache_driven_transfer)[0m
[32;20m[2026-09-29 17:03:40,851] LMCache INFO:[0m Stored 256 tokens in 0.001 seconds [3m(lmcache_driven_transfer.py:1276:lmcache.v1.multiprocess.modules.lmcache_driven_transfer)[0m
[32;20m[2026-09-29 17:03:40,916] LMCache INFO:[0m Stored 512 tokens in 0.001 seconds [3m(lmcache_driven_transfer.py:1276:lmcache.v1.multiprocess.modules.lmcache_driven_transfer)[0m
[32;20m[2026-09-29 17:03:41,105] LMCache INFO:[0m Stored 256 tokens in 0.002 seconds [3m(lmcache_driven_transfer.py:1276:lmcache.v1.multiprocess.modules.lmcache_driven_transfer)[0m
[32;20m[2026-09-29 17:03:41,137] LMCache INFO:[0m Stored 512 tokens in 0.001 seconds [3m(lmcache_driven_transfer.py:1276:lmcache.v1.multiprocess.modules.lmcache_driven_transfer)[0m
[32;20m[2026-09-29 17:03:41,366] LMCache INFO:[0m Stored 512 tokens in 0.002 seconds [3m(lmcache_driven_transfer.py:1276:lmcache.v1.multiprocess.modules.lmcache_driven_transfer)[0m
[32;20m[2026-09-29 17:03:41,613] LMCache INFO:[0m Stored 512 tokens in 0.002 seconds [3m(lmcache_driven_transfer.py:1276:lmcache.v1.multiprocess.modules.lmcache_driven_transfer)[0m
[32;20m[2026-09-29 17:03:41,614] LMCache INFO:[0m Stored 256 tokens in 0.001 seconds [3m(lmcache_driven_transfer.py:1276:lmcache.v1.multiprocess.modules.lmcache_driven_transfer)[0m
[32;20m[2026-09-29 17:03:41,720] LMCache INFO:[0m Stored 256 tokens in 0.001 seconds [3m(lmcache_driven_transfer.py:1276:lmcache.v1.multiprocess.modules.lmcache_driven_transfer)[0m
[32;20m[2026-09-29 17:03:41,800] LMCache INFO:[0m Prefetch request completed (L1+L2): 12/14 retained keys (12 L1, 0 L2) in 2694.2 ms (external_request_id=chatcmpl-a45093a618e4561f-a98da8fc, prefetch_request_id=-1) [3m(storage_manager.py:726:lmcache.v1.distributed.storage_manager)[0m
[32;20m[2026-09-29 17:03:41,820] LMCache INFO:[0m Prefetch request completed (L1+L2): 10/13 retained keys (10 L1, 0 L2) in 19.2 ms (external_request_id=chatcmpl-b28ff6180efcccf4-9816abde, prefetch_request_id=-1) [3m(storage_manager.py:726:lmcache.v1.distributed.storage_manager)[0m
[32;20m[2026-09-29 17:03:41,820] LMCache INFO:[0m Prefetch request completed (L1+L2): 11/11 retained keys (11 L1, 0 L2) in 18.9 ms (external_request_id=chatcmpl-b0d7ef541dbb42e9-a743f989, prefetch_request_id=-1) [3m(storage_manager.py:726:lmcache.v1.distributed.storage_manager)[0m
[32;20m[2026-09-29 17:03:41,820] LMCache INFO:[0m Prefetch request completed (L1+L2): 10/11 retained keys (10 L1, 0 L2) in 18.0 ms (external_request_id=chatcmpl-875f08c964ce66df-8afda595, prefetch_request_id=-1) [3m(storage_manager.py:726:lmcache.v1.distributed.storage_manager)[0m
[32;20m[2026-09-29 17:03:41,820] LMCache INFO:[0m Prefetch request completed (L1+L2): 10/13 retained keys (10 L1, 0 L2) in 17.8 ms (external_request_id=chatcmpl-a370487d81b05203-acc8a039, prefetch_request_id=-1) [3m(storage_manager.py:726:lmcache.v1.distributed.storage_manager)[0m
[32;20m[2026-09-29 17:03:41,820] LMCache INFO:[0m Prefetch request completed (L1+L2): 10/11 retained keys (10 L1, 0 L2) in 17.8 ms (external_request_id=chatcmpl-b051b321557bfa95-a846512b, prefetch_request_id=-1) [3m(storage_manager.py:726:lmcache.v1.distributed.storage_manager)[0m
[32;20m[2026-09-29 17:03:41,820] LMCache INFO:[0m Prefetch request completed (L1+L2): 9/10 retained keys (9 L1, 0 L2) in 17.8 ms (external_request_id=chatcmpl-8a57fff8f2fe26d9-860aeff3, prefetch_request_id=-1) [3m(storage_manager.py:726:lmcache.v1.distributed.storage_manager)[0m
[32;20m[2026-09-29 17:03:41,821] LMCache INFO:[0m Prefetch request completed (L1+L2): 9/11 retained keys (9 L1, 0 L2) in 17.7 ms (external_request_id=chatcmpl-a51537c61774899a-93ae35f2, prefetch_request_id=-1) [3m(storage_manager.py:726:lmcache.v1.distributed.storage_manager)[0m
[32;20m[2026-09-29 17:03:41,821] LMCache INFO:[0m Prefetch request completed (L1+L2): 9/11 retained keys (9 L1, 0 L2) in 17.7 ms (external_request_id=chatcmpl-838c6a5b947e8d04-bfdb9403, prefetch_request_id=-1) [3m(storage_manager.py:726:lmcache.v1.distributed.storage_manager)[0m
[32;20m[2026-09-29 17:03:41,821] LMCache INFO:[0m Prefetch request completed (L1+L2): 10/11 retained keys (10 L1, 0 L2) in 17.7 ms (external_request_id=chatcmpl-8f599efc2759c0d1-a979a79c, prefetch_request_id=-1) [3m(storage_manager.py:726:lmcache.v1.distributed.storage_manager)[0m
[32;20m[2026-09-29 17:03:41,821] LMCache INFO:[0m Prefetch request completed (L1+L2): 9/9 retained keys (9 L1, 0 L2) in 17.5 ms (external_request_id=chatcmpl-baba595a4ce7a36f-947cb628, prefetch_request_id=-1) [3m(storage_manager.py:726:lmcache.v1.distributed.storage_manager)[0m
[32;20m[2026-09-29 17:03:41,821] LMCache INFO:[0m Prefetch request completed (L1+L2): 9/11 retained keys (9 L1, 0 L2) in 17.2 ms (external_request_id=chatcmpl-9a474c1dabc206c8-ac356632, prefetch_request_id=-1) [3m(storage_manager.py:726:lmcache.v1.distributed.storage_manager)[0m
[32;20m[2026-09-29 17:03:41,822] LMCache INFO:[0m Prefetch request completed (L1+L2): 9/11 retained keys (9 L1, 0 L2) in 17.0 ms (external_request_id=chatcmpl-99398613098fe2ec-a0a37f06, prefetch_request_id=-1) [3m(storage_manager.py:726:lmcache.v1.distributed.storage_manager)[0m
[32;20m[2026-09-29 17:03:41,822] LMCache INFO:[0m Prefetch request completed (L1+L2): 9/11 retained keys (9 L1, 0 L2) in 16.6 ms (external_request_id=chatcmpl-987cc9164684bd4e-a19388a5, prefetch_request_id=-1) [3m(storage_manager.py:726:lmcache.v1.distributed.storage_manager)[0m
[32;20m[2026-09-29 17:03:41,822] LMCache INFO:[0m Prefetch request completed (L1+L2): 9/10 retained keys (9 L1, 0 L2) in 16.7 ms (external_request_id=chatcmpl-a6e58b6d7adbdc10-86d71ea7, prefetch_request_id=-1) [3m(storage_manager.py:726:lmcache.v1.distributed.storage_manager)[0m
[32;20m[2026-09-29 17:03:41,822] LMCache INFO:[0m Prefetch request completed (L1+L2): 10/12 retained keys (10 L1, 0 L2) in 16.3 ms (external_request_id=chatcmpl-b6f3bd1c05d7e9fa-a7a6ec36, prefetch_request_id=-1) [3m(storage_manager.py:726:lmcache.v1.distributed.storage_manager)[0m
[32;20m[2026-09-29 17:03:41,822] LMCache INFO:[0m Prefetch request completed (L1+L2): 9/10 retained keys (9 L1, 0 L2) in 15.9 ms (external_request_id=chatcmpl-809a2aeddb1c81f8-93869084, prefetch_request_id=-1) [3m(storage_manager.py:726:lmcache.v1.distributed.storage_manager)[0m
[32;20m[2026-09-29 17:03:41,822] LMCache INFO:[0m Prefetch request completed (L1+L2): 12/13 retained keys (12 L1, 0 L2) in 15.8 ms (external_request_id=chatcmpl-ba01b66621700bed-a5341eb6, prefetch_request_id=-1) [3m(storage_manager.py:726:lmcache.v1.distributed.storage_manager)[0m
[32;20m[2026-09-29 17:03:41,822] LMCache INFO:[0m Prefetch request completed (L1+L2): 9/9 retained keys (9 L1, 0 L2) in 15.5 ms (external_request_id=chatcmpl-9291f7e7b495b7c8-824286d3, prefetch_request_id=-1) [3m(storage_manager.py:726:lmcache.v1.distributed.storage_manager)[0m
[32;20m[2026-09-29 17:03:41,823] LMCache INFO:[0m Prefetch request completed (L1+L2): 10/10 retained keys (10 L1, 0 L2) in 15.6 ms (external_request_id=chatcmpl-b48289fe9c55a753-83d2a89e, prefetch_request_id=-1) [3m(storage_manager.py:726:lmcache.v1.distributed.storage_manager)[0m
[32;20m[2026-09-29 17:03:41,823] LMCache INFO:[0m Prefetch request completed (L1+L2): 12/14 retained keys (12 L1, 0 L2) in 15.3 ms (external_request_id=chatcmpl-8e8d12c861a56c8c-850a8267, prefetch_request_id=-1) [3m(storage_manager.py:726:lmcache.v1.distributed.storage_manager)[0m
[32;20m[2026-09-29 17:03:41,823] LMCache INFO:[0m Prefetch request completed (L1+L2): 10/12 retained keys (10 L1, 0 L2) in 15.0 ms (external_request_id=chatcmpl-8c3f88ada42462f6-b4cc57b1, prefetch_request_id=-1) [3m(storage_manager.py:726:lmcache.v1.distributed.storage_manager)[0m
[32;20m[2026-09-29 17:03:41,823] LMCache INFO:[0m Prefetch request completed (L1+L2): 11/11 retained keys (11 L1, 0 L2) in 14.8 ms (external_request_id=chatcmpl-960ce86ca7ebef9f-84a2a851, prefetch_request_id=-1) [3m(storage_manager.py:726:lmcache.v1.distributed.storage_manager)[0m
[32;20m[2026-09-29 17:03:41,823] LMCache INFO:[0m Prefetch request completed (L1+L2): 10/12 retained keys (10 L1, 0 L2) in 14.7 ms (external_request_id=chatcmpl-b05d28ef969844e9-86aa96b0, prefetch_request_id=-1) [3m(storage_manager.py:726:lmcache.v1.distributed.storage_manager)[0m
[32;20m[2026-09-29 17:03:41,852] LMCache INFO:[0m Stored 512 tokens in 0.002 seconds [3m(lmcache_driven_transfer.py:1276:lmcache.v1.multiprocess.modules.lmcache_driven_transfer)[0m
[32;20m[2026-09-29 17:03:41,884] LMCache INFO:[0m Stored 768 tokens in 0.001 seconds [3m(lmcache_driven_transfer.py:1276:lmcache.v1.multiprocess.modules.lmcache_driven_transfer)[0m
[32;20m[2026-09-29 17:03:42,168] LMCache INFO:[0m Stored 256 tokens in 0.001 seconds [3m(lmcache_driven_transfer.py:1276:lmcache.v1.multiprocess.modules.lmcache_driven_transfer)[0m
[32;20m[2026-09-29 17:03:42,434] LMCache INFO:[0m Stored 768 tokens in 0.001 seconds [3m(lmcache_driven_transfer.py:1276:lmcache.v1.multiprocess.modules.lmcache_driven_transfer)[0m
[32;20m[2026-09-29 17:03:42,580] LMCache INFO:[0m Stored 256 tokens in 0.001 seconds [3m(lmcache_driven_transfer.py:1276:lmcache.v1.multiprocess.modules.lmcache_driven_transfer)[0m
[32;20m[2026-09-29 17:03:42,648] LMCache INFO:[0m Stored 256 tokens in 0.001 seconds [3m(lmcache_driven_transfer.py:1276:lmcache.v1.multiprocess.modules.lmcache_driven_transfer)[0m
[32;20m[2026-09-29 17:03:42,722] LMCache INFO:[0m Stored 512 tokens in 0.001 seconds [3m(lmcache_driven_transfer.py:1276:lmcache.v1.multiprocess.modules.lmcache_driven_transfer)[0m
[32;20m[2026-09-29 17:03:42,723] LMCache INFO:[0m Stored 512 tokens in 0.001 seconds [3m(lmcache_driven_transfer.py:1276:lmcache.v1.multiprocess.modules.lmcache_driven_transfer)[0m
[32;20m[2026-09-29 17:03:42,884] LMCache INFO:[0m Stored 256 tokens in 0.002 seconds [3m(lmcache_driven_transfer.py:1276:lmcache.v1.multiprocess.modules.lmcache_driven_transfer)[0m
[32;20m[2026-09-29 17:03:43,110] LMCache INFO:[0m Stored 256 tokens in 0.001 seconds [3m(lmcache_driven_transfer.py:1276:lmcache.v1.multiprocess.modules.lmcache_driven_transfer)[0m
[32;20m[2026-09-29 17:03:43,220] LMCache INFO:[0m Stored 512 tokens in 0.002 seconds [3m(lmcache_driven_transfer.py:1276:lmcache.v1.multiprocess.modules.lmcache_driven_transfer)[0m
[32;20m[2026-09-29 17:03:43,252] LMCache INFO:[0m Stored 512 tokens in 0.001 seconds [3m(lmcache_driven_transfer.py:1276:lmcache.v1.multiprocess.modules.lmcache_driven_transfer)[0m
[32;20m[2026-09-29 17:03:43,394] LMCache INFO:[0m Stored 512 tokens in 0.001 seconds [3m(lmcache_driven_transfer.py:1276:lmcache.v1.multiprocess.modules.lmcache_driven_transfer)[0m
[32;20m[2026-09-29 17:03:43,580] LMCache INFO:[0m Stored 256 tokens in 0.001 seconds [3m(lmcache_driven_transfer.py:1276:lmcache.v1.multiprocess.modules.lmcache_driven_transfer)[0m
[32;20m[2026-09-29 17:03:43,767] LMCache INFO:[0m Stored 512 tokens in 0.001 seconds [3m(lmcache_driven_transfer.py:1276:lmcache.v1.multiprocess.modules.lmcache_driven_transfer)[0m
[32;20m[2026-09-29 17:03:43,860] LMCache INFO:[0m Stored 256 tokens in 0.001 seconds [3m(lmcache_driven_transfer.py:1276:lmcache.v1.multiprocess.modules.lmcache_driven_transfer)[0m
[32;20m[2026-09-29 17:03:43,861] LMCache INFO:[0m Stored 256 tokens in 0.001 seconds [3m(lmcache_driven_transfer.py:1276:lmcache.v1.multiprocess.modules.lmcache_driven_transfer)[0m
[32;20m[2026-09-29 17:03:44,054] LMCache INFO:[0m Stored 512 tokens in 0.001 seconds [3m(lmcache_driven_transfer.py:1276:lmcache.v1.multiprocess.modules.lmcache_driven_transfer)[0m
[32;20m[2026-09-29 17:03:44,164] LMCache INFO:[0m Stored 512 tokens in 0.001 seconds [3m(lmcache_driven_transfer.py:1276:lmcache.v1.multiprocess.modules.lmcache_driven_transfer)[0m
[32;20m[2026-09-29 17:03:44,391] LMCache INFO:[0m Stored 512 tokens in 0.001 seconds [3m(lmcache_driven_transfer.py:1276:lmcache.v1.multiprocess.modules.lmcache_driven_transfer)[0m
[32;20m[2026-09-29 17:03:44,490] LMCache INFO:[0m Prefetch request completed (L1+L2): 10/11 retained keys (10 L1, 0 L2) in 20.7 ms (external_request_id=chatcmpl-b56a4fd215e86402-8048e340, prefetch_request_id=-1) [3m(storage_manager.py:726:lmcache.v1.distributed.storage_manager)[0m
[32;20m[2026-09-29 17:03:44,490] LMCache INFO:[0m Prefetch request completed (L1+L2): 10/12 retained keys (10 L1, 0 L2) in 20.3 ms (external_request_id=chatcmpl-85a54333c7f23b2f-b6418bd9, prefetch_request_id=-1) [3m(storage_manager.py:726:lmcache.v1.distributed.storage_manager)[0m
[32;20m[2026-09-29 17:03:44,491] LMCache INFO:[0m Prefetch request completed (L1+L2): 9/11 retained keys (9 L1, 0 L2) in 20.2 ms (external_request_id=chatcmpl-bcfc2c3f562debe2-9732dd95, prefetch_request_id=-1) [3m(storage_manager.py:726:lmcache.v1.distributed.storage_manager)[0m
[32;20m[2026-09-29 17:03:44,491] LMCache INFO:[0m Prefetch request completed (L1+L2): 9/10 retained keys (9 L1, 0 L2) in 20.0 ms (external_request_id=chatcmpl-bc6d1f3e7a9de875-802c1da5, prefetch_request_id=-1) [3m(storage_manager.py:726:lmcache.v1.distributed.storage_manager)[0m
[32;20m[2026-09-29 17:03:44,491] LMCache INFO:[0m Prefetch request completed (L1+L2): 9/9 retained keys (9 L1, 0 L2) in 19.8 ms (external_request_id=chatcmpl-9fcef3eb1bb8ebba-b3e64c8f, prefetch_request_id=-1) [3m(storage_manager.py:726:lmcache.v1.distributed.storage_manager)[0m
[32;20m[2026-09-29 17:03:44,491] LMCache INFO:[0m Prefetch request completed (L1+L2): 10/12 retained keys (10 L1, 0 L2) in 19.8 ms (external_request_id=chatcmpl-901a3c15a6e2e77e-8f630177, prefetch_request_id=-1) [3m(storage_manager.py:726:lmcache.v1.distributed.storage_manager)[0m
[32;20m[2026-09-29 17:03:44,491] LMCache INFO:[0m Prefetch request completed (L1+L2): 9/10 retained keys (9 L1, 0 L2) in 19.4 ms (external_request_id=chatcmpl-b52e477124819552-83acbe2d, prefetch_request_id=-1) [3m(storage_manager.py:726:lmcache.v1.distributed.storage_manager)[0m
[32;20m[2026-09-29 17:03:44,492] LMCache INFO:[0m Prefetch request completed (L1+L2): 9/11 retained keys (9 L1, 0 L2) in 19.4 ms (external_request_id=chatcmpl-9c6367e083bbacfc-9c2d012f, prefetch_request_id=-1) [3m(storage_manager.py:726:lmcache.v1.distributed.storage_manager)[0m
[32;20m[2026-09-29 17:03:44,492] LMCache INFO:[0m Prefetch request completed (L1+L2): 9/9 retained keys (9 L1, 0 L2) in 19.1 ms (external_request_id=chatcmpl-86e944c2e197a27a-8d687b69, prefetch_request_id=-1) [3m(storage_manager.py:726:lmcache.v1.distributed.storage_manager)[0m
[32;20m[2026-09-29 17:03:44,492] LMCache INFO:[0m Prefetch request completed (L1+L2): 9/11 retained keys (9 L1, 0 L2) in 18.8 ms (external_request_id=chatcmpl-b8a54706c81c9460-8da83f1f, prefetch_request_id=-1) [3m(storage_manager.py:726:lmcache.v1.distributed.storage_manager)[0m
[32;20m[2026-09-29 17:03:44,492] LMCache INFO:[0m Prefetch request completed (L1+L2): 9/10 retained keys (9 L1, 0 L2) in 18.5 ms (external_request_id=chatcmpl-ac459b90cd9c8061-85c201e7, prefetch_request_id=-1) [3m(storage_manager.py:726:lmcache.v1.distributed.storage_manager)[0m
[32;20m[2026-09-29 17:03:44,492] LMCache INFO:[0m Prefetch request completed (L1+L2): 10/12 retained keys (10 L1, 0 L2) in 18.3 ms (external_request_id=chatcmpl-a20782fd69282467-8727f239, prefetch_request_id=-1) [3m(storage_manager.py:726:lmcache.v1.distributed.storage_manager)[0m
[32;20m[2026-09-29 17:03:44,493] LMCache INFO:[0m Prefetch request completed (L1+L2): 9/9 retained keys (9 L1, 0 L2) in 18.4 ms (external_request_id=chatcmpl-91c091c8d76317d7-96903579, prefetch_request_id=-1) [3m(storage_manager.py:726:lmcache.v1.distributed.storage_manager)[0m
[32;20m[2026-09-29 17:03:44,493] LMCache INFO:[0m Prefetch request completed (L1+L2): 12/13 retained keys (12 L1, 0 L2) in 18.0 ms (external_request_id=chatcmpl-86757cf226971954-8c4b52ee, prefetch_request_id=-1) [3m(storage_manager.py:726:lmcache.v1.distributed.storage_manager)[0m
[32;20m[2026-09-29 17:03:44,493] LMCache INFO:[0m Prefetch request completed (L1+L2): 9/10 retained keys (9 L1, 0 L2) in 17.7 ms (external_request_id=chatcmpl-9dd1763557577551-8aec333d, prefetch_request_id=-1) [3m(storage_manager.py:726:lmcache.v1.distributed.storage_manager)[0m
[32;20m[2026-09-29 17:03:44,493] LMCache INFO:[0m Prefetch request completed (L1+L2): 10/11 retained keys (10 L1, 0 L2) in 17.4 ms (external_request_id=chatcmpl-a9c4814b20ce17ae-82801d3b, prefetch_request_id=-1) [3m(storage_manager.py:726:lmcache.v1.distributed.storage_manager)[0m
[32;20m[2026-09-29 17:03:44,493] LMCache INFO:[0m Prefetch request completed (L1+L2): 12/14 retained keys (12 L1, 0 L2) in 17.0 ms (external_request_id=chatcmpl-ad451d4808b1f7c2-a363d314, prefetch_request_id=-1) [3m(storage_manager.py:726:lmcache.v1.distributed.storage_manager)[0m
[32;20m[2026-09-29 17:03:44,493] LMCache INFO:[0m Prefetch request completed (L1+L2): 10/12 retained keys (10 L1, 0 L2) in 16.7 ms (external_request_id=chatcmpl-ac5b39d883eb02d3-b368de20, prefetch_request_id=-1) [3m(storage_manager.py:726:lmcache.v1.distributed.storage_manager)[0m
[32;20m[2026-09-29 17:03:44,493] LMCache INFO:[0m Prefetch request completed (L1+L2): 11/12 retained keys (11 L1, 0 L2) in 16.3 ms (external_request_id=chatcmpl-85a9441f1dc4f3a1-bd441c34, prefetch_request_id=-1) [3m(storage_manager.py:726:lmcache.v1.distributed.storage_manager)[0m
[32;20m[2026-09-29 17:03:44,493] LMCache INFO:[0m Prefetch request completed (L1+L2): 10/10 retained keys (10 L1, 0 L2) in 16.0 ms (external_request_id=chatcmpl-a10bcac6750c8193-9cdd852d, prefetch_request_id=-1) [3m(storage_manager.py:726:lmcache.v1.distributed.storage_manager)[0m
[32;20m[2026-09-29 17:03:44,493] LMCache INFO:[0m Prefetch request completed (L1+L2): 10/11 retained keys (10 L1, 0 L2) in 15.9 ms (external_request_id=chatcmpl-bf379ef6081c830f-87226259, prefetch_request_id=-1) [3m(storage_manager.py:726:lmcache.v1.distributed.storage_manager)[0m
[32;20m[2026-09-29 17:03:44,494] LMCache INFO:[0m Prefetch request completed (L1+L2): 10/12 retained keys (10 L1, 0 L2) in 15.6 ms (external_request_id=chatcmpl-9e16a02a89b8f772-bb2894b7, prefetch_request_id=-1) [3m(storage_manager.py:726:lmcache.v1.distributed.storage_manager)[0m
[32;20m[2026-09-29 17:03:44,494] LMCache INFO:[0m Prefetch request completed (L1+L2): 9/12 retained keys (9 L1, 0 L2) in 15.6 ms (external_request_id=chatcmpl-afa5c6270d5ce020-a03c262c, prefetch_request_id=-1) [3m(storage_manager.py:726:lmcache.v1.distributed.storage_manager)[0m
[32;20m[2026-09-29 17:03:44,494] LMCache INFO:[0m Prefetch request completed (L1+L2): 9/10 retained keys (9 L1, 0 L2) in 15.6 ms (external_request_id=chatcmpl-9d852e5a7fcc0c1b-8320a67f, prefetch_request_id=-1) [3m(storage_manager.py:726:lmcache.v1.distributed.storage_manager)[0m
[32;20m[2026-09-29 17:03:44,537] LMCache INFO:[0m Stored 256 tokens in 0.001 seconds [3m(lmcache_driven_transfer.py:1276:lmcache.v1.multiprocess.modules.lmcache_driven_transfer)[0m
[32;20m[2026-09-29 17:03:44,590] LMCache INFO:[0m Stored 512 tokens in 0.001 seconds [3m(lmcache_driven_transfer.py:1276:lmcache.v1.multiprocess.modules.lmcache_driven_transfer)[0m
[32;20m[2026-09-29 17:03:44,760] LMCache INFO:[0m Stored 512 tokens in 0.001 seconds [3m(lmcache_driven_transfer.py:1276:lmcache.v1.multiprocess.modules.lmcache_driven_transfer)[0m
[32;20m[2026-09-29 17:03:44,761] LMCache INFO:[0m Stored 256 tokens in 0.001 seconds [3m(lmcache_driven_transfer.py:1276:lmcache.v1.multiprocess.modules.lmcache_driven_transfer)[0m
[32;20m[2026-09-29 17:03:45,192] LMCache INFO:[0m Stored 512 tokens in 0.002 seconds [3m(lmcache_driven_transfer.py:1276:lmcache.v1.multiprocess.modules.lmcache_driven_transfer)[0m
[32;20m[2026-09-29 17:03:45,221] LMCache INFO:[0m Stored 256 tokens in 0.001 seconds [3m(lmcache_driven_transfer.py:1276:lmcache.v1.multiprocess.modules.lmcache_driven_transfer)[0m
[32;20m[2026-09-29 17:03:45,306] LMCache INFO:[0m Stored 512 tokens in 0.001 seconds [3m(lmcache_driven_transfer.py:1276:lmcache.v1.multiprocess.modules.lmcache_driven_transfer)[0m
[32;20m[2026-09-29 17:03:45,488] LMCache INFO:[0m Stored 512 tokens in 0.001 seconds [3m(lmcache_driven_transfer.py:1276:lmcache.v1.multiprocess.modules.lmcache_driven_transfer)[0m
[32;20m[2026-09-29 17:03:45,539] LMCache INFO:[0m Stored 256 tokens in 0.001 seconds [3m(lmcache_driven_transfer.py:1276:lmcache.v1.multiprocess.modules.lmcache_driven_transfer)[0m
[32;20m[2026-09-29 17:03:45,631] LMCache INFO:[0m Stored 256 tokens in 0.002 seconds [3m(lmcache_driven_transfer.py:1276:lmcache.v1.multiprocess.modules.lmcache_driven_transfer)[0m
[32;20m[2026-09-29 17:03:45,663] LMCache INFO:[0m Stored 512 tokens in 0.001 seconds [3m(lmcache_driven_transfer.py:1276:lmcache.v1.multiprocess.modules.lmcache_driven_transfer)[0m
[32;20m[2026-09-29 17:03:45,877] LMCache INFO:[0m Stored 256 tokens in 0.001 seconds [3m(lmcache_driven_transfer.py:1276:lmcache.v1.multiprocess.modules.lmcache_driven_transfer)[0m
[32;20m[2026-09-29 17:03:45,981] LMCache INFO:[0m Stored 256 tokens in 0.001 seconds [3m(lmcache_driven_transfer.py:1276:lmcache.v1.multiprocess.modules.lmcache_driven_transfer)[0m
[32;20m[2026-09-29 17:03:46,145] LMCache INFO:[0m Stored 256 tokens in 0.001 seconds [3m(lmcache_driven_transfer.py:1276:lmcache.v1.multiprocess.modules.lmcache_driven_transfer)[0m
[32;20m[2026-09-29 17:03:46,210] LMCache INFO:[0m Stored 512 tokens in 0.001 seconds [3m(lmcache_driven_transfer.py:1276:lmcache.v1.multiprocess.modules.lmcache_driven_transfer)[0m
[32;20m[2026-09-29 17:03:46,302] LMCache INFO:[0m Stored 512 tokens in 0.002 seconds [3m(lmcache_driven_transfer.py:1276:lmcache.v1.multiprocess.modules.lmcache_driven_transfer)[0m
[32;20m[2026-09-29 17:03:46,410] LMCache INFO:[0m Stored 256 tokens in 0.001 seconds [3m(lmcache_driven_transfer.py:1276:lmcache.v1.multiprocess.modules.lmcache_driven_transfer)[0m
[32;20m[2026-09-29 17:03:46,739] LMCache INFO:[0m Stored 256 tokens in 0.001 seconds [3m(lmcache_driven_transfer.py:1276:lmcache.v1.multiprocess.modules.lmcache_driven_transfer)[0m
[32;20m[2026-09-29 17:03:46,815] LMCache INFO:[0m Stored 256 tokens in 0.001 seconds [3m(lmcache_driven_transfer.py:1276:lmcache.v1.multiprocess.modules.lmcache_driven_transfer)[0m
[32;20m[2026-09-29 17:03:46,865] LMCache INFO:[0m Stored 512 tokens in 0.001 seconds [3m(lmcache_driven_transfer.py:1276:lmcache.v1.multiprocess.modules.lmcache_driven_transfer)[0m
[32;20m[2026-09-29 17:03:46,992] LMCache INFO:[0m L1 memory usage 0.81 above watermark 0.80; triggering eviction. [3m(eviction_controller.py:179:lmcache.v1.distributed.storage_controllers.eviction_controller)[0m
[32;20m[2026-09-29 17:03:47,153] LMCache INFO:[0m Stored 768 tokens in 0.002 seconds [3m(lmcache_driven_transfer.py:1276:lmcache.v1.multiprocess.modules.lmcache_driven_transfer)[0m
[32;20m[2026-09-29 17:03:47,237] LMCache INFO:[0m Stored 256 tokens in 0.001 seconds [3m(lmcache_driven_transfer.py:1276:lmcache.v1.multiprocess.modules.lmcache_driven_transfer)[0m
[32;20m[2026-09-29 17:03:47,341] LMCache INFO:[0m Prefetch request completed (L1+L2): 9/10 retained keys (9 L1, 0 L2) in 2846.1 ms (external_request_id=chatcmpl-a2ca69f5f59bc155-bf27984c, prefetch_request_id=-1) [3m(storage_manager.py:726:lmcache.v1.distributed.storage_manager)[0m
[32;20m[2026-09-29 17:03:47,360] LMCache INFO:[0m Prefetch request completed (L1+L2): 10/11 retained keys (10 L1, 0 L2) in 18.6 ms (external_request_id=chatcmpl-91ddc93fe5a5e337-8a57367c, prefetch_request_id=-1) [3m(storage_manager.py:726:lmcache.v1.distributed.storage_manager)[0m
[32;20m[2026-09-29 17:03:47,360] LMCache INFO:[0m Prefetch request completed (L1+L2): 9/9 retained keys (9 L1, 0 L2) in 18.3 ms (external_request_id=chatcmpl-938eb60e28aa504e-8924da01, prefetch_request_id=-1) [3m(storage_manager.py:726:lmcache.v1.distributed.storage_manager)[0m
[32;20m[2026-09-29 17:03:47,360] LMCache INFO:[0m Prefetch request completed (L1+L2): 9/10 retained keys (9 L1, 0 L2) in 18.4 ms (external_request_id=chatcmpl-8140f37e32a7573c-8f02daf7, prefetch_request_id=-1) [3m(storage_manager.py:726:lmcache.v1.distributed.storage_manager)[0m
[32;20m[2026-09-29 17:03:47,361] LMCache INFO:[0m Prefetch request completed (L1+L2): 9/11 retained keys (9 L1, 0 L2) in 18.2 ms (external_request_id=chatcmpl-93e3b49d60c5edc6-977c9b00, prefetch_request_id=-1) [3m(storage_manager.py:726:lmcache.v1.distributed.storage_manager)[0m
[32;20m[2026-09-29 17:03:47,361] LMCache INFO:[0m Prefetch request completed (L1+L2): 9/10 retained keys (9 L1, 0 L2) in 18.0 ms (external_request_id=chatcmpl-b57bf014713dc699-b72667b2, prefetch_request_id=-1) [3m(storage_manager.py:726:lmcache.v1.distributed.storage_manager)[0m
[32;20m[2026-09-29 17:03:47,361] LMCache INFO:[0m Prefetch request completed (L1+L2): 9/10 retained keys (9 L1, 0 L2) in 17.8 ms (external_request_id=chatcmpl-86db128ea36d5ae4-a0f5db96, prefetch_request_id=-1) [3m(storage_manager.py:726:lmcache.v1.distributed.storage_manager)[0m
[32;20m[2026-09-29 17:03:47,361] LMCache INFO:[0m Prefetch request completed (L1+L2): 10/13 retained keys (10 L1, 0 L2) in 17.8 ms (external_request_id=chatcmpl-b5a80291951c1c53-a51670c6, prefetch_request_id=-1) [3m(storage_manager.py:726:lmcache.v1.distributed.storage_manager)[0m
[32;20m[2026-09-29 17:03:47,362] LMCache INFO:[0m Prefetch request completed (L1+L2): 9/10 retained keys (9 L1, 0 L2) in 17.5 ms (external_request_id=chatcmpl-ac4e1377626525f4-86390df1, prefetch_request_id=-1) [3m(storage_manager.py:726:lmcache.v1.distributed.storage_manager)[0m
[32;20m[2026-09-29 17:03:47,362] LMCache INFO:[0m Prefetch request completed (L1+L2): 12/13 retained keys (12 L1, 0 L2) in 17.1 ms (external_request_id=chatcmpl-986ca5545b9ec50a-abbf77ca, prefetch_request_id=-1) [3m(storage_manager.py:726:lmcache.v1.distributed.storage_manager)[0m
[32;20m[2026-09-29 17:03:47,362] LMCache INFO:[0m Prefetch request completed (L1+L2): 9/9 retained keys (9 L1, 0 L2) in 17.0 ms (external_request_id=chatcmpl-9bccae37974005b0-b9b8bd34, prefetch_request_id=-1) [3m(storage_manager.py:726:lmcache.v1.distributed.storage_manager)[0m
[32;20m[2026-09-29 17:03:47,362] LMCache INFO:[0m Prefetch request completed (L1+L2): 10/10 retained keys (10 L1, 0 L2) in 16.9 ms (external_request_id=chatcmpl-b00da4d51e03a5a5-bf319da5, prefetch_request_id=-1) [3m(storage_manager.py:726:lmcache.v1.distributed.storage_manager)[0m
[32;20m[2026-09-29 17:03:47,362] LMCache INFO:[0m Prefetch request completed (L1+L2): 12/13 retained keys (12 L1, 0 L2) in 16.7 ms (external_request_id=chatcmpl-bbe14c2c34c568ff-b7ae6ef2, prefetch_request_id=-1) [3m(storage_manager.py:726:lmcache.v1.distributed.storage_manager)[0m
[32;20m[2026-09-29 17:03:47,362] LMCache INFO:[0m Prefetch request completed (L1+L2): 10/11 retained keys (10 L1, 0 L2) in 16.6 ms (external_request_id=chatcmpl-a63be4ef1cde12d3-817fa398, prefetch_request_id=-1) [3m(storage_manager.py:726:lmcache.v1.distributed.storage_manager)[0m
[32;20m[2026-09-29 17:03:47,363] LMCache INFO:[0m Prefetch request completed (L1+L2): 11/11 retained keys (11 L1, 0 L2) in 16.5 ms (external_request_id=chatcmpl-b171ce74dd87173d-9f42b2a8, prefetch_request_id=-1) [3m(storage_manager.py:726:lmcache.v1.distributed.storage_manager)[0m
[32;20m[2026-09-29 17:03:47,363] LMCache INFO:[0m Prefetch request completed (L1+L2): 10/12 retained keys (10 L1, 0 L2) in 16.1 ms (external_request_id=chatcmpl-817127f66527a636-8b659320, prefetch_request_id=-1) [3m(storage_manager.py:726:lmcache.v1.distributed.storage_manager)[0m
[32;20m[2026-09-29 17:03:47,363] LMCache INFO:[0m Prefetch request completed (L1+L2): 10/12 retained keys (10 L1, 0 L2) in 15.8 ms (external_request_id=chatcmpl-b3805e5c684563de-96c43a51, prefetch_request_id=-1) [3m(storage_manager.py:726:lmcache.v1.distributed.storage_manager)[0m
[32;20m[2026-09-29 17:03:47,363] LMCache INFO:[0m Prefetch request completed (L1+L2): 10/12 retained keys (10 L1, 0 L2) in 15.7 ms (external_request_id=chatcmpl-b64769fd1ae0d21a-b1249373, prefetch_request_id=-1) [3m(storage_manager.py:726:lmcache.v1.distributed.storage_manager)[0m
[32;20m[2026-09-29 17:03:47,363] LMCache INFO:[0m Prefetch request completed (L1+L2): 9/10 retained keys (9 L1, 0 L2) in 15.2 ms (external_request_id=chatcmpl-8808d39fb6790dc5-8ed06986, prefetch_request_id=-1) [3m(storage_manager.py:726:lmcache.v1.distributed.storage_manager)[0m
[32;20m[2026-09-29 17:03:47,364] LMCache INFO:[0m Prefetch request completed (L1+L2): 9/11 retained keys (9 L1, 0 L2) in 15.3 ms (external_request_id=chatcmpl-906922ef98cc43c9-a1b8247f, prefetch_request_id=-1) [3m(storage_manager.py:726:lmcache.v1.distributed.storage_manager)[0m
[32;20m[2026-09-29 17:03:47,364] LMCache INFO:[0m Prefetch request completed (L1+L2): 9/9 retained keys (9 L1, 0 L2) in 15.1 ms (external_request_id=chatcmpl-a44c6588ff09afde-9ee61ec7, prefetch_request_id=-1) [3m(storage_manager.py:726:lmcache.v1.distributed.storage_manager)[0m
[32;20m[2026-09-29 17:03:47,364] LMCache INFO:[0m Prefetch request completed (L1+L2): 10/11 retained keys (10 L1, 0 L2) in 15.1 ms (external_request_id=chatcmpl-b7892b3972ff71e0-836b2265, prefetch_request_id=-1) [3m(storage_manager.py:726:lmcache.v1.distributed.storage_manager)[0m
[32;20m[2026-09-29 17:03:47,364] LMCache INFO:[0m Prefetch request completed (L1+L2): 9/10 retained keys (9 L1, 0 L2) in 15.0 ms (external_request_id=chatcmpl-b65d0f715587ed0c-b4d425c3, prefetch_request_id=-1) [3m(storage_manager.py:726:lmcache.v1.distributed.storage_manager)[0m
[32;20m[2026-09-29 17:03:47,364] LMCache INFO:[0m Prefetch request completed (L1+L2): 9/9 retained keys (9 L1, 0 L2) in 14.7 ms (external_request_id=chatcmpl-83e0c437142ddce2-a4f53d87, prefetch_request_id=-1) [3m(storage_manager.py:726:lmcache.v1.distributed.storage_manager)[0m
[32;20m[2026-09-29 17:03:47,397] LMCache INFO:[0m Stored 256 tokens in 0.001 seconds [3m(lmcache_driven_transfer.py:1276:lmcache.v1.multiprocess.modules.lmcache_driven_transfer)[0m
[32;20m[2026-09-29 17:03:47,431] LMCache INFO:[0m Stored 256 tokens in 0.001 seconds [3m(lmcache_driven_transfer.py:1276:lmcache.v1.multiprocess.modules.lmcache_driven_transfer)[0m
[32;20m[2026-09-29 17:03:47,522] LMCache INFO:[0m Stored 256 tokens in 0.001 seconds [3m(lmcache_driven_transfer.py:1276:lmcache.v1.multiprocess.modules.lmcache_driven_transfer)[0m
[32;20m[2026-09-29 17:03:47,651] LMCache INFO:[0m Stored 512 tokens in 0.001 seconds [3m(lmcache_driven_transfer.py:1276:lmcache.v1.multiprocess.modules.lmcache_driven_transfer)[0m
[32;20m[2026-09-29 17:03:47,653] LMCache INFO:[0m Stored 256 tokens in 0.001 seconds [3m(lmcache_driven_transfer.py:1276:lmcache.v1.multiprocess.modules.lmcache_driven_transfer)[0m
INFO:     172.26.132.42:61845 - "GET /metrics HTTP/1.1" 200 OK
[32;20m[2026-09-29 17:03:47,990] LMCache INFO:[0m Stored 256 tokens in 0.001 seconds [3m(lmcache_driven_transfer.py:1276:lmcache.v1.multiprocess.modules.lmcache_driven_transfer)[0m
[32;20m[2026-09-29 17:03:48,099] LMCache INFO:[0m Stored 768 tokens in 0.002 seconds [3m(lmcache_driven_transfer.py:1276:lmcache.v1.multiprocess.modules.lmcache_driven_transfer)[0m
[32;20m[2026-09-29 17:03:48,261] LMCache INFO:[0m Stored 256 tokens in 0.001 seconds [3m(lmcache_driven_transfer.py:1276:lmcache.v1.multiprocess.modules.lmcache_driven_transfer)[0m
[32;20m[2026-09-29 17:03:48,346] LMCache INFO:[0m Stored 256 tokens in 0.001 seconds [3m(lmcache_driven_transfer.py:1276:lmcache.v1.multiprocess.modules.lmcache_driven_transfer)[0m
[32;20m[2026-09-29 17:03:48,349] LMCache INFO:[0m Stored 256 tokens in 0.001 seconds [3m(lmcache_driven_transfer.py:1276:lmcache.v1.multiprocess.modules.lmcache_driven_transfer)[0m
[32;20m[2026-09-29 17:03:48,702] LMCache INFO:[0m Stored 256 tokens in 0.001 seconds [3m(lmcache_driven_transfer.py:1276:lmcache.v1.multiprocess.modules.lmcache_driven_transfer)[0m
[32;20m[2026-09-29 17:03:48,790] LMCache INFO:[0m Stored 256 tokens in 0.001 seconds [3m(lmcache_driven_transfer.py:1276:lmcache.v1.multiprocess.modules.lmcache_driven_transfer)[0m
[32;20m[2026-09-29 17:03:48,946] LMCache INFO:[0m Stored 256 tokens in 0.001 seconds [3m(lmcache_driven_transfer.py:1276:lmcache.v1.multiprocess.modules.lmcache_driven_transfer)[0m
[32;20m[2026-09-29 17:03:49,018] LMCache INFO:[0m Stored 512 tokens in 0.001 seconds [3m(lmcache_driven_transfer.py:1276:lmcache.v1.multiprocess.modules.lmcache_driven_transfer)[0m
[32;20m[2026-09-29 17:03:49,147] LMCache INFO:[0m Stored 512 tokens in 0.001 seconds [3m(lmcache_driven_transfer.py:1276:lmcache.v1.multiprocess.modules.lmcache_driven_transfer)[0m
[32;20m[2026-09-29 17:03:49,244] LMCache INFO:[0m Stored 256 tokens in 0.001 seconds [3m(lmcache_driven_transfer.py:1276:lmcache.v1.multiprocess.modules.lmcache_driven_transfer)[0m
[32;20m[2026-09-29 17:03:49,246] LMCache INFO:[0m Stored 256 tokens in 0.001 seconds [3m(lmcache_driven_transfer.py:1276:lmcache.v1.multiprocess.modules.lmcache_driven_transfer)[0m
[32;20m[2026-09-29 17:03:49,294] LMCache INFO:[0m Stored 512 tokens in 0.001 seconds [3m(lmcache_driven_transfer.py:1276:lmcache.v1.multiprocess.modules.lmcache_driven_transfer)[0m
[32;20m[2026-09-29 17:03:49,426] LMCache INFO:[0m Stored 256 tokens in 0.001 seconds [3m(lmcache_driven_transfer.py:1276:lmcache.v1.multiprocess.modules.lmcache_driven_transfer)[0m
[32;20m[2026-09-29 17:03:49,571] LMCache INFO:[0m Stored 512 tokens in 0.001 seconds [3m(lmcache_driven_transfer.py:1276:lmcache.v1.multiprocess.modules.lmcache_driven_transfer)[0m
[32;20m[2026-09-29 17:03:49,893] LMCache INFO:[0m Stored 256 tokens in 0.001 seconds [3m(lmcache_driven_transfer.py:1276:lmcache.v1.multiprocess.modules.lmcache_driven_transfer)[0m
[32;20m[2026-09-29 17:03:49,945] LMCache INFO:[0m Stored 256 tokens in 0.002 seconds [3m(lmcache_driven_transfer.py:1276:lmcache.v1.multiprocess.modules.lmcache_driven_transfer)[0m
[32;20m[2026-09-29 17:03:49,980] LMCache INFO:[0m Prefetch request completed (L1+L2): 9/11 retained keys (9 L1, 0 L2) in 2614.6 ms (external_request_id=chatcmpl-a9c9cc73c6ad9be7-b8a32dae, prefetch_request_id=-1) [3m(storage_manager.py:726:lmcache.v1.distributed.storage_manager)[0m
[32;20m[2026-09-29 17:03:50,031] LMCache INFO:[0m Stored 512 tokens in 0.002 seconds [3m(lmcache_driven_transfer.py:1276:lmcache.v1.multiprocess.modules.lmcache_driven_transfer)[0m
[32;20m[2026-09-29 17:03:50,081] LMCache INFO:[0m Prefetch request completed (L1+L2): 9/11 retained keys (9 L1, 0 L2) in 100.5 ms (external_request_id=chatcmpl-9e2238a029f94450-b2067ba6, prefetch_request_id=-1) [3m(storage_manager.py:726:lmcache.v1.distributed.storage_manager)[0m
[32;20m[2026-09-29 17:03:50,081] LMCache INFO:[0m Prefetch request completed (L1+L2): 9/11 retained keys (9 L1, 0 L2) in 100.6 ms (external_request_id=chatcmpl-9b2ab43b356f707c-aa382506, prefetch_request_id=-1) [3m(storage_manager.py:726:lmcache.v1.distributed.storage_manager)[0m
[32;20m[2026-09-29 17:03:50,082] LMCache INFO:[0m Prefetch request completed (L1+L2): 10/11 retained keys (10 L1, 0 L2) in 100.4 ms (external_request_id=chatcmpl-ac872a273ed01163-8d56cd20, prefetch_request_id=-1) [3m(storage_manager.py:726:lmcache.v1.distributed.storage_manager)[0m
[32;20m[2026-09-29 17:03:50,082] LMCache INFO:[0m Prefetch request completed (L1+L2): 9/10 retained keys (9 L1, 0 L2) in 100.1 ms (external_request_id=chatcmpl-ade3e2c2c6343223-a458cc5f, prefetch_request_id=-1) [3m(storage_manager.py:726:lmcache.v1.distributed.storage_manager)[0m
[32;20m[2026-09-29 17:03:50,082] LMCache INFO:[0m Prefetch request completed (L1+L2): 12/12 retained keys (12 L1, 0 L2) in 100.0 ms (external_request_id=chatcmpl-b02ce22325003b9b-954f45de, prefetch_request_id=-1) [3m(storage_manager.py:726:lmcache.v1.distributed.storage_manager)[0m
[32;20m[2026-09-29 17:03:50,082] LMCache INFO:[0m Prefetch request completed (L1+L2): 9/10 retained keys (9 L1, 0 L2) in 99.8 ms (external_request_id=chatcmpl-a34d78b277129811-b52624fe, prefetch_request_id=-1) [3m(storage_manager.py:726:lmcache.v1.distributed.storage_manager)[0m
[32;20m[2026-09-29 17:03:50,082] LMCache INFO:[0m Prefetch request completed (L1+L2): 10/11 retained keys (10 L1, 0 L2) in 99.5 ms (external_request_id=chatcmpl-a108b865ed4da638-97f91387, prefetch_request_id=-1) [3m(storage_manager.py:726:lmcache.v1.distributed.storage_manager)[0m
[32;20m[2026-09-29 17:03:50,083] LMCache INFO:[0m Prefetch request completed (L1+L2): 12/13 retained keys (12 L1, 0 L2) in 99.6 ms (external_request_id=chatcmpl-b96c95c7c4844e4f-a8d52832, prefetch_request_id=-1) [3m(storage_manager.py:726:lmcache.v1.distributed.storage_manager)[0m
[32;20m[2026-09-29 17:03:50,083] LMCache INFO:[0m Prefetch request completed (L1+L2): 10/13 retained keys (10 L1, 0 L2) in 99.3 ms (external_request_id=chatcmpl-ba8e205d9e120dde-81a31633, prefetch_request_id=-1) [3m(storage_manager.py:726:lmcache.v1.distributed.storage_manager)[0m
[32;20m[2026-09-29 17:03:50,083] LMCache INFO:[0m Prefetch request completed (L1+L2): 11/13 retained keys (11 L1, 0 L2) in 99.1 ms (external_request_id=chatcmpl-9a209fe09a3f0f78-b07b2656, prefetch_request_id=-1) [3m(storage_manager.py:726:lmcache.v1.distributed.storage_manager)[0m
[32;20m[2026-09-29 17:03:50,083] LMCache INFO:[0m Prefetch request completed (L1+L2): 10/12 retained keys (10 L1, 0 L2) in 98.3 ms (external_request_id=chatcmpl-b6c5fd2e41c4a40e-a7200d16, prefetch_request_id=-1) [3m(storage_manager.py:726:lmcache.v1.distributed.storage_manager)[0m
[32;20m[2026-09-29 17:03:50,083] LMCache INFO:[0m Prefetch request completed (L1+L2): 10/12 retained keys (10 L1, 0 L2) in 98.1 ms (external_request_id=chatcmpl-964a491ce617b549-a29bbb34, prefetch_request_id=-1) [3m(storage_manager.py:726:lmcache.v1.distributed.storage_manager)[0m
[32;20m[2026-09-29 17:03:50,083] LMCache INFO:[0m Prefetch request completed (L1+L2): 10/12 retained keys (10 L1, 0 L2) in 98.0 ms (external_request_id=chatcmpl-9605895c58c5205c-9c25f7a4, prefetch_request_id=-1) [3m(storage_manager.py:726:lmcache.v1.distributed.storage_manager)[0m
[32;20m[2026-09-29 17:03:50,083] LMCache INFO:[0m Prefetch request completed (L1+L2): 9/11 retained keys (9 L1, 0 L2) in 97.9 ms (external_request_id=chatcmpl-8419038b9471be55-b174ccef, prefetch_request_id=-1) [3m(storage_manager.py:726:lmcache.v1.distributed.storage_manager)[0m
[32;20m[2026-09-29 17:03:50,084] LMCache INFO:[0m Prefetch request completed (L1+L2): 9/11 retained keys (9 L1, 0 L2) in 98.0 ms (external_request_id=chatcmpl-ba08e9c982f8a1d3-87004324, prefetch_request_id=-1) [3m(storage_manager.py:726:lmcache.v1.distributed.storage_manager)[0m
[32;20m[2026-09-29 17:03:50,084] LMCache INFO:[0m Prefetch request completed (L1+L2): 9/10 retained keys (9 L1, 0 L2) in 97.2 ms (external_request_id=chatcmpl-af7538696631e8da-8e1cdd19, prefetch_request_id=-1) [3m(storage_manager.py:726:lmcache.v1.distributed.storage_manager)[0m
[32;20m[2026-09-29 17:03:50,084] LMCache INFO:[0m Prefetch request completed (L1+L2): 10/12 retained keys (10 L1, 0 L2) in 97.2 ms (external_request_id=chatcmpl-889c80400a66f047-b52e8299, prefetch_request_id=-1) [3m(storage_manager.py:726:lmcache.v1.distributed.storage_manager)[0m
[32;20m[2026-09-29 17:03:50,084] LMCache INFO:[0m Prefetch request completed (L1+L2): 9/10 retained keys (9 L1, 0 L2) in 97.1 ms (external_request_id=chatcmpl-a331b1b51b1ee79f-a94082c1, prefetch_request_id=-1) [3m(storage_manager.py:726:lmcache.v1.distributed.storage_manager)[0m
[32;20m[2026-09-29 17:03:50,084] LMCache INFO:[0m Prefetch request completed (L1+L2): 9/10 retained keys (9 L1, 0 L2) in 96.8 ms (external_request_id=chatcmpl-af2ac47c5b2d7307-bf884b4e, prefetch_request_id=-1) [3m(storage_manager.py:726:lmcache.v1.distributed.storage_manager)[0m
[32;20m[2026-09-29 17:03:50,084] LMCache INFO:[0m Prefetch request completed (L1+L2): 9/9 retained keys (9 L1, 0 L2) in 96.5 ms (external_request_id=chatcmpl-95ae28f3c6cef0f0-a815a034, prefetch_request_id=-1) [3m(storage_manager.py:726:lmcache.v1.distributed.storage_manager)[0m
[32;20m[2026-09-29 17:03:50,084] LMCache INFO:[0m Prefetch request completed (L1+L2): 9/10 retained keys (9 L1, 0 L2) in 96.3 ms (external_request_id=chatcmpl-9d6a05893148f1db-a5356a54, prefetch_request_id=-1) [3m(storage_manager.py:726:lmcache.v1.distributed.storage_manager)[0m
[32;20m[2026-09-29 17:03:50,085] LMCache INFO:[0m Prefetch request completed (L1+L2): 9/10 retained keys (9 L1, 0 L2) in 96.1 ms (external_request_id=chatcmpl-8e6c53f2c3265422-9dc8a896, prefetch_request_id=-1) [3m(storage_manager.py:726:lmcache.v1.distributed.storage_manager)[0m
[32;20m[2026-09-29 17:03:50,085] LMCache INFO:[0m Prefetch request completed (L1+L2): 10/11 retained keys (10 L1, 0 L2) in 96.1 ms (external_request_id=chatcmpl-9ecd78c79cdf3ec3-9acca75b, prefetch_request_id=-1) [3m(storage_manager.py:726:lmcache.v1.distributed.storage_manager)[0m
[32;20m[2026-09-29 17:03:50,131] LMCache INFO:[0m Stored 512 tokens in 0.001 seconds [3m(lmcache_driven_transfer.py:1276:lmcache.v1.multiprocess.modules.lmcache_driven_transfer)[0m
[32;20m[2026-09-29 17:03:50,455] LMCache INFO:[0m Stored 512 tokens in 0.002 seconds [3m(lmcache_driven_transfer.py:1276:lmcache.v1.multiprocess.modules.lmcache_driven_transfer)[0m
[32;20m[2026-09-29 17:03:50,489] LMCache INFO:[0m Stored 256 tokens in 0.001 seconds [3m(lmcache_driven_transfer.py:1276:lmcache.v1.multiprocess.modules.lmcache_driven_transfer)[0m
[32;20m[2026-09-29 17:03:50,540] LMCache INFO:[0m Stored 256 tokens in 0.001 seconds [3m(lmcache_driven_transfer.py:1276:lmcache.v1.multiprocess.modules.lmcache_driven_transfer)[0m
[32;20m[2026-09-29 17:03:50,592] LMCache INFO:[0m Stored 256 tokens in 0.001 seconds [3m(lmcache_driven_transfer.py:1276:lmcache.v1.multiprocess.modules.lmcache_driven_transfer)[0m
[32;20m[2026-09-29 17:03:50,713] LMCache INFO:[0m Stored 256 tokens in 0.001 seconds [3m(lmcache_driven_transfer.py:1276:lmcache.v1.multiprocess.modules.lmcache_driven_transfer)[0m
[32;20m[2026-09-29 17:03:50,714] LMCache INFO:[0m Stored 256 tokens in 0.001 seconds [3m(lmcache_driven_transfer.py:1276:lmcache.v1.multiprocess.modules.lmcache_driven_transfer)[0m
[32;20m[2026-09-29 17:03:50,865] LMCache INFO:[0m Stored 256 tokens in 0.003 seconds [3m(lmcache_driven_transfer.py:1276:lmcache.v1.multiprocess.modules.lmcache_driven_transfer)[0m
[32;20m[2026-09-29 17:03:50,895] LMCache INFO:[0m Stored 256 tokens in 0.001 seconds [3m(lmcache_driven_transfer.py:1276:lmcache.v1.multiprocess.modules.lmcache_driven_transfer)[0m
[32;20m[2026-09-29 17:03:50,974] LMCache INFO:[0m Stored 256 tokens in 0.001 seconds [3m(lmcache_driven_transfer.py:1276:lmcache.v1.multiprocess.modules.lmcache_driven_transfer)[0m
[32;20m[2026-09-29 17:03:51,105] LMCache INFO:[0m Stored 768 tokens in 0.002 seconds [3m(lmcache_driven_transfer.py:1276:lmcache.v1.multiprocess.modules.lmcache_driven_transfer)[0m
[32;20m[2026-09-29 17:03:51,107] LMCache INFO:[0m Stored 512 tokens in 0.001 seconds [3m(lmcache_driven_transfer.py:1276:lmcache.v1.multiprocess.modules.lmcache_driven_transfer)[0m
[32;20m[2026-09-29 17:03:51,413] LMCache INFO:[0m Stored 512 tokens in 0.001 seconds [3m(lmcache_driven_transfer.py:1276:lmcache.v1.multiprocess.modules.lmcache_driven_transfer)[0m
[32;20m[2026-09-29 17:03:51,500] LMCache INFO:[0m Stored 512 tokens in 0.001 seconds [3m(lmcache_driven_transfer.py:1276:lmcache.v1.multiprocess.modules.lmcache_driven_transfer)[0m
[32;20m[2026-09-29 17:03:51,658] LMCache INFO:[0m Stored 256 tokens in 0.001 seconds [3m(lmcache_driven_transfer.py:1276:lmcache.v1.multiprocess.modules.lmcache_driven_transfer)[0m
[32;20m[2026-09-29 17:03:51,789] LMCache INFO:[0m Stored 512 tokens in 0.001 seconds [3m(lmcache_driven_transfer.py:1276:lmcache.v1.multiprocess.modules.lmcache_driven_transfer)[0m
[32;20m[2026-09-29 17:03:51,936] LMCache INFO:[0m Stored 512 tokens in 0.001 seconds [3m(lmcache_driven_transfer.py:1276:lmcache.v1.multiprocess.modules.lmcache_driven_transfer)[0m
[32;20m[2026-09-29 17:03:52,045] LMCache INFO:[0m Stored 512 tokens in 0.001 seconds [3m(lmcache_driven_transfer.py:1276:lmcache.v1.multiprocess.modules.lmcache_driven_transfer)[0m
[32;20m[2026-09-29 17:03:52,171] LMCache INFO:[0m Stored 256 tokens in 0.002 seconds [3m(lmcache_driven_transfer.py:1276:lmcache.v1.multiprocess.modules.lmcache_driven_transfer)[0m
[32;20m[2026-09-29 17:03:52,203] LMCache INFO:[0m Stored 512 tokens in 0.002 seconds [3m(lmcache_driven_transfer.py:1276:lmcache.v1.multiprocess.modules.lmcache_driven_transfer)[0m
[32;20m[2026-09-29 17:03:52,242] LMCache INFO:[0m Stored 256 tokens in 0.001 seconds [3m(lmcache_driven_transfer.py:1276:lmcache.v1.multiprocess.modules.lmcache_driven_transfer)[0m
[32;20m[2026-09-29 17:03:52,537] LMCache INFO:[0m Stored 256 tokens in 0.001 seconds [3m(lmcache_driven_transfer.py:1276:lmcache.v1.multiprocess.modules.lmcache_driven_transfer)[0m
[32;20m[2026-09-29 17:03:52,677] LMCache INFO:[0m Stored 256 tokens in 0.001 seconds [3m(lmcache_driven_transfer.py:1276:lmcache.v1.multiprocess.modules.lmcache_driven_transfer)[0m
[32;20m[2026-09-29 17:03:52,820] LMCache INFO:[0m Stored 256 tokens in 0.002 seconds [3m(lmcache_driven_transfer.py:1276:lmcache.v1.multiprocess.modules.lmcache_driven_transfer)[0m
[32;20m[2026-09-29 17:03:52,850] LMCache INFO:[0m Stored 256 tokens in 0.001 seconds [3m(lmcache_driven_transfer.py:1276:lmcache.v1.multiprocess.modules.lmcache_driven_transfer)[0m
[32;20m[2026-09-29 17:03:52,972] LMCache INFO:[0m Prefetch request completed (L1+L2): 9/9 retained keys (9 L1, 0 L2) in 2886.5 ms (external_request_id=chatcmpl-ab910e8d04a41af2-bd129a16, prefetch_request_id=-1) [3m(storage_manager.py:726:lmcache.v1.distributed.storage_manager)[0m
[32;20m[2026-09-29 17:03:53,095] LMCache INFO:[0m Prefetch request completed (L1+L2): 12/13 retained keys (12 L1, 0 L2) in 122.1 ms (external_request_id=chatcmpl-abb2a3f8e241bef7-b3d3ae62, prefetch_request_id=-1) [3m(storage_manager.py:726:lmcache.v1.distributed.storage_manager)[0m
[32;20m[2026-09-29 17:03:53,095] LMCache INFO:[0m Prefetch request completed (L1+L2): 9/11 retained keys (9 L1, 0 L2) in 122.1 ms (external_request_id=chatcmpl-b30848d0a5ce8e79-bad33b5e, prefetch_request_id=-1) [3m(storage_manager.py:726:lmcache.v1.distributed.storage_manager)[0m
[32;20m[2026-09-29 17:03:53,095] LMCache INFO:[0m Prefetch request completed (L1+L2): 10/11 retained keys (10 L1, 0 L2) in 121.8 ms (external_request_id=chatcmpl-80a82a160cf1c993-9bcbbaa6, prefetch_request_id=-1) [3m(storage_manager.py:726:lmcache.v1.distributed.storage_manager)[0m
[32;20m[2026-09-29 17:03:53,096] LMCache INFO:[0m Prefetch request completed (L1+L2): 12/14 retained keys (12 L1, 0 L2) in 121.4 ms (external_request_id=chatcmpl-a5a6e5d4c6f7c0ac-a0298e08, prefetch_request_id=-1) [3m(storage_manager.py:726:lmcache.v1.distributed.storage_manager)[0m
[32;20m[2026-09-29 17:03:53,096] LMCache INFO:[0m Prefetch request completed (L1+L2): 10/11 retained keys (10 L1, 0 L2) in 121.5 ms (external_request_id=chatcmpl-afbe4e2e211a1a93-a5c92aca, prefetch_request_id=-1) [3m(storage_manager.py:726:lmcache.v1.distributed.storage_manager)[0m
[32;20m[2026-09-29 17:03:53,096] LMCache INFO:[0m Prefetch request completed (L1+L2): 11/13 retained keys (11 L1, 0 L2) in 120.9 ms (external_request_id=chatcmpl-bfcf9ed336484447-93cb2628, prefetch_request_id=-1) [3m(storage_manager.py:726:lmcache.v1.distributed.storage_manager)[0m
[32;20m[2026-09-29 17:03:53,096] LMCache INFO:[0m Prefetch request completed (L1+L2): 10/10 retained keys (10 L1, 0 L2) in 120.9 ms (external_request_id=chatcmpl-83b73bdcbf3ccb27-a082d72c, prefetch_request_id=-1) [3m(storage_manager.py:726:lmcache.v1.distributed.storage_manager)[0m
[32;20m[2026-09-29 17:03:53,096] LMCache INFO:[0m Prefetch request completed (L1+L2): 10/12 retained keys (10 L1, 0 L2) in 120.7 ms (external_request_id=chatcmpl-b5496f12dee72281-9a6b001d, prefetch_request_id=-1) [3m(storage_manager.py:726:lmcache.v1.distributed.storage_manager)[0m
[32;20m[2026-09-29 17:03:53,096] LMCache INFO:[0m Prefetch request completed (L1+L2): 10/11 retained keys (10 L1, 0 L2) in 120.6 ms (external_request_id=chatcmpl-b1949969006c35c9-bdbc8801, prefetch_request_id=-1) [3m(storage_manager.py:726:lmcache.v1.distributed.storage_manager)[0m
[32;20m[2026-09-29 17:03:53,097] LMCache INFO:[0m Prefetch request completed (L1+L2): 9/11 retained keys (9 L1, 0 L2) in 120.2 ms (external_request_id=chatcmpl-8ccbb87d51e25401-8cd88320, prefetch_request_id=-1) [3m(storage_manager.py:726:lmcache.v1.distributed.storage_manager)[0m
[32;20m[2026-09-29 17:03:53,097] LMCache INFO:[0m Prefetch request completed (L1+L2): 9/10 retained keys (9 L1, 0 L2) in 119.8 ms (external_request_id=chatcmpl-b2302ff1f57adc64-938a1f80, prefetch_request_id=-1) [3m(storage_manager.py:726:lmcache.v1.distributed.storage_manager)[0m
[32;20m[2026-09-29 17:03:53,097] LMCache INFO:[0m Prefetch request completed (L1+L2): 9/11 retained keys (9 L1, 0 L2) in 119.8 ms (external_request_id=chatcmpl-999ac8a5697fd189-95f39d0c, prefetch_request_id=-1) [3m(storage_manager.py:726:lmcache.v1.distributed.storage_manager)[0m
[32;20m[2026-09-29 17:03:53,097] LMCache INFO:[0m Prefetch request completed (L1+L2): 10/13 retained keys (10 L1, 0 L2) in 119.5 ms (external_request_id=chatcmpl-b5d2384df9c57d1e-abdd9342, prefetch_request_id=-1) [3m(storage_manager.py:726:lmcache.v1.distributed.storage_manager)[0m
[32;20m[2026-09-29 17:03:53,097] LMCache INFO:[0m Prefetch request completed (L1+L2): 9/9 retained keys (9 L1, 0 L2) in 119.3 ms (external_request_id=chatcmpl-955706760ad0e36a-b87ea58f, prefetch_request_id=-1) [3m(storage_manager.py:726:lmcache.v1.distributed.storage_manager)[0m
[32;20m[2026-09-29 17:03:53,097] LMCache INFO:[0m Prefetch request completed (L1+L2): 9/10 retained keys (9 L1, 0 L2) in 119.1 ms (external_request_id=chatcmpl-a1382719f621ce60-89af3637, prefetch_request_id=-1) [3m(storage_manager.py:726:lmcache.v1.distributed.storage_manager)[0m
[32;20m[2026-09-29 17:03:53,098] LMCache INFO:[0m Prefetch request completed (L1+L2): 9/9 retained keys (9 L1, 0 L2) in 119.0 ms (external_request_id=chatcmpl-9b5a8079bed0c2dc-b2afaf5e, prefetch_request_id=-1) [3m(storage_manager.py:726:lmcache.v1.distributed.storage_manager)[0m
[32;20m[2026-09-29 17:03:53,098] LMCache INFO:[0m Prefetch request completed (L1+L2): 9/11 retained keys (9 L1, 0 L2) in 118.7 ms (external_request_id=chatcmpl-b1ee96e9a706abe7-bffe5d4a, prefetch_request_id=-1) [3m(storage_manager.py:726:lmcache.v1.distributed.storage_manager)[0m
[32;20m[2026-09-29 17:03:53,098] LMCache INFO:[0m Prefetch request completed (L1+L2): 9/11 retained keys (9 L1, 0 L2) in 118.4 ms (external_request_id=chatcmpl-b383de617d593a74-aac99a97, prefetch_request_id=-1) [3m(storage_manager.py:726:lmcache.v1.distributed.storage_manager)[0m
[32;20m[2026-09-29 17:03:53,098] LMCache INFO:[0m Prefetch request completed (L1+L2): 10/11 retained keys (10 L1, 0 L2) in 118.0 ms (external_request_id=chatcmpl-af435617ac0b646d-88d30ad1, prefetch_request_id=-1) [3m(storage_manager.py:726:lmcache.v1.distributed.storage_manager)[0m
[32;20m[2026-09-29 17:03:53,098] LMCache INFO:[0m Prefetch request completed (L1+L2): 9/11 retained keys (9 L1, 0 L2) in 118.0 ms (external_request_id=chatcmpl-89557c6f100034b4-90826512, prefetch_request_id=-1) [3m(storage_manager.py:726:lmcache.v1.distributed.storage_manager)[0m
[32;20m[2026-09-29 17:03:53,098] LMCache INFO:[0m Prefetch request completed (L1+L2): 12/13 retained keys (12 L1, 0 L2) in 117.8 ms (external_request_id=chatcmpl-a48913cbb2291c14-b2ca0c0a, prefetch_request_id=-1) [3m(storage_manager.py:726:lmcache.v1.distributed.storage_manager)[0m
[32;20m[2026-09-29 17:03:53,098] LMCache INFO:[0m Prefetch request completed (L1+L2): 9/10 retained keys (9 L1, 0 L2) in 117.6 ms (external_request_id=chatcmpl-80eaaf36fb4a9882-9e869111, prefetch_request_id=-1) [3m(storage_manager.py:726:lmcache.v1.distributed.storage_manager)[0m
[32;20m[2026-09-29 17:03:53,099] LMCache INFO:[0m Prefetch request completed (L1+L2): 10/12 retained keys (10 L1, 0 L2) in 117.3 ms (external_request_id=chatcmpl-987eb1ea0f4075e7-a8c8c43b, prefetch_request_id=-1) [3m(storage_manager.py:726:lmcache.v1.distributed.storage_manager)[0m
[32;20m[2026-09-29 17:03:53,143] LMCache INFO:[0m Stored 256 tokens in 0.001 seconds [3m(lmcache_driven_transfer.py:1276:lmcache.v1.multiprocess.modules.lmcache_driven_transfer)[0m
[32;20m[2026-09-29 17:03:53,217] LMCache INFO:[0m Stored 512 tokens in 0.002 seconds [3m(lmcache_driven_transfer.py:1276:lmcache.v1.multiprocess.modules.lmcache_driven_transfer)[0m
[32;20m[2026-09-29 17:03:53,322] LMCache INFO:[0m Stored 256 tokens in 0.001 seconds [3m(lmcache_driven_transfer.py:1276:lmcache.v1.multiprocess.modules.lmcache_driven_transfer)[0m
[32;20m[2026-09-29 17:03:53,448] LMCache INFO:[0m Stored 512 tokens in 0.002 seconds [3m(lmcache_driven_transfer.py:1276:lmcache.v1.multiprocess.modules.lmcache_driven_transfer)[0m
[32;20m[2026-09-29 17:03:53,480] LMCache INFO:[0m Stored 256 tokens in 0.001 seconds [3m(lmcache_driven_transfer.py:1276:lmcache.v1.multiprocess.modules.lmcache_driven_transfer)[0m
[32;20m[2026-09-29 17:03:53,521] LMCache INFO:[0m Stored 512 tokens in 0.001 seconds [3m(lmcache_driven_transfer.py:1276:lmcache.v1.multiprocess.modules.lmcache_driven_transfer)[0m
[32;20m[2026-09-29 17:03:53,764] LMCache INFO:[0m Stored 512 tokens in 0.002 seconds [3m(lmcache_driven_transfer.py:1276:lmcache.v1.multiprocess.modules.lmcache_driven_transfer)[0m
[32;20m[2026-09-29 17:03:53,831] LMCache INFO:[0m Stored 256 tokens in 0.001 seconds [3m(lmcache_driven_transfer.py:1276:lmcache.v1.multiprocess.modules.lmcache_driven_transfer)[0m
[32;20m[2026-09-29 17:03:54,278] LMCache INFO:[0m Stored 512 tokens in 0.002 seconds [3m(lmcache_driven_transfer.py:1276:lmcache.v1.multiprocess.modules.lmcache_driven_transfer)[0m
[32;20m[2026-09-29 17:03:54,280] LMCache INFO:[0m Stored 256 tokens in 0.001 seconds [3m(lmcache_driven_transfer.py:1276:lmcache.v1.multiprocess.modules.lmcache_driven_transfer)[0m
[32;20m[2026-09-29 17:03:54,382] LMCache INFO:[0m Stored 256 tokens in 0.002 seconds [3m(lmcache_driven_transfer.py:1276:lmcache.v1.multiprocess.modules.lmcache_driven_transfer)[0m
[32;20m[2026-09-29 17:03:54,418] LMCache INFO:[0m Stored 512 tokens in 0.004 seconds [3m(lmcache_driven_transfer.py:1276:lmcache.v1.multiprocess.modules.lmcache_driven_transfer)[0m
[32;20m[2026-09-29 17:03:54,448] LMCache INFO:[0m Stored 768 tokens in 0.001 seconds [3m(lmcache_driven_transfer.py:1276:lmcache.v1.multiprocess.modules.lmcache_driven_transfer)[0m
[32;20m[2026-09-29 17:03:54,699] LMCache INFO:[0m Stored 256 tokens in 0.002 seconds [3m(lmcache_driven_transfer.py:1276:lmcache.v1.multiprocess.modules.lmcache_driven_transfer)[0m
[32;20m[2026-09-29 17:03:54,825] LMCache INFO:[0m Stored 256 tokens in 0.001 seconds [3m(lmcache_driven_transfer.py:1276:lmcache.v1.multiprocess.modules.lmcache_driven_transfer)[0m
[32;20m[2026-09-29 17:03:54,955] LMCache INFO:[0m Stored 512 tokens in 0.001 seconds [3m(lmcache_driven_transfer.py:1276:lmcache.v1.multiprocess.modules.lmcache_driven_transfer)[0m
[32;20m[2026-09-29 17:03:55,062] LMCache INFO:[0m Stored 512 tokens in 0.001 seconds [3m(lmcache_driven_transfer.py:1276:lmcache.v1.multiprocess.modules.lmcache_driven_transfer)[0m
[32;20m[2026-09-29 17:03:55,271] LMCache INFO:[0m Stored 256 tokens in 0.001 seconds [3m(lmcache_driven_transfer.py:1276:lmcache.v1.multiprocess.modules.lmcache_driven_transfer)[0m
[32;20m[2026-09-29 17:03:55,319] LMCache INFO:[0m Stored 512 tokens in 0.001 seconds [3m(lmcache_driven_transfer.py:1276:lmcache.v1.multiprocess.modules.lmcache_driven_transfer)[0m
[32;20m[2026-09-29 17:03:55,406] LMCache INFO:[0m Stored 256 tokens in 0.001 seconds [3m(lmcache_driven_transfer.py:1276:lmcache.v1.multiprocess.modules.lmcache_driven_transfer)[0m
[32;20m[2026-09-29 17:03:55,517] LMCache INFO:[0m Stored 256 tokens in 0.001 seconds [3m(lmcache_driven_transfer.py:1276:lmcache.v1.multiprocess.modules.lmcache_driven_transfer)[0m
[32;20m[2026-09-29 17:03:55,703] LMCache INFO:[0m Stored 512 tokens in 0.001 seconds [3m(lmcache_driven_transfer.py:1276:lmcache.v1.multiprocess.modules.lmcache_driven_transfer)[0m
[32;20m[2026-09-29 17:03:55,706] LMCache INFO:[0m Prefetch request completed (L1+L2): 12/14 retained keys (12 L1, 0 L2) in 2606.4 ms (external_request_id=chatcmpl-b821642202a2b54a-b4658fa2, prefetch_request_id=-1) [3m(storage_manager.py:726:lmcache.v1.distributed.storage_manager)[0m
[32;20m[2026-09-29 17:03:55,780] LMCache INFO:[0m Stored 512 tokens in 0.001 seconds [3m(lmcache_driven_transfer.py:1276:lmcache.v1.multiprocess.modules.lmcache_driven_transfer)[0m
[32;20m[2026-09-29 17:03:55,862] LMCache INFO:[0m Prefetch request completed (L1+L2): 10/12 retained keys (10 L1, 0 L2) in 155.9 ms (external_request_id=chatcmpl-9161acc7c1656a7b-9552efbc, prefetch_request_id=-1) [3m(storage_manager.py:726:lmcache.v1.distributed.storage_manager)[0m
[32;20m[2026-09-29 17:03:55,862] LMCache INFO:[0m Prefetch request completed (L1+L2): 11/12 retained keys (11 L1, 0 L2) in 155.7 ms (external_request_id=chatcmpl-824c65cfbbe0fc6a-b122edb9, prefetch_request_id=-1) [3m(storage_manager.py:726:lmcache.v1.distributed.storage_manager)[0m
[32;20m[2026-09-29 17:03:55,863] LMCache INFO:[0m Prefetch request completed (L1+L2): 10/10 retained keys (10 L1, 0 L2) in 155.5 ms (external_request_id=chatcmpl-813af4e3e2f1aa04-a6477bd4, prefetch_request_id=-1) [3m(storage_manager.py:726:lmcache.v1.distributed.storage_manager)[0m
[32;20m[2026-09-29 17:03:55,863] LMCache INFO:[0m Prefetch request completed (L1+L2): 10/11 retained keys (10 L1, 0 L2) in 155.2 ms (external_request_id=chatcmpl-9cf7a6fe19c11c53-ba708b8d, prefetch_request_id=-1) [3m(storage_manager.py:726:lmcache.v1.distributed.storage_manager)[0m
[32;20m[2026-09-29 17:03:55,863] LMCache INFO:[0m Prefetch request completed (L1+L2): 10/12 retained keys (10 L1, 0 L2) in 155.2 ms (external_request_id=chatcmpl-9e493e0bb0eba2fa-a46ee9e7, prefetch_request_id=-1) [3m(storage_manager.py:726:lmcache.v1.distributed.storage_manager)[0m
[32;20m[2026-09-29 17:03:55,863] LMCache INFO:[0m Prefetch request completed (L1+L2): 9/10 retained keys (9 L1, 0 L2) in 154.9 ms (external_request_id=chatcmpl-968aab1f9b341956-879e0688, prefetch_request_id=-1) [3m(storage_manager.py:726:lmcache.v1.distributed.storage_manager)[0m
[32;20m[2026-09-29 17:03:55,863] LMCache INFO:[0m Prefetch request completed (L1+L2): 9/10 retained keys (9 L1, 0 L2) in 154.6 ms (external_request_id=chatcmpl-97c3910bded13748-acf94b83, prefetch_request_id=-1) [3m(storage_manager.py:726:lmcache.v1.distributed.storage_manager)[0m
[32;20m[2026-09-29 17:03:55,863] LMCache INFO:[0m Prefetch request completed (L1+L2): 9/9 retained keys (9 L1, 0 L2) in 154.4 ms (external_request_id=chatcmpl-bd44cf89fc56f137-be2d411d, prefetch_request_id=-1) [3m(storage_manager.py:726:lmcache.v1.distributed.storage_manager)[0m
[32;20m[2026-09-29 17:03:55,863] LMCache INFO:[0m Prefetch request completed (L1+L2): 10/11 retained keys (10 L1, 0 L2) in 154.1 ms (external_request_id=chatcmpl-89a4c504705cbf94-b64584e2, prefetch_request_id=-1) [3m(storage_manager.py:726:lmcache.v1.distributed.storage_manager)[0m
[32;20m[2026-09-29 17:03:55,864] LMCache INFO:[0m Prefetch request completed (L1+L2): 9/9 retained keys (9 L1, 0 L2) in 154.0 ms (external_request_id=chatcmpl-bba52a23850d3651-b0024c12, prefetch_request_id=-1) [3m(storage_manager.py:726:lmcache.v1.distributed.storage_manager)[0m
[32;20m[2026-09-29 17:03:55,864] LMCache INFO:[0m Prefetch request completed (L1+L2): 9/9 retained keys (9 L1, 0 L2) in 153.8 ms (external_request_id=chatcmpl-bcccb4f7eac0860c-aea2c7ea, prefetch_request_id=-1) [3m(storage_manager.py:726:lmcache.v1.distributed.storage_manager)[0m
[32;20m[2026-09-29 17:03:55,864] LMCache INFO:[0m Prefetch request completed (L1+L2): 9/10 retained keys (9 L1, 0 L2) in 153.6 ms (external_request_id=chatcmpl-a233a0c4967897a0-8e23356e, prefetch_request_id=-1) [3m(storage_manager.py:726:lmcache.v1.distributed.storage_manager)[0m
[32;20m[2026-09-29 17:03:55,864] LMCache INFO:[0m Prefetch request completed (L1+L2): 9/10 retained keys (9 L1, 0 L2) in 153.4 ms (external_request_id=chatcmpl-aa77e60f38fb929b-a0bbdb04, prefetch_request_id=-1) [3m(storage_manager.py:726:lmcache.v1.distributed.storage_manager)[0m
[32;20m[2026-09-29 17:03:55,864] LMCache INFO:[0m Prefetch request completed (L1+L2): 9/10 retained keys (9 L1, 0 L2) in 153.3 ms (external_request_id=chatcmpl-bcfee34887ac1cb8-b5ca931d, prefetch_request_id=-1) [3m(storage_manager.py:726:lmcache.v1.distributed.storage_manager)[0m
[32;20m[2026-09-29 17:03:55,864] LMCache INFO:[0m Prefetch request completed (L1+L2): 10/12 retained keys (10 L1, 0 L2) in 153.0 ms (external_request_id=chatcmpl-9c87767a2601cd6b-89e1c39c, prefetch_request_id=-1) [3m(storage_manager.py:726:lmcache.v1.distributed.storage_manager)[0m
[32;20m[2026-09-29 17:03:55,865] LMCache INFO:[0m Prefetch request completed (L1+L2): 9/9 retained keys (9 L1, 0 L2) in 152.8 ms (external_request_id=chatcmpl-bfeabe1b7a62b1a2-8e43aacd, prefetch_request_id=-1) [3m(storage_manager.py:726:lmcache.v1.distributed.storage_manager)[0m
[32;20m[2026-09-29 17:03:55,865] LMCache INFO:[0m Prefetch request completed (L1+L2): 12/13 retained keys (12 L1, 0 L2) in 152.6 ms (external_request_id=chatcmpl-b10d0872a9a6a251-afe77b32, prefetch_request_id=-1) [3m(storage_manager.py:726:lmcache.v1.distributed.storage_manager)[0m
[32;20m[2026-09-29 17:03:55,865] LMCache INFO:[0m Prefetch request completed (L1+L2): 9/10 retained keys (9 L1, 0 L2) in 152.4 ms (external_request_id=chatcmpl-a54e190570bc056c-af3a523c, prefetch_request_id=-1) [3m(storage_manager.py:726:lmcache.v1.distributed.storage_manager)[0m
[32;20m[2026-09-29 17:03:55,865] LMCache INFO:[0m Prefetch request completed (L1+L2): 10/12 retained keys (10 L1, 0 L2) in 152.2 ms (external_request_id=chatcmpl-9850ad043c638ad5-b3a2c9b4, prefetch_request_id=-1) [3m(storage_manager.py:726:lmcache.v1.distributed.storage_manager)[0m
[32;20m[2026-09-29 17:03:55,865] LMCache INFO:[0m Prefetch request completed (L1+L2): 12/13 retained keys (12 L1, 0 L2) in 151.6 ms (external_request_id=chatcmpl-a564ab13831c66e6-b93b7ca2, prefetch_request_id=-1) [3m(storage_manager.py:726:lmcache.v1.distributed.storage_manager)[0m
[32;20m[2026-09-29 17:03:55,866] LMCache INFO:[0m Prefetch request completed (L1+L2): 10/11 retained keys (10 L1, 0 L2) in 151.6 ms (external_request_id=chatcmpl-a2de7b9a7529b65e-8c2ea47c, prefetch_request_id=-1) [3m(storage_manager.py:726:lmcache.v1.distributed.storage_manager)[0m
[32;20m[2026-09-29 17:03:55,866] LMCache INFO:[0m Prefetch request completed (L1+L2): 11/13 retained keys (11 L1, 0 L2) in 151.5 ms (external_request_id=chatcmpl-a10691edc4d64d6d-8582e25d, prefetch_request_id=-1) [3m(storage_manager.py:726:lmcache.v1.distributed.storage_manager)[0m
[32;20m[2026-09-29 17:03:55,866] LMCache INFO:[0m Prefetch request completed (L1+L2): 10/11 retained keys (10 L1, 0 L2) in 151.3 ms (external_request_id=chatcmpl-934e9751bd6fccfc-bfd4ab61, prefetch_request_id=-1) [3m(storage_manager.py:726:lmcache.v1.distributed.storage_manager)[0m
[32;20m[2026-09-29 17:03:55,912] LMCache INFO:[0m Stored 512 tokens in 0.001 seconds [3m(lmcache_driven_transfer.py:1276:lmcache.v1.multiprocess.modules.lmcache_driven_transfer)[0m
[32;20m[2026-09-29 17:03:55,995] LMCache INFO:[0m L1 memory usage 0.81 above watermark 0.80; triggering eviction. [3m(eviction_controller.py:179:lmcache.v1.distributed.storage_controllers.eviction_controller)[0m
[32;20m[2026-09-29 17:03:55,998] LMCache INFO:[0m Stored 256 tokens in 0.001 seconds [3m(lmcache_driven_transfer.py:1276:lmcache.v1.multiprocess.modules.lmcache_driven_transfer)[0m
[32;20m[2026-09-29 17:03:56,087] LMCache INFO:[0m Stored 256 tokens in 0.001 seconds [3m(lmcache_driven_transfer.py:1276:lmcache.v1.multiprocess.modules.lmcache_driven_transfer)[0m
[32;20m[2026-09-29 17:03:56,315] LMCache INFO:[0m Stored 512 tokens in 0.001 seconds [3m(lmcache_driven_transfer.py:1276:lmcache.v1.multiprocess.modules.lmcache_driven_transfer)[0m
[32;20m[2026-09-29 17:03:56,316] LMCache INFO:[0m Stored 256 tokens in 0.001 seconds [3m(lmcache_driven_transfer.py:1276:lmcache.v1.multiprocess.modules.lmcache_driven_transfer)[0m
[32;20m[2026-09-29 17:03:56,535] LMCache INFO:[0m Stored 256 tokens in 0.001 seconds [3m(lmcache_driven_transfer.py:1276:lmcache.v1.multiprocess.modules.lmcache_driven_transfer)[0m
[32;20m[2026-09-29 17:03:56,805] LMCache INFO:[0m Stored 256 tokens in 0.001 seconds [3m(lmcache_driven_transfer.py:1276:lmcache.v1.multiprocess.modules.lmcache_driven_transfer)[0m
[32;20m[2026-09-29 17:03:56,974] LMCache INFO:[0m Stored 256 tokens in 0.002 seconds [3m(lmcache_driven_transfer.py:1276:lmcache.v1.multiprocess.modules.lmcache_driven_transfer)[0m
[32;20m[2026-09-29 17:03:57,034] LMCache INFO:[0m Stored 256 tokens in 0.001 seconds [3m(lmcache_driven_transfer.py:1276:lmcache.v1.multiprocess.modules.lmcache_driven_transfer)[0m
[32;20m[2026-09-29 17:03:57,279] LMCache INFO:[0m Stored 256 tokens in 0.001 seconds [3m(lmcache_driven_transfer.py:1276:lmcache.v1.multiprocess.modules.lmcache_driven_transfer)[0m
[32;20m[2026-09-29 17:03:57,311] LMCache INFO:[0m Stored 512 tokens in 0.001 seconds [3m(lmcache_driven_transfer.py:1276:lmcache.v1.multiprocess.modules.lmcache_driven_transfer)[0m
[32;20m[2026-09-29 17:03:57,524] LMCache INFO:[0m Stored 256 tokens in 0.001 seconds [3m(lmcache_driven_transfer.py:1276:lmcache.v1.multiprocess.modules.lmcache_driven_transfer)[0m
[32;20m[2026-09-29 17:03:57,875] LMCache INFO:[0m Stored 256 tokens in 0.002 seconds [3m(lmcache_driven_transfer.py:1276:lmcache.v1.multiprocess.modules.lmcache_driven_transfer)[0m
[32;20m[2026-09-29 17:03:57,904] LMCache INFO:[0m Stored 256 tokens in 0.001 seconds [3m(lmcache_driven_transfer.py:1276:lmcache.v1.multiprocess.modules.lmcache_driven_transfer)[0m
[32;20m[2026-09-29 17:03:58,027] LMCache INFO:[0m Stored 512 tokens in 0.001 seconds [3m(lmcache_driven_transfer.py:1276:lmcache.v1.multiprocess.modules.lmcache_driven_transfer)[0m
[32;20m[2026-09-29 17:03:58,111] LMCache INFO:[0m Stored 256 tokens in 0.001 seconds [3m(lmcache_driven_transfer.py:1276:lmcache.v1.multiprocess.modules.lmcache_driven_transfer)[0m
[32;20m[2026-09-29 17:03:58,133] LMCache INFO:[0m Stored 256 tokens in 0.001 seconds [3m(lmcache_driven_transfer.py:1276:lmcache.v1.multiprocess.modules.lmcache_driven_transfer)[0m
[32;20m[2026-09-29 17:03:58,224] LMCache INFO:[0m Stored 256 tokens in 0.001 seconds [3m(lmcache_driven_transfer.py:1276:lmcache.v1.multiprocess.modules.lmcache_driven_transfer)[0m
[32;20m[2026-09-29 17:03:58,293] LMCache INFO:[0m Stored 512 tokens in 0.002 seconds [3m(lmcache_driven_transfer.py:1276:lmcache.v1.multiprocess.modules.lmcache_driven_transfer)[0m
[32;20m[2026-09-29 17:03:58,297] LMCache INFO:[0m Prefetch request completed (L1+L2): 10/11 retained keys (10 L1, 0 L2) in 2430.6 ms (external_request_id=chatcmpl-8131056e813a7617-a89e99f4, prefetch_request_id=-1) [3m(storage_manager.py:726:lmcache.v1.distributed.storage_manager)[0m
[32;20m[2026-09-29 17:03:58,334] LMCache INFO:[0m Stored 256 tokens in 0.001 seconds [3m(lmcache_driven_transfer.py:1276:lmcache.v1.multiprocess.modules.lmcache_driven_transfer)[0m
[32;20m[2026-09-29 17:03:58,395] LMCache INFO:[0m Stored 256 tokens in 0.001 seconds [3m(lmcache_driven_transfer.py:1276:lmcache.v1.multiprocess.modules.lmcache_driven_transfer)[0m
[32;20m[2026-09-29 17:03:58,417] LMCache INFO:[0m Stored 256 tokens in 0.001 seconds [3m(lmcache_driven_transfer.py:1276:lmcache.v1.multiprocess.modules.lmcache_driven_transfer)[0m
[32;20m[2026-09-29 17:03:58,685] LMCache INFO:[0m Prefetch request completed (L1+L2): 10/12 retained keys (10 L1, 0 L2) in 387.3 ms (external_request_id=chatcmpl-b3394133f7d9dea7-a215dff1, prefetch_request_id=-1) [3m(storage_manager.py:726:lmcache.v1.distributed.storage_manager)[0m
[32;20m[2026-09-29 17:03:58,685] LMCache INFO:[0m Prefetch request completed (L1+L2): 9/11 retained keys (9 L1, 0 L2) in 387.0 ms (external_request_id=chatcmpl-bd397f3ac11f198f-9eb749b4, prefetch_request_id=-1) [3m(storage_manager.py:726:lmcache.v1.distributed.storage_manager)[0m
[32;20m[2026-09-29 17:03:58,685] LMCache INFO:[0m Prefetch request completed (L1+L2): 9/11 retained keys (9 L1, 0 L2) in 386.7 ms (external_request_id=chatcmpl-9058d382dbfa61dd-b1fba2b4, prefetch_request_id=-1) [3m(storage_manager.py:726:lmcache.v1.distributed.storage_manager)[0m
[32;20m[2026-09-29 17:03:58,685] LMCache INFO:[0m Prefetch request completed (L1+L2): 9/9 retained keys (9 L1, 0 L2) in 386.3 ms (external_request_id=chatcmpl-9208762a9b8674f2-b4753064, prefetch_request_id=-1) [3m(storage_manager.py:726:lmcache.v1.distributed.storage_manager)[0m
[32;20m[2026-09-29 17:03:58,685] LMCache INFO:[0m Prefetch request completed (L1+L2): 10/12 retained keys (10 L1, 0 L2) in 386.0 ms (external_request_id=chatcmpl-8c86f94289f3b84d-b7d480a4, prefetch_request_id=-1) [3m(storage_manager.py:726:lmcache.v1.distributed.storage_manager)[0m
[32;20m[2026-09-29 17:03:58,685] LMCache INFO:[0m Prefetch request completed (L1+L2): 9/11 retained keys (9 L1, 0 L2) in 385.7 ms (external_request_id=chatcmpl-af3bc336512b44e6-a4652ec4, prefetch_request_id=-1) [3m(storage_manager.py:726:lmcache.v1.distributed.storage_manager)[0m
[32;20m[2026-09-29 17:03:58,685] LMCache INFO:[0m Prefetch request completed (L1+L2): 9/12 retained keys (9 L1, 0 L2) in 385.4 ms (external_request_id=chatcmpl-97c5d6e651368e7a-bf229e4a, prefetch_request_id=-1) [3m(storage_manager.py:726:lmcache.v1.distributed.storage_manager)[0m
[32;20m[2026-09-29 17:03:58,686] LMCache INFO:[0m Prefetch request completed (L1+L2): 9/11 retained keys (9 L1, 0 L2) in 385.3 ms (external_request_id=chatcmpl-8b8dab1c5856af34-85567c49, prefetch_request_id=-1) [3m(storage_manager.py:726:lmcache.v1.distributed.storage_manager)[0m
[32;20m[2026-09-29 17:03:58,686] LMCache INFO:[0m Prefetch request completed (L1+L2): 9/10 retained keys (9 L1, 0 L2) in 385.3 ms (external_request_id=chatcmpl-95ba1f8d5965fe10-a20397f0, prefetch_request_id=-1) [3m(storage_manager.py:726:lmcache.v1.distributed.storage_manager)[0m
[32;20m[2026-09-29 17:03:58,686] LMCache INFO:[0m Prefetch request completed (L1+L2): 9/10 retained keys (9 L1, 0 L2) in 385.0 ms (external_request_id=chatcmpl-a1ac9ad83e5406aa-978373b0, prefetch_request_id=-1) [3m(storage_manager.py:726:lmcache.v1.distributed.storage_manager)[0m
[32;20m[2026-09-29 17:03:58,686] LMCache INFO:[0m Prefetch request completed (L1+L2): 10/11 retained keys (10 L1, 0 L2) in 384.8 ms (external_request_id=chatcmpl-a7a7da71500d0272-a1165ada, prefetch_request_id=-1) [3m(storage_manager.py:726:lmcache.v1.distributed.storage_manager)[0m
[32;20m[2026-09-29 17:03:58,687] LMCache INFO:[0m Prefetch request completed (L1+L2): 9/9 retained keys (9 L1, 0 L2) in 384.7 ms (external_request_id=chatcmpl-86b0d853b69c5a15-89b39a37, prefetch_request_id=-1) [3m(storage_manager.py:726:lmcache.v1.distributed.storage_manager)[0m
[32;20m[2026-09-29 17:03:58,687] LMCache INFO:[0m Prefetch request completed (L1+L2): 12/12 retained keys (12 L1, 0 L2) in 384.4 ms (external_request_id=chatcmpl-b6f518e2d7bc974d-a94ea5f1, prefetch_request_id=-1) [3m(storage_manager.py:726:lmcache.v1.distributed.storage_manager)[0m
[32;20m[2026-09-29 17:03:58,687] LMCache INFO:[0m Prefetch request completed (L1+L2): 9/10 retained keys (9 L1, 0 L2) in 384.1 ms (external_request_id=chatcmpl-9e9e9c4c2dc1253f-9cecf78a, prefetch_request_id=-1) [3m(storage_manager.py:726:lmcache.v1.distributed.storage_manager)[0m
[32;20m[2026-09-29 17:03:58,687] LMCache INFO:[0m Prefetch request completed (L1+L2): 10/10 retained keys (10 L1, 0 L2) in 383.9 ms (external_request_id=chatcmpl-ab534f20802904aa-bfe89dae, prefetch_request_id=-1) [3m(storage_manager.py:726:lmcache.v1.distributed.storage_manager)[0m
[32;20m[2026-09-29 17:03:58,687] LMCache INFO:[0m Prefetch request completed (L1+L2): 12/14 retained keys (12 L1, 0 L2) in 382.9 ms (external_request_id=chatcmpl-960d96b14bac1867-a2a3c93e, prefetch_request_id=-1) [3m(storage_manager.py:726:lmcache.v1.distributed.storage_manager)[0m
[32;20m[2026-09-29 17:03:58,688] LMCache INFO:[0m Prefetch request completed (L1+L2): 10/11 retained keys (10 L1, 0 L2) in 383.0 ms (external_request_id=chatcmpl-a65d6722989b3001-b0b59a3c, prefetch_request_id=-1) [3m(storage_manager.py:726:lmcache.v1.distributed.storage_manager)[0m
[32;20m[2026-09-29 17:03:58,688] LMCache INFO:[0m Prefetch request completed (L1+L2): 11/13 retained keys (11 L1, 0 L2) in 383.0 ms (external_request_id=chatcmpl-9cfc7f4280d19841-a6a25cf8, prefetch_request_id=-1) [3m(storage_manager.py:726:lmcache.v1.distributed.storage_manager)[0m
[32;20m[2026-09-29 17:03:58,688] LMCache INFO:[0m Prefetch request completed (L1+L2): 10/12 retained keys (10 L1, 0 L2) in 382.9 ms (external_request_id=chatcmpl-86422d653dd93b8e-aa9d6c9d, prefetch_request_id=-1) [3m(storage_manager.py:726:lmcache.v1.distributed.storage_manager)[0m
[32;20m[2026-09-29 17:03:58,688] LMCache INFO:[0m Prefetch request completed (L1+L2): 10/12 retained keys (10 L1, 0 L2) in 383.0 ms (external_request_id=chatcmpl-94d89707e45b0eed-a7b63c1f, prefetch_request_id=-1) [3m(storage_manager.py:726:lmcache.v1.distributed.storage_manager)[0m
[32;20m[2026-09-29 17:03:58,688] LMCache INFO:[0m Prefetch request completed (L1+L2): 10/11 retained keys (10 L1, 0 L2) in 382.8 ms (external_request_id=chatcmpl-b7078a4d4fe54b23-8e3c306d, prefetch_request_id=-1) [3m(storage_manager.py:726:lmcache.v1.distributed.storage_manager)[0m
[32;20m[2026-09-29 17:03:58,688] LMCache INFO:[0m Prefetch request completed (L1+L2): 9/11 retained keys (9 L1, 0 L2) in 382.6 ms (external_request_id=chatcmpl-878f4f3c7813c795-945e5893, prefetch_request_id=-1) [3m(storage_manager.py:726:lmcache.v1.distributed.storage_manager)[0m
[32;20m[2026-09-29 17:03:58,735] LMCache INFO:[0m Stored 512 tokens in 0.002 seconds [3m(lmcache_driven_transfer.py:1276:lmcache.v1.multiprocess.modules.lmcache_driven_transfer)[0m
[32;20m[2026-09-29 17:03:58,766] LMCache INFO:[0m Stored 512 tokens in 0.001 seconds [3m(lmcache_driven_transfer.py:1276:lmcache.v1.multiprocess.modules.lmcache_driven_transfer)[0m
[32;20m[2026-09-29 17:03:58,857] LMCache INFO:[0m Stored 512 tokens in 0.001 seconds [3m(lmcache_driven_transfer.py:1276:lmcache.v1.multiprocess.modules.lmcache_driven_transfer)[0m
[32;20m[2026-09-29 17:03:59,087] LMCache INFO:[0m Stored 512 tokens in 0.001 seconds [3m(lmcache_driven_transfer.py:1276:lmcache.v1.multiprocess.modules.lmcache_driven_transfer)[0m
[32;20m[2026-09-29 17:03:59,155] LMCache INFO:[0m Stored 512 tokens in 0.001 seconds [3m(lmcache_driven_transfer.py:1276:lmcache.v1.multiprocess.modules.lmcache_driven_transfer)[0m
[32;20m[2026-09-29 17:03:59,301] LMCache INFO:[0m Stored 768 tokens in 0.001 seconds [3m(lmcache_driven_transfer.py:1276:lmcache.v1.multiprocess.modules.lmcache_driven_transfer)[0m
[32;20m[2026-09-29 17:03:59,471] LMCache INFO:[0m Stored 512 tokens in 0.001 seconds [3m(lmcache_driven_transfer.py:1276:lmcache.v1.multiprocess.modules.lmcache_driven_transfer)[0m
[32;20m[2026-09-29 17:03:59,472] LMCache INFO:[0m Stored 256 tokens in 0.001 seconds [3m(lmcache_driven_transfer.py:1276:lmcache.v1.multiprocess.modules.lmcache_driven_transfer)[0m
[32;20m[2026-09-29 17:03:59,591] LMCache INFO:[0m Stored 256 tokens in 0.001 seconds [3m(lmcache_driven_transfer.py:1276:lmcache.v1.multiprocess.modules.lmcache_driven_transfer)[0m
[32;20m[2026-09-29 17:03:59,854] LMCache INFO:[0m Stored 256 tokens in 0.002 seconds [3m(lmcache_driven_transfer.py:1276:lmcache.v1.multiprocess.modules.lmcache_driven_transfer)[0m
[32;20m[2026-09-29 17:04:00,016] LMCache INFO:[0m Stored 256 tokens in 0.002 seconds [3m(lmcache_driven_transfer.py:1276:lmcache.v1.multiprocess.modules.lmcache_driven_transfer)[0m
[32;20m[2026-09-29 17:04:00,262] LMCache INFO:[0m Stored 512 tokens in 0.001 seconds [3m(lmcache_driven_transfer.py:1276:lmcache.v1.multiprocess.modules.lmcache_driven_transfer)[0m
[32;20m[2026-09-29 17:04:00,348] LMCache INFO:[0m Stored 256 tokens in 0.001 seconds [3m(lmcache_driven_transfer.py:1276:lmcache.v1.multiprocess.modules.lmcache_driven_transfer)[0m
[32;20m[2026-09-29 17:04:00,520] LMCache INFO:[0m Stored 512 tokens in 0.002 seconds [3m(lmcache_driven_transfer.py:1276:lmcache.v1.multiprocess.modules.lmcache_driven_transfer)[0m
[32;20m[2026-09-29 17:04:00,648] LMCache INFO:[0m Stored 512 tokens in 0.001 seconds [3m(lmcache_driven_transfer.py:1276:lmcache.v1.multiprocess.modules.lmcache_driven_transfer)[0m
[32;20m[2026-09-29 17:04:00,744] LMCache INFO:[0m Stored 256 tokens in 0.001 seconds [3m(lmcache_driven_transfer.py:1276:lmcache.v1.multiprocess.modules.lmcache_driven_transfer)[0m
[32;20m[2026-09-29 17:04:00,764] LMCache INFO:[0m Stored 256 tokens in 0.001 seconds [3m(lmcache_driven_transfer.py:1276:lmcache.v1.multiprocess.modules.lmcache_driven_transfer)[0m
[32;20m[2026-09-29 17:04:00,896] LMCache INFO:[0m Stored 512 tokens in 0.001 seconds [3m(lmcache_driven_transfer.py:1276:lmcache.v1.multiprocess.modules.lmcache_driven_transfer)[0m
[32;20m[2026-09-29 17:04:01,067] LMCache INFO:[0m Stored 256 tokens in 0.001 seconds [3m(lmcache_driven_transfer.py:1276:lmcache.v1.multiprocess.modules.lmcache_driven_transfer)[0m
[32;20m[2026-09-29 17:04:01,153] LMCache INFO:[0m Stored 512 tokens in 0.001 seconds [3m(lmcache_driven_transfer.py:1276:lmcache.v1.multiprocess.modules.lmcache_driven_transfer)[0m
[32;20m[2026-09-29 17:04:01,218] LMCache INFO:[0m Prefetch request completed (L1+L2): 9/10 retained keys (9 L1, 0 L2) in 2528.6 ms (external_request_id=chatcmpl-a4c01b45b6a1d63c-9fb6b8e5, prefetch_request_id=-1) [3m(storage_manager.py:726:lmcache.v1.distributed.storage_manager)[0m
[32;20m[2026-09-29 17:04:01,218] LMCache INFO:[0m Prefetch request completed (L1+L2): 9/10 retained keys (9 L1, 0 L2) in 2528.3 ms (external_request_id=chatcmpl-bef64af9a999bed9-8c660d13, prefetch_request_id=-1) [3m(storage_manager.py:726:lmcache.v1.distributed.storage_manager)[0m
[32;20m[2026-09-29 17:04:01,239] LMCache INFO:[0m Prefetch request completed (L1+L2): 10/11 retained keys (10 L1, 0 L2) in 20.4 ms (external_request_id=chatcmpl-8dda17bd9cc92bc1-804ab3b8, prefetch_request_id=-1) [3m(storage_manager.py:726:lmcache.v1.distributed.storage_manager)[0m
[32;20m[2026-09-29 17:04:01,239] LMCache INFO:[0m Prefetch request completed (L1+L2): 9/11 retained keys (9 L1, 0 L2) in 20.3 ms (external_request_id=chatcmpl-88dc3f369a003ae2-88657f87, prefetch_request_id=-1) [3m(storage_manager.py:726:lmcache.v1.distributed.storage_manager)[0m
[32;20m[2026-09-29 17:04:01,239] LMCache INFO:[0m Prefetch request completed (L1+L2): 9/9 retained keys (9 L1, 0 L2) in 19.9 ms (external_request_id=chatcmpl-85dc37fc77ee41f3-9e496d35, prefetch_request_id=-1) [3m(storage_manager.py:726:lmcache.v1.distributed.storage_manager)[0m
[32;20m[2026-09-29 17:04:01,240] LMCache INFO:[0m Prefetch request completed (L1+L2): 9/12 retained keys (9 L1, 0 L2) in 19.5 ms (external_request_id=chatcmpl-a594cfaa3d6080b1-a10d3923, prefetch_request_id=-1) [3m(storage_manager.py:726:lmcache.v1.distributed.storage_manager)[0m
[32;20m[2026-09-29 17:04:01,240] LMCache INFO:[0m Prefetch request completed (L1+L2): 9/11 retained keys (9 L1, 0 L2) in 19.3 ms (external_request_id=chatcmpl-8370b46110820f7a-a29f0e9c, prefetch_request_id=-1) [3m(storage_manager.py:726:lmcache.v1.distributed.storage_manager)[0m
[32;20m[2026-09-29 17:04:01,240] LMCache INFO:[0m Prefetch request completed (L1+L2): 9/12 retained keys (9 L1, 0 L2) in 19.0 ms (external_request_id=chatcmpl-9719211185820d2b-b92905ae, prefetch_request_id=-1) [3m(storage_manager.py:726:lmcache.v1.distributed.storage_manager)[0m
[32;20m[2026-09-29 17:04:01,240] LMCache INFO:[0m Prefetch request completed (L1+L2): 10/11 retained keys (10 L1, 0 L2) in 18.9 ms (external_request_id=chatcmpl-adaf3f4d027565d2-9daf7c4f, prefetch_request_id=-1) [3m(storage_manager.py:726:lmcache.v1.distributed.storage_manager)[0m
[32;20m[2026-09-29 17:04:01,241] LMCache INFO:[0m Prefetch request completed (L1+L2): 9/9 retained keys (9 L1, 0 L2) in 18.7 ms (external_request_id=chatcmpl-b804c5b781bd4673-be9b715c, prefetch_request_id=-1) [3m(storage_manager.py:726:lmcache.v1.distributed.storage_manager)[0m
[32;20m[2026-09-29 17:04:01,241] LMCache INFO:[0m Prefetch request completed (L1+L2): 12/13 retained keys (12 L1, 0 L2) in 18.2 ms (external_request_id=chatcmpl-a8beef38f4965241-ad77a73c, prefetch_request_id=-1) [3m(storage_manager.py:726:lmcache.v1.distributed.storage_manager)[0m
[32;20m[2026-09-29 17:04:01,241] LMCache INFO:[0m Prefetch request completed (L1+L2): 9/10 retained keys (9 L1, 0 L2) in 18.6 ms (external_request_id=chatcmpl-b96216c973c193df-be6d1013, prefetch_request_id=-1) [3m(storage_manager.py:726:lmcache.v1.distributed.storage_manager)[0m
[32;20m[2026-09-29 17:04:01,241] LMCache INFO:[0m Prefetch request completed (L1+L2): 10/11 retained keys (10 L1, 0 L2) in 17.9 ms (external_request_id=chatcmpl-92bd57d406abe576-8fdbc00e, prefetch_request_id=-1) [3m(storage_manager.py:726:lmcache.v1.distributed.storage_manager)[0m
[32;20m[2026-09-29 17:04:01,242] LMCache INFO:[0m Prefetch request completed (L1+L2): 12/13 retained keys (12 L1, 0 L2) in 17.8 ms (external_request_id=chatcmpl-b81ef36d0c322f49-8dac8445, prefetch_request_id=-1) [3m(storage_manager.py:726:lmcache.v1.distributed.storage_manager)[0m
[32;20m[2026-09-29 17:04:01,242] LMCache INFO:[0m Prefetch request completed (L1+L2): 10/10 retained keys (10 L1, 0 L2) in 17.4 ms (external_request_id=chatcmpl-a8efef68805defbf-82ae3d11, prefetch_request_id=-1) [3m(storage_manager.py:726:lmcache.v1.distributed.storage_manager)[0m
[32;20m[2026-09-29 17:04:01,242] LMCache INFO:[0m Prefetch request completed (L1+L2): 11/11 retained keys (11 L1, 0 L2) in 17.1 ms (external_request_id=chatcmpl-85cb9672da5dd12b-916b7781, prefetch_request_id=-1) [3m(storage_manager.py:726:lmcache.v1.distributed.storage_manager)[0m
[32;20m[2026-09-29 17:04:01,242] LMCache INFO:[0m Prefetch request completed (L1+L2): 10/11 retained keys (10 L1, 0 L2) in 16.8 ms (external_request_id=chatcmpl-b3e28cb24fef21e3-a1048735, prefetch_request_id=-1) [3m(storage_manager.py:726:lmcache.v1.distributed.storage_manager)[0m
[32;20m[2026-09-29 17:04:01,242] LMCache INFO:[0m Prefetch request completed (L1+L2): 10/12 retained keys (10 L1, 0 L2) in 16.4 ms (external_request_id=chatcmpl-9c31cf1dc14de815-a1ec9881, prefetch_request_id=-1) [3m(storage_manager.py:726:lmcache.v1.distributed.storage_manager)[0m
[32;20m[2026-09-29 17:04:01,243] LMCache INFO:[0m Prefetch request completed (L1+L2): 10/12 retained keys (10 L1, 0 L2) in 16.6 ms (external_request_id=chatcmpl-aee3d32bcd58a903-aced7658, prefetch_request_id=-1) [3m(storage_manager.py:726:lmcache.v1.distributed.storage_manager)[0m
[32;20m[2026-09-29 17:04:01,243] LMCache INFO:[0m Prefetch request completed (L1+L2): 9/10 retained keys (9 L1, 0 L2) in 16.3 ms (external_request_id=chatcmpl-99994692470f0082-9ed50c4b, prefetch_request_id=-1) [3m(storage_manager.py:726:lmcache.v1.distributed.storage_manager)[0m
[32;20m[2026-09-29 17:04:01,243] LMCache INFO:[0m Prefetch request completed (L1+L2): 9/11 retained keys (9 L1, 0 L2) in 16.2 ms (external_request_id=chatcmpl-94959b2e660d6e2e-af117e56, prefetch_request_id=-1) [3m(storage_manager.py:726:lmcache.v1.distributed.storage_manager)[0m
[32;20m[2026-09-29 17:04:01,243] LMCache INFO:[0m Prefetch request completed (L1+L2): 9/11 retained keys (9 L1, 0 L2) in 15.8 ms (external_request_id=chatcmpl-9f9c7015e0d0afdc-8b47f23b, prefetch_request_id=-1) [3m(storage_manager.py:726:lmcache.v1.distributed.storage_manager)[0m
[32;20m[2026-09-29 17:04:01,243] LMCache INFO:[0m Prefetch request completed (L1+L2): 10/12 retained keys (10 L1, 0 L2) in 15.3 ms (external_request_id=chatcmpl-90e13fad96ee1388-8ff536db, prefetch_request_id=-1) [3m(storage_manager.py:726:lmcache.v1.distributed.storage_manager)[0m
[32;20m[2026-09-29 17:04:01,243] LMCache INFO:[0m Prefetch request completed (L1+L2): 9/9 retained keys (9 L1, 0 L2) in 14.8 ms (external_request_id=chatcmpl-9bb224f675134deb-886041c0, prefetch_request_id=-1) [3m(storage_manager.py:726:lmcache.v1.distributed.storage_manager)[0m
[32;20m[2026-09-29 17:04:01,275] LMCache INFO:[0m Stored 256 tokens in 0.002 seconds [3m(lmcache_driven_transfer.py:1276:lmcache.v1.multiprocess.modules.lmcache_driven_transfer)[0m
[32;20m[2026-09-29 17:04:01,277] LMCache INFO:[0m Stored 256 tokens in 0.001 seconds [3m(lmcache_driven_transfer.py:1276:lmcache.v1.multiprocess.modules.lmcache_driven_transfer)[0m
[32;20m[2026-09-29 17:04:01,315] LMCache INFO:[0m Stored 256 tokens in 0.001 seconds [3m(lmcache_driven_transfer.py:1276:lmcache.v1.multiprocess.modules.lmcache_driven_transfer)[0m
[32;20m[2026-09-29 17:04:01,373] LMCache INFO:[0m Stored 512 tokens in 0.001 seconds [3m(lmcache_driven_transfer.py:1276:lmcache.v1.multiprocess.modules.lmcache_driven_transfer)[0m
[32;20m[2026-09-29 17:04:01,505] LMCache INFO:[0m Stored 256 tokens in 0.001 seconds [3m(lmcache_driven_transfer.py:1276:lmcache.v1.multiprocess.modules.lmcache_driven_transfer)[0m
[32;20m[2026-09-29 17:04:01,636] LMCache INFO:[0m Stored 256 tokens in 0.001 seconds [3m(lmcache_driven_transfer.py:1276:lmcache.v1.multiprocess.modules.lmcache_driven_transfer)[0m
[32;20m[2026-09-29 17:04:01,726] LMCache INFO:[0m Stored 768 tokens in 0.001 seconds [3m(lmcache_driven_transfer.py:1276:lmcache.v1.multiprocess.modules.lmcache_driven_transfer)[0m
[32;20m[2026-09-29 17:04:01,956] LMCache INFO:[0m Stored 512 tokens in 0.001 seconds [3m(lmcache_driven_transfer.py:1276:lmcache.v1.multiprocess.modules.lmcache_driven_transfer)[0m
[32;20m[2026-09-29 17:04:01,959] LMCache INFO:[0m Stored 768 tokens in 0.002 seconds [3m(lmcache_driven_transfer.py:1276:lmcache.v1.multiprocess.modules.lmcache_driven_transfer)[0m
[32;20m[2026-09-29 17:04:02,028] LMCache INFO:[0m Stored 256 tokens in 0.001 seconds [3m(lmcache_driven_transfer.py:1276:lmcache.v1.multiprocess.modules.lmcache_driven_transfer)[0m
[32;20m[2026-09-29 17:04:02,241] LMCache INFO:[0m Stored 256 tokens in 0.001 seconds [3m(lmcache_driven_transfer.py:1276:lmcache.v1.multiprocess.modules.lmcache_driven_transfer)[0m
[32;20m[2026-09-29 17:04:02,493] LMCache INFO:[0m Stored 256 tokens in 0.002 seconds [3m(lmcache_driven_transfer.py:1276:lmcache.v1.multiprocess.modules.lmcache_driven_transfer)[0m
[32;20m[2026-09-29 17:04:02,525] LMCache INFO:[0m Stored 256 tokens in 0.001 seconds [3m(lmcache_driven_transfer.py:1276:lmcache.v1.multiprocess.modules.lmcache_driven_transfer)[0m
[32;20m[2026-09-29 17:04:02,611] LMCache INFO:[0m Stored 256 tokens in 0.001 seconds [3m(lmcache_driven_transfer.py:1276:lmcache.v1.multiprocess.modules.lmcache_driven_transfer)[0m
INFO:     172.26.132.42:62938 - "GET /metrics HTTP/1.1" 200 OK
[32;20m[2026-09-29 17:04:02,987] LMCache INFO:[0m Stored 256 tokens in 0.001 seconds [3m(lmcache_driven_transfer.py:1276:lmcache.v1.multiprocess.modules.lmcache_driven_transfer)[0m
[32;20m[2026-09-29 17:04:03,072] LMCache INFO:[0m Stored 512 tokens in 0.001 seconds [3m(lmcache_driven_transfer.py:1276:lmcache.v1.multiprocess.modules.lmcache_driven_transfer)[0m
[32;20m[2026-09-29 17:04:03,145] LMCache INFO:[0m Stored 256 tokens in 0.001 seconds [3m(lmcache_driven_transfer.py:1276:lmcache.v1.multiprocess.modules.lmcache_driven_transfer)[0m
[32;20m[2026-09-29 17:04:03,166] LMCache INFO:[0m Stored 256 tokens in 0.001 seconds [3m(lmcache_driven_transfer.py:1276:lmcache.v1.multiprocess.modules.lmcache_driven_transfer)[0m
[32;20m[2026-09-29 17:04:03,300] LMCache INFO:[0m Stored 512 tokens in 0.001 seconds [3m(lmcache_driven_transfer.py:1276:lmcache.v1.multiprocess.modules.lmcache_driven_transfer)[0m
[32;20m[2026-09-29 17:04:03,389] LMCache INFO:[0m Stored 256 tokens in 0.001 seconds [3m(lmcache_driven_transfer.py:1276:lmcache.v1.multiprocess.modules.lmcache_driven_transfer)[0m
[32;20m[2026-09-29 17:04:03,557] LMCache INFO:[0m Stored 512 tokens in 0.001 seconds [3m(lmcache_driven_transfer.py:1276:lmcache.v1.multiprocess.modules.lmcache_driven_transfer)[0m
[32;20m[2026-09-29 17:04:03,641] LMCache INFO:[0m Stored 512 tokens in 0.001 seconds [3m(lmcache_driven_transfer.py:1276:lmcache.v1.multiprocess.modules.lmcache_driven_transfer)[0m
[32;20m[2026-09-29 17:04:03,887] LMCache INFO:[0m Stored 512 tokens in 0.002 seconds [3m(lmcache_driven_transfer.py:1276:lmcache.v1.multiprocess.modules.lmcache_driven_transfer)[0m
[32;20m[2026-09-29 17:04:04,012] LMCache INFO:[0m Prefetch request completed (L1+L2): 9/10 retained keys (9 L1, 0 L2) in 2767.8 ms (external_request_id=chatcmpl-930238b14021149c-ad4ae1c4, prefetch_request_id=-1) [3m(storage_manager.py:726:lmcache.v1.distributed.storage_manager)[0m
[32;20m[2026-09-29 17:04:04,031] LMCache INFO:[0m Prefetch request completed (L1+L2): 9/9 retained keys (9 L1, 0 L2) in 18.3 ms (external_request_id=chatcmpl-9ac668e73cf66f1b-9eab4f92, prefetch_request_id=-1) [3m(storage_manager.py:726:lmcache.v1.distributed.storage_manager)[0m
[32;20m[2026-09-29 17:04:04,031] LMCache INFO:[0m Prefetch request completed (L1+L2): 9/10 retained keys (9 L1, 0 L2) in 18.1 ms (external_request_id=chatcmpl-ad817bb9dfc90ed5-9cd7e8e5, prefetch_request_id=-1) [3m(storage_manager.py:726:lmcache.v1.distributed.storage_manager)[0m
[32;20m[2026-09-29 17:04:04,031] LMCache INFO:[0m Prefetch request completed (L1+L2): 9/10 retained keys (9 L1, 0 L2) in 17.7 ms (external_request_id=chatcmpl-ad21f0f839078fb1-b447f770, prefetch_request_id=-1) [3m(storage_manager.py:726:lmcache.v1.distributed.storage_manager)[0m
[32;20m[2026-09-29 17:04:04,032] LMCache INFO:[0m Prefetch request completed (L1+L2): 10/12 retained keys (10 L1, 0 L2) in 17.6 ms (external_request_id=chatcmpl-9fc9f754e495d6fe-ad087628, prefetch_request_id=-1) [3m(storage_manager.py:726:lmcache.v1.distributed.storage_manager)[0m
[32;20m[2026-09-29 17:04:04,032] LMCache INFO:[0m Prefetch request completed (L1+L2): 9/9 retained keys (9 L1, 0 L2) in 17.3 ms (external_request_id=chatcmpl-88ec360a253f6851-998094ad, prefetch_request_id=-1) [3m(storage_manager.py:726:lmcache.v1.distributed.storage_manager)[0m
[32;20m[2026-09-29 17:04:04,032] LMCache INFO:[0m Prefetch request completed (L1+L2): 12/12 retained keys (12 L1, 0 L2) in 17.1 ms (external_request_id=chatcmpl-9a6313b495c7e26b-93fd515f, prefetch_request_id=-1) [3m(storage_manager.py:726:lmcache.v1.distributed.storage_manager)[0m
[32;20m[2026-09-29 17:04:04,032] LMCache INFO:[0m Prefetch request completed (L1+L2): 9/11 retained keys (9 L1, 0 L2) in 16.2 ms (external_request_id=chatcmpl-affaa7639a5b2427-acb82f32, prefetch_request_id=-1) [3m(storage_manager.py:726:lmcache.v1.distributed.storage_manager)[0m
[32;20m[2026-09-29 17:04:04,032] LMCache INFO:[0m Prefetch request completed (L1+L2): 10/10 retained keys (10 L1, 0 L2) in 16.2 ms (external_request_id=chatcmpl-92b82271e65cdd4f-afb01702, prefetch_request_id=-1) [3m(storage_manager.py:726:lmcache.v1.distributed.storage_manager)[0m
[32;20m[2026-09-29 17:04:04,032] LMCache INFO:[0m Prefetch request completed (L1+L2): 12/13 retained keys (12 L1, 0 L2) in 16.1 ms (external_request_id=chatcmpl-bfaafc2ac0a28b19-92752af8, prefetch_request_id=-1) [3m(storage_manager.py:726:lmcache.v1.distributed.storage_manager)[0m
[32;20m[2026-09-29 17:04:04,032] LMCache INFO:[0m Prefetch request completed (L1+L2): 10/12 retained keys (10 L1, 0 L2) in 15.8 ms (external_request_id=chatcmpl-81fd027ba1d13a45-be553ae7, prefetch_request_id=-1) [3m(storage_manager.py:726:lmcache.v1.distributed.storage_manager)[0m
[32;20m[2026-09-29 17:04:04,033] LMCache INFO:[0m Prefetch request completed (L1+L2): 11/13 retained keys (11 L1, 0 L2) in 15.4 ms (external_request_id=chatcmpl-b07b0b62adcb3c51-a634f7b8, prefetch_request_id=-1) [3m(storage_manager.py:726:lmcache.v1.distributed.storage_manager)[0m
[32;20m[2026-09-29 17:04:04,033] LMCache INFO:[0m Prefetch request completed (L1+L2): 10/10 retained keys (10 L1, 0 L2) in 15.1 ms (external_request_id=chatcmpl-bd73c0587be2a4e6-a85317f9, prefetch_request_id=-1) [3m(storage_manager.py:726:lmcache.v1.distributed.storage_manager)[0m
[32;20m[2026-09-29 17:04:04,033] LMCache INFO:[0m Prefetch request completed (L1+L2): 10/13 retained keys (10 L1, 0 L2) in 14.8 ms (external_request_id=chatcmpl-9ad46f305b7a228d-852e6e52, prefetch_request_id=-1) [3m(storage_manager.py:726:lmcache.v1.distributed.storage_manager)[0m
[32;20m[2026-09-29 17:04:04,033] LMCache INFO:[0m Prefetch request completed (L1+L2): 10/12 retained keys (10 L1, 0 L2) in 14.6 ms (external_request_id=chatcmpl-99d000fea2519977-89a35d78, prefetch_request_id=-1) [3m(storage_manager.py:726:lmcache.v1.distributed.storage_manager)[0m
[32;20m[2026-09-29 17:04:04,033] LMCache INFO:[0m Prefetch request completed (L1+L2): 9/11 retained keys (9 L1, 0 L2) in 14.1 ms (external_request_id=chatcmpl-abbd509788d9120b-898237b3, prefetch_request_id=-1) [3m(storage_manager.py:726:lmcache.v1.distributed.storage_manager)[0m
[32;20m[2026-09-29 17:04:04,033] LMCache INFO:[0m Prefetch request completed (L1+L2): 9/10 retained keys (9 L1, 0 L2) in 14.1 ms (external_request_id=chatcmpl-9d7e20954086e5d4-a6f7673e, prefetch_request_id=-1) [3m(storage_manager.py:726:lmcache.v1.distributed.storage_manager)[0m
[32;20m[2026-09-29 17:04:04,034] LMCache INFO:[0m Prefetch request completed (L1+L2): 9/10 retained keys (9 L1, 0 L2) in 13.8 ms (external_request_id=chatcmpl-80f34367819f319b-b737d39d, prefetch_request_id=-1) [3m(storage_manager.py:726:lmcache.v1.distributed.storage_manager)[0m
[32;20m[2026-09-29 17:04:04,034] LMCache INFO:[0m Prefetch request completed (L1+L2): 10/11 retained keys (10 L1, 0 L2) in 13.6 ms (external_request_id=chatcmpl-9aa017953844d897-8fb01bd7, prefetch_request_id=-1) [3m(storage_manager.py:726:lmcache.v1.distributed.storage_manager)[0m
[32;20m[2026-09-29 17:04:04,034] LMCache INFO:[0m Prefetch request completed (L1+L2): 9/9 retained keys (9 L1, 0 L2) in 13.3 ms (external_request_id=chatcmpl-9f39ec3b835af213-9ad28100, prefetch_request_id=-1) [3m(storage_manager.py:726:lmcache.v1.distributed.storage_manager)[0m
[32;20m[2026-09-29 17:04:04,034] LMCache INFO:[0m Prefetch request completed (L1+L2): 9/10 retained keys (9 L1, 0 L2) in 12.8 ms (external_request_id=chatcmpl-b58f4e94716593a4-9c9e68c1, prefetch_request_id=-1) [3m(storage_manager.py:726:lmcache.v1.distributed.storage_manager)[0m
[32;20m[2026-09-29 17:04:04,034] LMCache INFO:[0m Prefetch request completed (L1+L2): 9/11 retained keys (9 L1, 0 L2) in 12.9 ms (external_request_id=chatcmpl-849dc7ec9f4062fe-b82ff516, prefetch_request_id=-1) [3m(storage_manager.py:726:lmcache.v1.distributed.storage_manager)[0m
[32;20m[2026-09-29 17:04:04,035] LMCache INFO:[0m Prefetch request completed (L1+L2): 9/11 retained keys (9 L1, 0 L2) in 12.8 ms (external_request_id=chatcmpl-a5058b12388ca6be-8092cb10, prefetch_request_id=-1) [3m(storage_manager.py:726:lmcache.v1.distributed.storage_manager)[0m
[32;20m[2026-09-29 17:04:04,035] LMCache INFO:[0m Prefetch request completed (L1+L2): 9/11 retained keys (9 L1, 0 L2) in 12.4 ms (external_request_id=chatcmpl-8b705be91ac91fe9-980f3266, prefetch_request_id=-1) [3m(storage_manager.py:726:lmcache.v1.distributed.storage_manager)[0m
[32;20m[2026-09-29 17:04:04,065] LMCache INFO:[0m Stored 256 tokens in 0.002 seconds [3m(lmcache_driven_transfer.py:1276:lmcache.v1.multiprocess.modules.lmcache_driven_transfer)[0m
[32;20m[2026-09-29 17:04:04,162] LMCache INFO:[0m Stored 256 tokens in 0.001 seconds [3m(lmcache_driven_transfer.py:1276:lmcache.v1.multiprocess.modules.lmcache_driven_transfer)[0m
[32;20m[2026-09-29 17:04:04,165] LMCache INFO:[0m Stored 256 tokens in 0.001 seconds [3m(lmcache_driven_transfer.py:1276:lmcache.v1.multiprocess.modules.lmcache_driven_transfer)[0m
[32;20m[2026-09-29 17:04:04,312] LMCache INFO:[0m Stored 256 tokens in 0.001 seconds [3m(lmcache_driven_transfer.py:1276:lmcache.v1.multiprocess.modules.lmcache_driven_transfer)[0m
[32;20m[2026-09-29 17:04:04,461] LMCache INFO:[0m Stored 512 tokens in 0.001 seconds [3m(lmcache_driven_transfer.py:1276:lmcache.v1.multiprocess.modules.lmcache_driven_transfer)[0m
[32;20m[2026-09-29 17:04:04,872] LMCache INFO:[0m Stored 512 tokens in 0.002 seconds [3m(lmcache_driven_transfer.py:1276:lmcache.v1.multiprocess.modules.lmcache_driven_transfer)[0m
[32;20m[2026-09-29 17:04:04,976] LMCache INFO:[0m Stored 256 tokens in 0.001 seconds [3m(lmcache_driven_transfer.py:1276:lmcache.v1.multiprocess.modules.lmcache_driven_transfer)[0m
[32;20m[2026-09-29 17:04:05,101] LMCache INFO:[0m Stored 512 tokens in 0.001 seconds [3m(lmcache_driven_transfer.py:1276:lmcache.v1.multiprocess.modules.lmcache_driven_transfer)[0m
[32;20m[2026-09-29 17:04:05,207] LMCache INFO:[0m Stored 512 tokens in 0.002 seconds [3m(lmcache_driven_transfer.py:1276:lmcache.v1.multiprocess.modules.lmcache_driven_transfer)[0m
[32;20m[2026-09-29 17:04:05,411] LMCache INFO:[0m Stored 768 tokens in 0.002 seconds [3m(lmcache_driven_transfer.py:1276:lmcache.v1.multiprocess.modules.lmcache_driven_transfer)[0m
[32;20m[2026-09-29 17:04:05,701] LMCache INFO:[0m Stored 512 tokens in 0.001 seconds [3m(lmcache_driven_transfer.py:1276:lmcache.v1.multiprocess.modules.lmcache_driven_transfer)[0m
[32;20m[2026-09-29 17:04:05,794] LMCache INFO:[0m Stored 512 tokens in 0.001 seconds [3m(lmcache_driven_transfer.py:1276:lmcache.v1.multiprocess.modules.lmcache_driven_transfer)[0m
[32;20m[2026-09-29 17:04:05,903] LMCache INFO:[0m Stored 256 tokens in 0.001 seconds [3m(lmcache_driven_transfer.py:1276:lmcache.v1.multiprocess.modules.lmcache_driven_transfer)[0m
[32;20m[2026-09-29 17:04:05,955] LMCache INFO:[0m Stored 256 tokens in 0.001 seconds [3m(lmcache_driven_transfer.py:1276:lmcache.v1.multiprocess.modules.lmcache_driven_transfer)[0m
[32;20m[2026-09-29 17:04:05,998] LMCache INFO:[0m L1 memory usage 0.81 above watermark 0.80; triggering eviction. [3m(eviction_controller.py:179:lmcache.v1.distributed.storage_controllers.eviction_controller)[0m
[32;20m[2026-09-29 17:04:06,161] LMCache INFO:[0m Stored 256 tokens in 0.001 seconds [3m(lmcache_driven_transfer.py:1276:lmcache.v1.multiprocess.modules.lmcache_driven_transfer)[0m
[32;20m[2026-09-29 17:04:06,311] LMCache INFO:[0m Stored 256 tokens in 0.001 seconds [3m(lmcache_driven_transfer.py:1276:lmcache.v1.multiprocess.modules.lmcache_driven_transfer)[0m
[32;20m[2026-09-29 17:04:06,422] LMCache INFO:[0m Stored 512 tokens in 0.001 seconds [3m(lmcache_driven_transfer.py:1276:lmcache.v1.multiprocess.modules.lmcache_driven_transfer)[0m
[32;20m[2026-09-29 17:04:06,685] LMCache INFO:[0m Stored 512 tokens in 0.002 seconds [3m(lmcache_driven_transfer.py:1276:lmcache.v1.multiprocess.modules.lmcache_driven_transfer)[0m
[32;20m[2026-09-29 17:04:06,692] LMCache INFO:[0m Prefetch request completed (L1+L2): 10/11 retained keys (10 L1, 0 L2) in 2657.2 ms (external_request_id=chatcmpl-b70fb8c0568ff558-994720d0, prefetch_request_id=-1) [3m(storage_manager.py:726:lmcache.v1.distributed.storage_manager)[0m
[32;20m[2026-09-29 17:04:06,727] LMCache INFO:[0m Stored 512 tokens in 0.001 seconds [3m(lmcache_driven_transfer.py:1276:lmcache.v1.multiprocess.modules.lmcache_driven_transfer)[0m
[32;20m[2026-09-29 17:04:06,783] LMCache INFO:[0m Stored 256 tokens in 0.001 seconds [3m(lmcache_driven_transfer.py:1276:lmcache.v1.multiprocess.modules.lmcache_driven_transfer)[0m
[32;20m[2026-09-29 17:04:06,918] LMCache INFO:[0m Prefetch request completed (L1+L2): 9/11 retained keys (9 L1, 0 L2) in 225.7 ms (external_request_id=chatcmpl-b2b66915bf1be3fb-aa7ecf16, prefetch_request_id=-1) [3m(storage_manager.py:726:lmcache.v1.distributed.storage_manager)[0m
[32;20m[2026-09-29 17:04:06,918] LMCache INFO:[0m Prefetch request completed (L1+L2): 12/13 retained keys (12 L1, 0 L2) in 225.0 ms (external_request_id=chatcmpl-b51fb0e31e90ad7e-b8f48d11, prefetch_request_id=-1) [3m(storage_manager.py:726:lmcache.v1.distributed.storage_manager)[0m
[32;20m[2026-09-29 17:04:06,918] LMCache INFO:[0m Prefetch request completed (L1+L2): 9/10 retained keys (9 L1, 0 L2) in 224.9 ms (external_request_id=chatcmpl-a5fac7a67f757519-a0fc2eb4, prefetch_request_id=-1) [3m(storage_manager.py:726:lmcache.v1.distributed.storage_manager)[0m
[32;20m[2026-09-29 17:04:06,919] LMCache INFO:[0m Prefetch request completed (L1+L2): 10/10 retained keys (10 L1, 0 L2) in 224.3 ms (external_request_id=chatcmpl-b3299a980a032f4d-ae0cd770, prefetch_request_id=-1) [3m(storage_manager.py:726:lmcache.v1.distributed.storage_manager)[0m
[32;20m[2026-09-29 17:04:06,919] LMCache INFO:[0m Prefetch request completed (L1+L2): 12/13 retained keys (12 L1, 0 L2) in 224.2 ms (external_request_id=chatcmpl-9b75a740b259d425-8aae5b9d, prefetch_request_id=-1) [3m(storage_manager.py:726:lmcache.v1.distributed.storage_manager)[0m
[32;20m[2026-09-29 17:04:06,919] LMCache INFO:[0m Prefetch request completed (L1+L2): 10/12 retained keys (10 L1, 0 L2) in 224.4 ms (external_request_id=chatcmpl-b6f51498d032eefc-bafa954c, prefetch_request_id=-1) [3m(storage_manager.py:726:lmcache.v1.distributed.storage_manager)[0m
[32;20m[2026-09-29 17:04:06,919] LMCache INFO:[0m Prefetch request completed (L1+L2): 11/12 retained keys (11 L1, 0 L2) in 224.3 ms (external_request_id=chatcmpl-96a3190f3fb39e36-84fad809, prefetch_request_id=-1) [3m(storage_manager.py:726:lmcache.v1.distributed.storage_manager)[0m
[32;20m[2026-09-29 17:04:06,920] LMCache INFO:[0m Prefetch request completed (L1+L2): 10/10 retained keys (10 L1, 0 L2) in 224.0 ms (external_request_id=chatcmpl-9b22751f41d103e8-bb1d7d25, prefetch_request_id=-1) [3m(storage_manager.py:726:lmcache.v1.distributed.storage_manager)[0m
[32;20m[2026-09-29 17:04:06,920] LMCache INFO:[0m Prefetch request completed (L1+L2): 10/12 retained keys (10 L1, 0 L2) in 224.1 ms (external_request_id=chatcmpl-bf86a1b9a2c7457a-a942acf1, prefetch_request_id=-1) [3m(storage_manager.py:726:lmcache.v1.distributed.storage_manager)[0m
[32;20m[2026-09-29 17:04:06,920] LMCache INFO:[0m Prefetch request completed (L1+L2): 10/12 retained keys (10 L1, 0 L2) in 223.1 ms (external_request_id=chatcmpl-a71b2a2fd2898a3a-a02ae41d, prefetch_request_id=-1) [3m(storage_manager.py:726:lmcache.v1.distributed.storage_manager)[0m
[32;20m[2026-09-29 17:04:06,920] LMCache INFO:[0m Prefetch request completed (L1+L2): 9/9 retained keys (9 L1, 0 L2) in 223.1 ms (external_request_id=chatcmpl-9c2902d87e7801e7-bcd00175, prefetch_request_id=-1) [3m(storage_manager.py:726:lmcache.v1.distributed.storage_manager)[0m
[32;20m[2026-09-29 17:04:06,921] LMCache INFO:[0m Prefetch request completed (L1+L2): 9/10 retained keys (9 L1, 0 L2) in 223.2 ms (external_request_id=chatcmpl-a315814d9f69d96b-8040e1ad, prefetch_request_id=-1) [3m(storage_manager.py:726:lmcache.v1.distributed.storage_manager)[0m
[32;20m[2026-09-29 17:04:06,921] LMCache INFO:[0m Prefetch request completed (L1+L2): 9/9 retained keys (9 L1, 0 L2) in 223.3 ms (external_request_id=chatcmpl-af0069b85ade5d7a-bb3e916c, prefetch_request_id=-1) [3m(storage_manager.py:726:lmcache.v1.distributed.storage_manager)[0m
[32;20m[2026-09-29 17:04:06,921] LMCache INFO:[0m Prefetch request completed (L1+L2): 10/12 retained keys (10 L1, 0 L2) in 223.3 ms (external_request_id=chatcmpl-9ccddd117a365499-913b2f31, prefetch_request_id=-1) [3m(storage_manager.py:726:lmcache.v1.distributed.storage_manager)[0m
[32;20m[2026-09-29 17:04:06,921] LMCache INFO:[0m Prefetch request completed (L1+L2): 9/11 retained keys (9 L1, 0 L2) in 223.4 ms (external_request_id=chatcmpl-832568280959aa44-b99fcaa9, prefetch_request_id=-1) [3m(storage_manager.py:726:lmcache.v1.distributed.storage_manager)[0m
[32;20m[2026-09-29 17:04:06,921] LMCache INFO:[0m Prefetch request completed (L1+L2): 9/9 retained keys (9 L1, 0 L2) in 223.3 ms (external_request_id=chatcmpl-9947de12d100cefa-8b69eed1, prefetch_request_id=-1) [3m(storage_manager.py:726:lmcache.v1.distributed.storage_manager)[0m
[32;20m[2026-09-29 17:04:06,922] LMCache INFO:[0m Prefetch request completed (L1+L2): 9/11 retained keys (9 L1, 0 L2) in 223.1 ms (external_request_id=chatcmpl-adb9253e0e8685c5-8897f418, prefetch_request_id=-1) [3m(storage_manager.py:726:lmcache.v1.distributed.storage_manager)[0m
[32;20m[2026-09-29 17:04:06,922] LMCache INFO:[0m Prefetch request completed (L1+L2): 9/10 retained keys (9 L1, 0 L2) in 222.8 ms (external_request_id=chatcmpl-afe115d0a6e5dbe0-89e79685, prefetch_request_id=-1) [3m(storage_manager.py:726:lmcache.v1.distributed.storage_manager)[0m
[32;20m[2026-09-29 17:04:06,922] LMCache INFO:[0m Prefetch request completed (L1+L2): 9/10 retained keys (9 L1, 0 L2) in 222.5 ms (external_request_id=chatcmpl-bbc7b2123938c97d-adee4054, prefetch_request_id=-1) [3m(storage_manager.py:726:lmcache.v1.distributed.storage_manager)[0m
[32;20m[2026-09-29 17:04:06,922] LMCache INFO:[0m Prefetch request completed (L1+L2): 10/11 retained keys (10 L1, 0 L2) in 221.9 ms (external_request_id=chatcmpl-a78ea23557039343-a7767e57, prefetch_request_id=-1) [3m(storage_manager.py:726:lmcache.v1.distributed.storage_manager)[0m
[32;20m[2026-09-29 17:04:06,923] LMCache INFO:[0m Prefetch request completed (L1+L2): 9/9 retained keys (9 L1, 0 L2) in 222.0 ms (external_request_id=chatcmpl-b0236baff72d6700-95e8baad, prefetch_request_id=-1) [3m(storage_manager.py:726:lmcache.v1.distributed.storage_manager)[0m
[32;20m[2026-09-29 17:04:06,923] LMCache INFO:[0m Prefetch request completed (L1+L2): 12/14 retained keys (12 L1, 0 L2) in 222.0 ms (external_request_id=chatcmpl-8ccc9b17a51a273b-9ceac09a, prefetch_request_id=-1) [3m(storage_manager.py:726:lmcache.v1.distributed.storage_manager)[0m
[32;20m[2026-09-29 17:04:06,965] LMCache INFO:[0m Stored 512 tokens in 0.001 seconds [3m(lmcache_driven_transfer.py:1276:lmcache.v1.multiprocess.modules.lmcache_driven_transfer)[0m
[32;20m[2026-09-29 17:04:07,152] LMCache INFO:[0m Stored 256 tokens in 0.001 seconds [3m(lmcache_driven_transfer.py:1276:lmcache.v1.multiprocess.modules.lmcache_driven_transfer)[0m
[32;20m[2026-09-29 17:04:07,278] LMCache INFO:[0m Stored 256 tokens in 0.001 seconds [3m(lmcache_driven_transfer.py:1276:lmcache.v1.multiprocess.modules.lmcache_driven_transfer)[0m
[32;20m[2026-09-29 17:04:07,455] LMCache INFO:[0m Stored 256 tokens in 0.002 seconds [3m(lmcache_driven_transfer.py:1276:lmcache.v1.multiprocess.modules.lmcache_driven_transfer)[0m
[32;20m[2026-09-29 17:04:07,487] LMCache INFO:[0m Stored 512 tokens in 0.001 seconds [3m(lmcache_driven_transfer.py:1276:lmcache.v1.multiprocess.modules.lmcache_driven_transfer)[0m
[32;20m[2026-09-29 17:04:07,631] LMCache INFO:[0m Stored 256 tokens in 0.001 seconds [3m(lmcache_driven_transfer.py:1276:lmcache.v1.multiprocess.modules.lmcache_driven_transfer)[0m
[32;20m[2026-09-29 17:04:07,825] LMCache INFO:[0m Stored 512 tokens in 0.001 seconds [3m(lmcache_driven_transfer.py:1276:lmcache.v1.multiprocess.modules.lmcache_driven_transfer)[0m
[32;20m[2026-09-29 17:04:07,858] LMCache INFO:[0m Stored 512 tokens in 0.001 seconds [3m(lmcache_driven_transfer.py:1276:lmcache.v1.multiprocess.modules.lmcache_driven_transfer)[0m
[32;20m[2026-09-29 17:04:07,966] LMCache INFO:[0m Stored 256 tokens in 0.001 seconds [3m(lmcache_driven_transfer.py:1276:lmcache.v1.multiprocess.modules.lmcache_driven_transfer)[0m
[32;20m[2026-09-29 17:04:08,123] LMCache INFO:[0m Stored 256 tokens in 0.001 seconds [3m(lmcache_driven_transfer.py:1276:lmcache.v1.multiprocess.modules.lmcache_driven_transfer)[0m
[32;20m[2026-09-29 17:04:08,325] LMCache INFO:[0m Stored 512 tokens in 0.001 seconds [3m(lmcache_driven_transfer.py:1276:lmcache.v1.multiprocess.modules.lmcache_driven_transfer)[0m
[32;20m[2026-09-29 17:04:08,370] LMCache INFO:[0m Stored 256 tokens in 0.001 seconds [3m(lmcache_driven_transfer.py:1276:lmcache.v1.multiprocess.modules.lmcache_driven_transfer)[0m
[32;20m[2026-09-29 17:04:08,461] LMCache INFO:[0m Stored 512 tokens in 0.002 seconds [3m(lmcache_driven_transfer.py:1276:lmcache.v1.multiprocess.modules.lmcache_driven_transfer)[0m
[32;20m[2026-09-29 17:04:08,570] LMCache INFO:[0m Stored 512 tokens in 0.002 seconds [3m(lmcache_driven_transfer.py:1276:lmcache.v1.multiprocess.modules.lmcache_driven_transfer)[0m
[32;20m[2026-09-29 17:04:08,659] LMCache INFO:[0m Stored 256 tokens in 0.001 seconds [3m(lmcache_driven_transfer.py:1276:lmcache.v1.multiprocess.modules.lmcache_driven_transfer)[0m
[32;20m[2026-09-29 17:04:08,847] LMCache INFO:[0m Stored 256 tokens in 0.001 seconds [3m(lmcache_driven_transfer.py:1276:lmcache.v1.multiprocess.modules.lmcache_driven_transfer)[0m
[32;20m[2026-09-29 17:04:08,963] LMCache INFO:[0m Stored 256 tokens in 0.002 seconds [3m(lmcache_driven_transfer.py:1276:lmcache.v1.multiprocess.modules.lmcache_driven_transfer)[0m
[32;20m[2026-09-29 17:04:09,176] LMCache INFO:[0m Stored 512 tokens in 0.001 seconds [3m(lmcache_driven_transfer.py:1276:lmcache.v1.multiprocess.modules.lmcache_driven_transfer)[0m
[32;20m[2026-09-29 17:04:09,295] LMCache INFO:[0m Prefetch request completed (L1+L2): 9/11 retained keys (9 L1, 0 L2) in 2371.6 ms (external_request_id=chatcmpl-8ee2ef447e5bbcb8-ac6061a6, prefetch_request_id=-1) [3m(storage_manager.py:726:lmcache.v1.distributed.storage_manager)[0m
[32;20m[2026-09-29 17:04:09,295] LMCache INFO:[0m Prefetch request completed (L1+L2): 10/11 retained keys (10 L1, 0 L2) in 2371.3 ms (external_request_id=chatcmpl-b088950538a04140-9667783f, prefetch_request_id=-1) [3m(storage_manager.py:726:lmcache.v1.distributed.storage_manager)[0m
[32;20m[2026-09-29 17:04:09,342] LMCache INFO:[0m Stored 512 tokens in 0.001 seconds [3m(lmcache_driven_transfer.py:1276:lmcache.v1.multiprocess.modules.lmcache_driven_transfer)[0m
[32;20m[2026-09-29 17:04:09,429] LMCache INFO:[0m Stored 256 tokens in 0.001 seconds [3m(lmcache_driven_transfer.py:1276:lmcache.v1.multiprocess.modules.lmcache_driven_transfer)[0m
[32;20m[2026-09-29 17:04:09,627] LMCache INFO:[0m Prefetch request completed (L1+L2): 12/13 retained keys (12 L1, 0 L2) in 330.8 ms (external_request_id=chatcmpl-8d5b2b730d22df1a-b1e17dab, prefetch_request_id=-1) [3m(storage_manager.py:726:lmcache.v1.distributed.storage_manager)[0m
[32;20m[2026-09-29 17:04:09,627] LMCache INFO:[0m Prefetch request completed (L1+L2): 10/12 retained keys (10 L1, 0 L2) in 330.5 ms (external_request_id=chatcmpl-9615669076003083-9f6c5ca6, prefetch_request_id=-1) [3m(storage_manager.py:726:lmcache.v1.distributed.storage_manager)[0m
[32;20m[2026-09-29 17:04:09,627] LMCache INFO:[0m Prefetch request completed (L1+L2): 11/11 retained keys (11 L1, 0 L2) in 330.6 ms (external_request_id=chatcmpl-b001caf601eb2c9b-8a05fad2, prefetch_request_id=-1) [3m(storage_manager.py:726:lmcache.v1.distributed.storage_manager)[0m
[32;20m[2026-09-29 17:04:09,628] LMCache INFO:[0m Prefetch request completed (L1+L2): 10/11 retained keys (10 L1, 0 L2) in 330.4 ms (external_request_id=chatcmpl-b055a35f226868de-98cff2d6, prefetch_request_id=-1) [3m(storage_manager.py:726:lmcache.v1.distributed.storage_manager)[0m
[32;20m[2026-09-29 17:04:09,628] LMCache INFO:[0m Prefetch request completed (L1+L2): 10/13 retained keys (10 L1, 0 L2) in 329.8 ms (external_request_id=chatcmpl-9420a6df71b51172-8b1c44d3, prefetch_request_id=-1) [3m(storage_manager.py:726:lmcache.v1.distributed.storage_manager)[0m
[32;20m[2026-09-29 17:04:09,628] LMCache INFO:[0m Prefetch request completed (L1+L2): 10/11 retained keys (10 L1, 0 L2) in 330.0 ms (external_request_id=chatcmpl-859e7955dec1d640-9ed428f2, prefetch_request_id=-1) [3m(storage_manager.py:726:lmcache.v1.distributed.storage_manager)[0m
[32;20m[2026-09-29 17:04:09,628] LMCache INFO:[0m Prefetch request completed (L1+L2): 9/10 retained keys (9 L1, 0 L2) in 329.2 ms (external_request_id=chatcmpl-818e58f1ff3a1388-a2ad74ea, prefetch_request_id=-1) [3m(storage_manager.py:726:lmcache.v1.distributed.storage_manager)[0m
[32;20m[2026-09-29 17:04:09,628] LMCache INFO:[0m Prefetch request completed (L1+L2): 9/13 retained keys (9 L1, 0 L2) in 329.1 ms (external_request_id=chatcmpl-a41edf820ff220a5-b9bdd8c1, prefetch_request_id=-1) [3m(storage_manager.py:726:lmcache.v1.distributed.storage_manager)[0m
[32;20m[2026-09-29 17:04:09,628] LMCache INFO:[0m Prefetch request completed (L1+L2): 9/10 retained keys (9 L1, 0 L2) in 328.9 ms (external_request_id=chatcmpl-bcb6dcf7740c62ed-92f58241, prefetch_request_id=-1) [3m(storage_manager.py:726:lmcache.v1.distributed.storage_manager)[0m
[32;20m[2026-09-29 17:04:09,628] LMCache INFO:[0m Prefetch request completed (L1+L2): 10/11 retained keys (10 L1, 0 L2) in 328.9 ms (external_request_id=chatcmpl-b38091cb2b18c658-9829eb8e, prefetch_request_id=-1) [3m(storage_manager.py:726:lmcache.v1.distributed.storage_manager)[0m
[32;20m[2026-09-29 17:04:09,629] LMCache INFO:[0m Prefetch request completed (L1+L2): 9/10 retained keys (9 L1, 0 L2) in 328.6 ms (external_request_id=chatcmpl-ad920132051be7d4-ade437e3, prefetch_request_id=-1) [3m(storage_manager.py:726:lmcache.v1.distributed.storage_manager)[0m
[32;20m[2026-09-29 17:04:09,629] LMCache INFO:[0m Prefetch request completed (L1+L2): 9/11 retained keys (9 L1, 0 L2) in 328.7 ms (external_request_id=chatcmpl-842b2d94658d1aa2-bdcbd050, prefetch_request_id=-1) [3m(storage_manager.py:726:lmcache.v1.distributed.storage_manager)[0m
[32;20m[2026-09-29 17:04:09,629] LMCache INFO:[0m Prefetch request completed (L1+L2): 9/11 retained keys (9 L1, 0 L2) in 328.2 ms (external_request_id=chatcmpl-88ed0ad938a79e38-ab580581, prefetch_request_id=-1) [3m(storage_manager.py:726:lmcache.v1.distributed.storage_manager)[0m
[32;20m[2026-09-29 17:04:09,629] LMCache INFO:[0m Prefetch request completed (L1+L2): 9/11 retained keys (9 L1, 0 L2) in 328.2 ms (external_request_id=chatcmpl-bc0c47ff34c312fe-bbfa5b9d, prefetch_request_id=-1) [3m(storage_manager.py:726:lmcache.v1.distributed.storage_manager)[0m
[32;20m[2026-09-29 17:04:09,630] LMCache INFO:[0m Prefetch request completed (L1+L2): 9/11 retained keys (9 L1, 0 L2) in 328.3 ms (external_request_id=chatcmpl-8fca8308223b54f6-b7d4b4db, prefetch_request_id=-1) [3m(storage_manager.py:726:lmcache.v1.distributed.storage_manager)[0m
[32;20m[2026-09-29 17:04:09,630] LMCache INFO:[0m Prefetch request completed (L1+L2): 10/11 retained keys (10 L1, 0 L2) in 326.6 ms (external_request_id=chatcmpl-85525f7581745d08-a355c6e1, prefetch_request_id=-1) [3m(storage_manager.py:726:lmcache.v1.distributed.storage_manager)[0m
[32;20m[2026-09-29 17:04:09,630] LMCache INFO:[0m Prefetch request completed (L1+L2): 9/9 retained keys (9 L1, 0 L2) in 326.6 ms (external_request_id=chatcmpl-a9245e76062b6777-b3c656e9, prefetch_request_id=-1) [3m(storage_manager.py:726:lmcache.v1.distributed.storage_manager)[0m
[32;20m[2026-09-29 17:04:09,630] LMCache INFO:[0m Prefetch request completed (L1+L2): 12/13 retained keys (12 L1, 0 L2) in 326.4 ms (external_request_id=chatcmpl-a44a02bbf96dc6e6-b8f66a6c, prefetch_request_id=-1) [3m(storage_manager.py:726:lmcache.v1.distributed.storage_manager)[0m
[32;20m[2026-09-29 17:04:09,631] LMCache INFO:[0m Prefetch request completed (L1+L2): 9/9 retained keys (9 L1, 0 L2) in 326.0 ms (external_request_id=chatcmpl-901973af3abba480-a0bae521, prefetch_request_id=-1) [3m(storage_manager.py:726:lmcache.v1.distributed.storage_manager)[0m
[32;20m[2026-09-29 17:04:09,631] LMCache INFO:[0m Prefetch request completed (L1+L2): 10/10 retained keys (10 L1, 0 L2) in 325.9 ms (external_request_id=chatcmpl-8b420ffe21dd47f5-bca73baf, prefetch_request_id=-1) [3m(storage_manager.py:726:lmcache.v1.distributed.storage_manager)[0m
[32;20m[2026-09-29 17:04:09,631] LMCache INFO:[0m Prefetch request completed (L1+L2): 12/13 retained keys (12 L1, 0 L2) in 325.5 ms (external_request_id=chatcmpl-83247f4c189fc2c0-92f78287, prefetch_request_id=-1) [3m(storage_manager.py:726:lmcache.v1.distributed.storage_manager)[0m
[32;20m[2026-09-29 17:04:09,631] LMCache INFO:[0m Prefetch request completed (L1+L2): 10/12 retained keys (10 L1, 0 L2) in 325.4 ms (external_request_id=chatcmpl-a054f1a08c064c95-8b6dfa94, prefetch_request_id=-1) [3m(storage_manager.py:726:lmcache.v1.distributed.storage_manager)[0m
[32;20m[2026-09-29 17:04:09,676] LMCache INFO:[0m Stored 256 tokens in 0.003 seconds [3m(lmcache_driven_transfer.py:1276:lmcache.v1.multiprocess.modules.lmcache_driven_transfer)[0m
[32;20m[2026-09-29 17:04:09,709] LMCache INFO:[0m Stored 512 tokens in 0.001 seconds [3m(lmcache_driven_transfer.py:1276:lmcache.v1.multiprocess.modules.lmcache_driven_transfer)[0m
[32;20m[2026-09-29 17:04:09,924] LMCache INFO:[0m Stored 256 tokens in 0.001 seconds [3m(lmcache_driven_transfer.py:1276:lmcache.v1.multiprocess.modules.lmcache_driven_transfer)[0m
[32;20m[2026-09-29 17:04:09,996] LMCache INFO:[0m Stored 768 tokens in 0.001 seconds [3m(lmcache_driven_transfer.py:1276:lmcache.v1.multiprocess.modules.lmcache_driven_transfer)[0m
[32;20m[2026-09-29 17:04:09,997] LMCache INFO:[0m Stored 256 tokens in 0.001 seconds [3m(lmcache_driven_transfer.py:1276:lmcache.v1.multiprocess.modules.lmcache_driven_transfer)[0m
[32;20m[2026-09-29 17:04:09,998] LMCache INFO:[0m Stored 256 tokens in 0.001 seconds [3m(lmcache_driven_transfer.py:1276:lmcache.v1.multiprocess.modules.lmcache_driven_transfer)[0m
[32;20m[2026-09-29 17:04:10,281] LMCache INFO:[0m Stored 256 tokens in 0.001 seconds [3m(lmcache_driven_transfer.py:1276:lmcache.v1.multiprocess.modules.lmcache_driven_transfer)[0m
[32;20m[2026-09-29 17:04:10,432] LMCache INFO:[0m Stored 1024 tokens in 0.002 seconds [3m(lmcache_driven_transfer.py:1276:lmcache.v1.multiprocess.modules.lmcache_driven_transfer)[0m
[32;20m[2026-09-29 17:04:10,694] LMCache INFO:[0m Stored 256 tokens in 0.001 seconds [3m(lmcache_driven_transfer.py:1276:lmcache.v1.multiprocess.modules.lmcache_driven_transfer)[0m
[32;20m[2026-09-29 17:04:10,758] LMCache INFO:[0m Stored 256 tokens in 0.001 seconds [3m(lmcache_driven_transfer.py:1276:lmcache.v1.multiprocess.modules.lmcache_driven_transfer)[0m
[32;20m[2026-09-29 17:04:10,830] LMCache INFO:[0m Stored 256 tokens in 0.001 seconds [3m(lmcache_driven_transfer.py:1276:lmcache.v1.multiprocess.modules.lmcache_driven_transfer)[0m
[32;20m[2026-09-29 17:04:10,965] LMCache INFO:[0m Stored 256 tokens in 0.001 seconds [3m(lmcache_driven_transfer.py:1276:lmcache.v1.multiprocess.modules.lmcache_driven_transfer)[0m
[32;20m[2026-09-29 17:04:11,075] LMCache INFO:[0m Stored 512 tokens in 0.001 seconds [3m(lmcache_driven_transfer.py:1276:lmcache.v1.multiprocess.modules.lmcache_driven_transfer)[0m
[32;20m[2026-09-29 17:04:11,159] LMCache INFO:[0m Stored 512 tokens in 0.001 seconds [3m(lmcache_driven_transfer.py:1276:lmcache.v1.multiprocess.modules.lmcache_driven_transfer)[0m
[32;20m[2026-09-29 17:04:11,291] LMCache INFO:[0m Stored 512 tokens in 0.002 seconds [3m(lmcache_driven_transfer.py:1276:lmcache.v1.multiprocess.modules.lmcache_driven_transfer)[0m
[32;20m[2026-09-29 17:04:11,292] LMCache INFO:[0m Stored 512 tokens in 0.001 seconds [3m(lmcache_driven_transfer.py:1276:lmcache.v1.multiprocess.modules.lmcache_driven_transfer)[0m
[32;20m[2026-09-29 17:04:11,419] LMCache INFO:[0m Stored 256 tokens in 0.001 seconds [3m(lmcache_driven_transfer.py:1276:lmcache.v1.multiprocess.modules.lmcache_driven_transfer)[0m
[32;20m[2026-09-29 17:04:11,542] LMCache INFO:[0m Stored 256 tokens in 0.001 seconds [3m(lmcache_driven_transfer.py:1276:lmcache.v1.multiprocess.modules.lmcache_driven_transfer)[0m
[32;20m[2026-09-29 17:04:11,969] LMCache INFO:[0m Stored 256 tokens in 0.001 seconds [3m(lmcache_driven_transfer.py:1276:lmcache.v1.multiprocess.modules.lmcache_driven_transfer)[0m
[32;20m[2026-09-29 17:04:12,008] LMCache INFO:[0m Stored 256 tokens in 0.001 seconds [3m(lmcache_driven_transfer.py:1276:lmcache.v1.multiprocess.modules.lmcache_driven_transfer)[0m
[32;20m[2026-09-29 17:04:12,097] LMCache INFO:[0m Stored 512 tokens in 0.001 seconds [3m(lmcache_driven_transfer.py:1276:lmcache.v1.multiprocess.modules.lmcache_driven_transfer)[0m
[32;20m[2026-09-29 17:04:12,178] LMCache INFO:[0m Prefetch request completed (L1+L2): 11/12 retained keys (11 L1, 0 L2) in 2546.7 ms (external_request_id=chatcmpl-b4bfb948fe42ff72-ad6d4f06, prefetch_request_id=-1) [3m(storage_manager.py:726:lmcache.v1.distributed.storage_manager)[0m
[32;20m[2026-09-29 17:04:12,179] LMCache INFO:[0m Prefetch request completed (L1+L2): 10/10 retained keys (10 L1, 0 L2) in 2546.4 ms (external_request_id=chatcmpl-8dde976add2bbed9-8f4e5483, prefetch_request_id=-1) [3m(storage_manager.py:726:lmcache.v1.distributed.storage_manager)[0m
[32;20m[2026-09-29 17:04:12,224] LMCache INFO:[0m Stored 256 tokens in 0.001 seconds [3m(lmcache_driven_transfer.py:1276:lmcache.v1.multiprocess.modules.lmcache_driven_transfer)[0m
[32;20m[2026-09-29 17:04:12,412] LMCache INFO:[0m Prefetch request completed (L1+L2): 10/11 retained keys (10 L1, 0 L2) in 233.2 ms (external_request_id=chatcmpl-9f40dd6e7f45cb14-92359b29, prefetch_request_id=-1) [3m(storage_manager.py:726:lmcache.v1.distributed.storage_manager)[0m
[32;20m[2026-09-29 17:04:12,413] LMCache INFO:[0m Prefetch request completed (L1+L2): 10/11 retained keys (10 L1, 0 L2) in 233.0 ms (external_request_id=chatcmpl-ac29cf134e6fa221-bf599ee7, prefetch_request_id=-1) [3m(storage_manager.py:726:lmcache.v1.distributed.storage_manager)[0m
[32;20m[2026-09-29 17:04:12,413] LMCache INFO:[0m Prefetch request completed (L1+L2): 9/11 retained keys (9 L1, 0 L2) in 232.7 ms (external_request_id=chatcmpl-b901445a12ee16cd-8580a24d, prefetch_request_id=-1) [3m(storage_manager.py:726:lmcache.v1.distributed.storage_manager)[0m
[32;20m[2026-09-29 17:04:12,413] LMCache INFO:[0m Prefetch request completed (L1+L2): 9/12 retained keys (9 L1, 0 L2) in 232.7 ms (external_request_id=chatcmpl-ac713278e5dd1db0-af8b9b61, prefetch_request_id=-1) [3m(storage_manager.py:726:lmcache.v1.distributed.storage_manager)[0m
[32;20m[2026-09-29 17:04:12,413] LMCache INFO:[0m Prefetch request completed (L1+L2): 9/10 retained keys (9 L1, 0 L2) in 232.5 ms (external_request_id=chatcmpl-8b6e3a9b2381eeac-9436c80b, prefetch_request_id=-1) [3m(storage_manager.py:726:lmcache.v1.distributed.storage_manager)[0m
[32;20m[2026-09-29 17:04:12,413] LMCache INFO:[0m Prefetch request completed (L1+L2): 10/11 retained keys (10 L1, 0 L2) in 232.3 ms (external_request_id=chatcmpl-81c4444a961ff17c-a97b7d31, prefetch_request_id=-1) [3m(storage_manager.py:726:lmcache.v1.distributed.storage_manager)[0m
[32;20m[2026-09-29 17:04:12,414] LMCache INFO:[0m Prefetch request completed (L1+L2): 9/11 retained keys (9 L1, 0 L2) in 232.1 ms (external_request_id=chatcmpl-a7ab263808446cf6-9cad80f2, prefetch_request_id=-1) [3m(storage_manager.py:726:lmcache.v1.distributed.storage_manager)[0m
[32;20m[2026-09-29 17:04:12,414] LMCache INFO:[0m Prefetch request completed (L1+L2): 9/11 retained keys (9 L1, 0 L2) in 231.9 ms (external_request_id=chatcmpl-88158277bd22222f-b57c8786, prefetch_request_id=-1) [3m(storage_manager.py:726:lmcache.v1.distributed.storage_manager)[0m
[32;20m[2026-09-29 17:04:12,414] LMCache INFO:[0m Prefetch request completed (L1+L2): 9/11 retained keys (9 L1, 0 L2) in 231.6 ms (external_request_id=chatcmpl-9d340268f00f8d4f-86250402, prefetch_request_id=-1) [3m(storage_manager.py:726:lmcache.v1.distributed.storage_manager)[0m
[32;20m[2026-09-29 17:04:12,414] LMCache INFO:[0m Prefetch request completed (L1+L2): 9/11 retained keys (9 L1, 0 L2) in 231.4 ms (external_request_id=chatcmpl-97ddfdfd96ef09b4-a5efe4c7, prefetch_request_id=-1) [3m(storage_manager.py:726:lmcache.v1.distributed.storage_manager)[0m
[32;20m[2026-09-29 17:04:12,414] LMCache INFO:[0m Prefetch request completed (L1+L2): 9/11 retained keys (9 L1, 0 L2) in 231.1 ms (external_request_id=chatcmpl-8f28a37e25d781fa-9349de02, prefetch_request_id=-1) [3m(storage_manager.py:726:lmcache.v1.distributed.storage_manager)[0m
[32;20m[2026-09-29 17:04:12,414] LMCache INFO:[0m Prefetch request completed (L1+L2): 10/11 retained keys (10 L1, 0 L2) in 230.7 ms (external_request_id=chatcmpl-8b5d27cb9bf09265-90f374f9, prefetch_request_id=-1) [3m(storage_manager.py:726:lmcache.v1.distributed.storage_manager)[0m
[32;20m[2026-09-29 17:04:12,415] LMCache INFO:[0m Prefetch request completed (L1+L2): 9/11 retained keys (9 L1, 0 L2) in 230.6 ms (external_request_id=chatcmpl-a7dea2904ef778b3-8b939ce4, prefetch_request_id=-1) [3m(storage_manager.py:726:lmcache.v1.distributed.storage_manager)[0m
[32;20m[2026-09-29 17:04:12,415] LMCache INFO:[0m Prefetch request completed (L1+L2): 12/13 retained keys (12 L1, 0 L2) in 230.4 ms (external_request_id=chatcmpl-b9e9f2b35f54a7f7-a97362fb, prefetch_request_id=-1) [3m(storage_manager.py:726:lmcache.v1.distributed.storage_manager)[0m
[32;20m[2026-09-29 17:04:12,415] LMCache INFO:[0m Prefetch request completed (L1+L2): 9/9 retained keys (9 L1, 0 L2) in 230.2 ms (external_request_id=chatcmpl-be8bfaa136a77220-af43490c, prefetch_request_id=-1) [3m(storage_manager.py:726:lmcache.v1.distributed.storage_manager)[0m
[32;20m[2026-09-29 17:04:12,415] LMCache INFO:[0m Prefetch request completed (L1+L2): 10/10 retained keys (10 L1, 0 L2) in 229.9 ms (external_request_id=chatcmpl-9129f23f870697bc-b659a397, prefetch_request_id=-1) [3m(storage_manager.py:726:lmcache.v1.distributed.storage_manager)[0m
[32;20m[2026-09-29 17:04:12,415] LMCache INFO:[0m Prefetch request completed (L1+L2): 12/13 retained keys (12 L1, 0 L2) in 229.7 ms (external_request_id=chatcmpl-a8ea213dc283411f-99d4b194, prefetch_request_id=-1) [3m(storage_manager.py:726:lmcache.v1.distributed.storage_manager)[0m
[32;20m[2026-09-29 17:04:12,415] LMCache INFO:[0m Prefetch request completed (L1+L2): 10/12 retained keys (10 L1, 0 L2) in 229.4 ms (external_request_id=chatcmpl-a7a57914d8fe7e9c-9456bdb9, prefetch_request_id=-1) [3m(storage_manager.py:726:lmcache.v1.distributed.storage_manager)[0m
[32;20m[2026-09-29 17:04:12,416] LMCache INFO:[0m Prefetch request completed (L1+L2): 11/13 retained keys (11 L1, 0 L2) in 229.2 ms (external_request_id=chatcmpl-a3b91ae00b3bd29e-a6ef0597, prefetch_request_id=-1) [3m(storage_manager.py:726:lmcache.v1.distributed.storage_manager)[0m
[32;20m[2026-09-29 17:04:12,416] LMCache INFO:[0m Prefetch request completed (L1+L2): 10/12 retained keys (10 L1, 0 L2) in 229.0 ms (external_request_id=chatcmpl-90a8b441f0ad45be-ab7e1915, prefetch_request_id=-1) [3m(storage_manager.py:726:lmcache.v1.distributed.storage_manager)[0m
[32;20m[2026-09-29 17:04:12,416] LMCache INFO:[0m Prefetch request completed (L1+L2): 10/11 retained keys (10 L1, 0 L2) in 228.7 ms (external_request_id=chatcmpl-a02f7e8017c9ad6c-968150af, prefetch_request_id=-1) [3m(storage_manager.py:726:lmcache.v1.distributed.storage_manager)[0m
[32;20m[2026-09-29 17:04:12,416] LMCache INFO:[0m Prefetch request completed (L1+L2): 10/12 retained keys (10 L1, 0 L2) in 228.5 ms (external_request_id=chatcmpl-92a5094e55847919-8f8f07b5, prefetch_request_id=-1) [3m(storage_manager.py:726:lmcache.v1.distributed.storage_manager)[0m
[32;20m[2026-09-29 17:04:12,459] LMCache INFO:[0m Stored 256 tokens in 0.001 seconds [3m(lmcache_driven_transfer.py:1276:lmcache.v1.multiprocess.modules.lmcache_driven_transfer)[0m
[32;20m[2026-09-29 17:04:12,529] LMCache INFO:[0m Stored 256 tokens in 0.001 seconds [3m(lmcache_driven_transfer.py:1276:lmcache.v1.multiprocess.modules.lmcache_driven_transfer)[0m
[32;20m[2026-09-29 17:04:12,657] LMCache INFO:[0m Stored 512 tokens in 0.001 seconds [3m(lmcache_driven_transfer.py:1276:lmcache.v1.multiprocess.modules.lmcache_driven_transfer)[0m
[32;20m[2026-09-29 17:04:12,823] LMCache INFO:[0m Stored 768 tokens in 0.001 seconds [3m(lmcache_driven_transfer.py:1276:lmcache.v1.multiprocess.modules.lmcache_driven_transfer)[0m
[32;20m[2026-09-29 17:04:12,936] LMCache INFO:[0m Stored 256 tokens in 0.004 seconds [3m(lmcache_driven_transfer.py:1276:lmcache.v1.multiprocess.modules.lmcache_driven_transfer)[0m
[32;20m[2026-09-29 17:04:13,138] LMCache INFO:[0m Stored 256 tokens in 0.002 seconds [3m(lmcache_driven_transfer.py:1276:lmcache.v1.multiprocess.modules.lmcache_driven_transfer)[0m
[32;20m[2026-09-29 17:04:13,169] LMCache INFO:[0m Stored 512 tokens in 0.001 seconds [3m(lmcache_driven_transfer.py:1276:lmcache.v1.multiprocess.modules.lmcache_driven_transfer)[0m
[32;20m[2026-09-29 17:04:13,292] LMCache INFO:[0m Stored 512 tokens in 0.002 seconds [3m(lmcache_driven_transfer.py:1276:lmcache.v1.multiprocess.modules.lmcache_driven_transfer)[0m
[32;20m[2026-09-29 17:04:13,383] LMCache INFO:[0m Stored 512 tokens in 0.002 seconds [3m(lmcache_driven_transfer.py:1276:lmcache.v1.multiprocess.modules.lmcache_driven_transfer)[0m
[32;20m[2026-09-29 17:04:13,384] LMCache INFO:[0m Stored 512 tokens in 0.001 seconds [3m(lmcache_driven_transfer.py:1276:lmcache.v1.multiprocess.modules.lmcache_driven_transfer)[0m
[32;20m[2026-09-29 17:04:13,757] LMCache INFO:[0m Stored 512 tokens in 0.002 seconds [3m(lmcache_driven_transfer.py:1276:lmcache.v1.multiprocess.modules.lmcache_driven_transfer)[0m
[32;20m[2026-09-29 17:04:13,826] LMCache INFO:[0m Stored 256 tokens in 0.001 seconds [3m(lmcache_driven_transfer.py:1276:lmcache.v1.multiprocess.modules.lmcache_driven_transfer)[0m
[32;20m[2026-09-29 17:04:13,897] LMCache INFO:[0m Stored 512 tokens in 0.001 seconds [3m(lmcache_driven_transfer.py:1276:lmcache.v1.multiprocess.modules.lmcache_driven_transfer)[0m
[32;20m[2026-09-29 17:04:14,084] LMCache INFO:[0m Stored 256 tokens in 0.001 seconds [3m(lmcache_driven_transfer.py:1276:lmcache.v1.multiprocess.modules.lmcache_driven_transfer)[0m
[32;20m[2026-09-29 17:04:14,430] LMCache INFO:[0m Stored 256 tokens in 0.002 seconds [3m(lmcache_driven_transfer.py:1276:lmcache.v1.multiprocess.modules.lmcache_driven_transfer)[0m
[32;20m[2026-09-29 17:04:14,465] LMCache INFO:[0m Stored 512 tokens in 0.002 seconds [3m(lmcache_driven_transfer.py:1276:lmcache.v1.multiprocess.modules.lmcache_driven_transfer)[0m
[32;20m[2026-09-29 17:04:14,495] LMCache INFO:[0m Stored 512 tokens in 0.001 seconds [3m(lmcache_driven_transfer.py:1276:lmcache.v1.multiprocess.modules.lmcache_driven_transfer)[0m
[32;20m[2026-09-29 17:04:14,634] LMCache INFO:[0m Stored 512 tokens in 0.002 seconds [3m(lmcache_driven_transfer.py:1276:lmcache.v1.multiprocess.modules.lmcache_driven_transfer)[0m
[32;20m[2026-09-29 17:04:14,665] LMCache INFO:[0m Stored 256 tokens in 0.001 seconds [3m(lmcache_driven_transfer.py:1276:lmcache.v1.multiprocess.modules.lmcache_driven_transfer)[0m
[32;20m[2026-09-29 17:04:14,886] LMCache INFO:[0m Stored 512 tokens in 0.001 seconds [3m(lmcache_driven_transfer.py:1276:lmcache.v1.multiprocess.modules.lmcache_driven_transfer)[0m
[32;20m[2026-09-29 17:04:15,141] LMCache INFO:[0m Prefetch request completed (L1+L2): 9/12 retained keys (9 L1, 0 L2) in 2724.3 ms (external_request_id=chatcmpl-913bbce043ec4907-bb6060af, prefetch_request_id=-1) [3m(storage_manager.py:726:lmcache.v1.distributed.storage_manager)[0m
[32;20m[2026-09-29 17:04:15,141] LMCache INFO:[0m Prefetch request completed (L1+L2): 9/11 retained keys (9 L1, 0 L2) in 2724.0 ms (external_request_id=chatcmpl-8e32e472cb23a63f-96f4da25, prefetch_request_id=-1) [3m(storage_manager.py:726:lmcache.v1.distributed.storage_manager)[0m
[32;20m[2026-09-29 17:04:15,189] LMCache INFO:[0m Stored 768 tokens in 0.002 seconds [3m(lmcache_driven_transfer.py:1276:lmcache.v1.multiprocess.modules.lmcache_driven_transfer)[0m
[32;20m[2026-09-29 17:04:15,190] LMCache INFO:[0m Stored 256 tokens in 0.001 seconds [3m(lmcache_driven_transfer.py:1276:lmcache.v1.multiprocess.modules.lmcache_driven_transfer)[0m
[32;20m[2026-09-29 17:04:15,313] LMCache INFO:[0m Stored 512 tokens in 0.001 seconds [3m(lmcache_driven_transfer.py:1276:lmcache.v1.multiprocess.modules.lmcache_driven_transfer)[0m
[32;20m[2026-09-29 17:04:15,431] LMCache INFO:[0m Prefetch request completed (L1+L2): 9/11 retained keys (9 L1, 0 L2) in 289.4 ms (external_request_id=chatcmpl-99e2f67355366636-aa10af90, prefetch_request_id=-1) [3m(storage_manager.py:726:lmcache.v1.distributed.storage_manager)[0m
[32;20m[2026-09-29 17:04:15,431] LMCache INFO:[0m Prefetch request completed (L1+L2): 10/12 retained keys (10 L1, 0 L2) in 289.6 ms (external_request_id=chatcmpl-843146c677102c54-9e6228d2, prefetch_request_id=-1) [3m(storage_manager.py:726:lmcache.v1.distributed.storage_manager)[0m
[32;20m[2026-09-29 17:04:15,432] LMCache INFO:[0m Prefetch request completed (L1+L2): 9/9 retained keys (9 L1, 0 L2) in 289.5 ms (external_request_id=chatcmpl-b305258ebcc5e557-b69086f4, prefetch_request_id=-1) [3m(storage_manager.py:726:lmcache.v1.distributed.storage_manager)[0m
[32;20m[2026-09-29 17:04:15,432] LMCache INFO:[0m Prefetch request completed (L1+L2): 9/10 retained keys (9 L1, 0 L2) in 289.6 ms (external_request_id=chatcmpl-8319decd2011d15f-9baefac3, prefetch_request_id=-1) [3m(storage_manager.py:726:lmcache.v1.distributed.storage_manager)[0m
[32;20m[2026-09-29 17:04:15,432] LMCache INFO:[0m Prefetch request completed (L1+L2): 9/10 retained keys (9 L1, 0 L2) in 289.5 ms (external_request_id=chatcmpl-af9a745db118d4be-829259d0, prefetch_request_id=-1) [3m(storage_manager.py:726:lmcache.v1.distributed.storage_manager)[0m
[32;20m[2026-09-29 17:04:15,432] LMCache INFO:[0m Prefetch request completed (L1+L2): 9/10 retained keys (9 L1, 0 L2) in 289.6 ms (external_request_id=chatcmpl-87c3f5b0f5360bc4-93c00176, prefetch_request_id=-1) [3m(storage_manager.py:726:lmcache.v1.distributed.storage_manager)[0m
[32;20m[2026-09-29 17:04:15,432] LMCache INFO:[0m Prefetch request completed (L1+L2): 9/9 retained keys (9 L1, 0 L2) in 289.6 ms (external_request_id=chatcmpl-841198db09b81ffc-9993ba36, prefetch_request_id=-1) [3m(storage_manager.py:726:lmcache.v1.distributed.storage_manager)[0m
[32;20m[2026-09-29 17:04:15,432] LMCache INFO:[0m Prefetch request completed (L1+L2): 10/12 retained keys (10 L1, 0 L2) in 289.5 ms (external_request_id=chatcmpl-822f9701fca90941-8eb60650, prefetch_request_id=-1) [3m(storage_manager.py:726:lmcache.v1.distributed.storage_manager)[0m
[32;20m[2026-09-29 17:04:15,433] LMCache INFO:[0m Prefetch request completed (L1+L2): 9/10 retained keys (9 L1, 0 L2) in 289.4 ms (external_request_id=chatcmpl-a64a9addbbb15a2f-9cf4991a, prefetch_request_id=-1) [3m(storage_manager.py:726:lmcache.v1.distributed.storage_manager)[0m
[32;20m[2026-09-29 17:04:15,433] LMCache INFO:[0m Prefetch request completed (L1+L2): 12/13 retained keys (12 L1, 0 L2) in 288.8 ms (external_request_id=chatcmpl-a5729420e76a33dc-b2ae125f, prefetch_request_id=-1) [3m(storage_manager.py:726:lmcache.v1.distributed.storage_manager)[0m
[32;20m[2026-09-29 17:04:15,433] LMCache INFO:[0m Prefetch request completed (L1+L2): 9/10 retained keys (9 L1, 0 L2) in 288.4 ms (external_request_id=chatcmpl-a1d887e560f1a2b0-92bccc71, prefetch_request_id=-1) [3m(storage_manager.py:726:lmcache.v1.distributed.storage_manager)[0m
[32;20m[2026-09-29 17:04:15,433] LMCache INFO:[0m Prefetch request completed (L1+L2): 10/11 retained keys (10 L1, 0 L2) in 288.0 ms (external_request_id=chatcmpl-a50bbf67b2a410c1-885c8daf, prefetch_request_id=-1) [3m(storage_manager.py:726:lmcache.v1.distributed.storage_manager)[0m
[32;20m[2026-09-29 17:04:15,434] LMCache INFO:[0m Prefetch request completed (L1+L2): 12/14 retained keys (12 L1, 0 L2) in 288.2 ms (external_request_id=chatcmpl-8cc4563820e57294-925a01e1, prefetch_request_id=-1) [3m(storage_manager.py:726:lmcache.v1.distributed.storage_manager)[0m
[32;20m[2026-09-29 17:04:15,434] LMCache INFO:[0m Prefetch request completed (L1+L2): 10/11 retained keys (10 L1, 0 L2) in 288.0 ms (external_request_id=chatcmpl-b17f099e5c4a5e26-9be65593, prefetch_request_id=-1) [3m(storage_manager.py:726:lmcache.v1.distributed.storage_manager)[0m
[32;20m[2026-09-29 17:04:15,434] LMCache INFO:[0m Prefetch request completed (L1+L2): 11/13 retained keys (11 L1, 0 L2) in 287.5 ms (external_request_id=chatcmpl-b43cc65186f13b82-b192b644, prefetch_request_id=-1) [3m(storage_manager.py:726:lmcache.v1.distributed.storage_manager)[0m
[32;20m[2026-09-29 17:04:15,434] LMCache INFO:[0m Prefetch request completed (L1+L2): 10/11 retained keys (10 L1, 0 L2) in 287.4 ms (external_request_id=chatcmpl-80957213fd6a3b00-bfc6ff8e, prefetch_request_id=-1) [3m(storage_manager.py:726:lmcache.v1.distributed.storage_manager)[0m
[32;20m[2026-09-29 17:04:15,434] LMCache INFO:[0m Prefetch request completed (L1+L2): 10/11 retained keys (10 L1, 0 L2) in 287.0 ms (external_request_id=chatcmpl-b78efab73de42d87-8b869dc9, prefetch_request_id=-1) [3m(storage_manager.py:726:lmcache.v1.distributed.storage_manager)[0m
[32;20m[2026-09-29 17:04:15,434] LMCache INFO:[0m Prefetch request completed (L1+L2): 10/11 retained keys (10 L1, 0 L2) in 286.7 ms (external_request_id=chatcmpl-a2ab839fb2f5f3ba-8064ad9a, prefetch_request_id=-1) [3m(storage_manager.py:726:lmcache.v1.distributed.storage_manager)[0m
[32;20m[2026-09-29 17:04:15,434] LMCache INFO:[0m Prefetch request completed (L1+L2): 9/10 retained keys (9 L1, 0 L2) in 286.3 ms (external_request_id=chatcmpl-8de8892bf9628ff2-92767b81, prefetch_request_id=-1) [3m(storage_manager.py:726:lmcache.v1.distributed.storage_manager)[0m
[32;20m[2026-09-29 17:04:15,434] LMCache INFO:[0m Prefetch request completed (L1+L2): 9/10 retained keys (9 L1, 0 L2) in 285.8 ms (external_request_id=chatcmpl-a8f5eafefc6b1a53-817907e6, prefetch_request_id=-1) [3m(storage_manager.py:726:lmcache.v1.distributed.storage_manager)[0m
[32;20m[2026-09-29 17:04:15,435] LMCache INFO:[0m Prefetch request completed (L1+L2): 9/11 retained keys (9 L1, 0 L2) in 286.0 ms (external_request_id=chatcmpl-8e9f0ad698cd41f8-a14b2420, prefetch_request_id=-1) [3m(storage_manager.py:726:lmcache.v1.distributed.storage_manager)[0m
[32;20m[2026-09-29 17:04:15,435] LMCache INFO:[0m Prefetch request completed (L1+L2): 10/11 retained keys (10 L1, 0 L2) in 285.6 ms (external_request_id=chatcmpl-8c0cd0183a3d7cfe-996af15d, prefetch_request_id=-1) [3m(storage_manager.py:726:lmcache.v1.distributed.storage_manager)[0m
[32;20m[2026-09-29 17:04:15,482] LMCache INFO:[0m Stored 512 tokens in 0.001 seconds [3m(lmcache_driven_transfer.py:1276:lmcache.v1.multiprocess.modules.lmcache_driven_transfer)[0m
[32;20m[2026-09-29 17:04:15,484] LMCache INFO:[0m Stored 512 tokens in 0.001 seconds [3m(lmcache_driven_transfer.py:1276:lmcache.v1.multiprocess.modules.lmcache_driven_transfer)[0m
[32;20m[2026-09-29 17:04:15,688] LMCache INFO:[0m Stored 256 tokens in 0.001 seconds [3m(lmcache_driven_transfer.py:1276:lmcache.v1.multiprocess.modules.lmcache_driven_transfer)[0m
[32;20m[2026-09-29 17:04:15,897] LMCache INFO:[0m Stored 256 tokens in 0.003 seconds [3m(lmcache_driven_transfer.py:1276:lmcache.v1.multiprocess.modules.lmcache_driven_transfer)[0m
[32;20m[2026-09-29 17:04:15,927] LMCache INFO:[0m Stored 256 tokens in 0.001 seconds [3m(lmcache_driven_transfer.py:1276:lmcache.v1.multiprocess.modules.lmcache_driven_transfer)[0m
[32;20m[2026-09-29 17:04:16,001] LMCache INFO:[0m L1 memory usage 0.82 above watermark 0.80; triggering eviction. [3m(eviction_controller.py:179:lmcache.v1.distributed.storage_controllers.eviction_controller)[0m
[32;20m[2026-09-29 17:04:16,171] LMCache INFO:[0m Stored 512 tokens in 0.002 seconds [3m(lmcache_driven_transfer.py:1276:lmcache.v1.multiprocess.modules.lmcache_driven_transfer)[0m
[32;20m[2026-09-29 17:04:16,204] LMCache INFO:[0m Stored 256 tokens in 0.001 seconds [3m(lmcache_driven_transfer.py:1276:lmcache.v1.multiprocess.modules.lmcache_driven_transfer)[0m
[32;20m[2026-09-29 17:04:16,259] LMCache INFO:[0m Stored 256 tokens in 0.001 seconds [3m(lmcache_driven_transfer.py:1276:lmcache.v1.multiprocess.modules.lmcache_driven_transfer)[0m
[32;20m[2026-09-29 17:04:16,343] LMCache INFO:[0m Stored 256 tokens in 0.001 seconds [3m(lmcache_driven_transfer.py:1276:lmcache.v1.multiprocess.modules.lmcache_driven_transfer)[0m
[32;20m[2026-09-29 17:04:16,481] LMCache INFO:[0m Stored 256 tokens in 0.001 seconds [3m(lmcache_driven_transfer.py:1276:lmcache.v1.multiprocess.modules.lmcache_driven_transfer)[0m
[32;20m[2026-09-29 17:04:16,632] LMCache INFO:[0m Stored 256 tokens in 0.002 seconds [3m(lmcache_driven_transfer.py:1276:lmcache.v1.multiprocess.modules.lmcache_driven_transfer)[0m
[32;20m[2026-09-29 17:04:16,740] LMCache INFO:[0m Stored 256 tokens in 0.001 seconds [3m(lmcache_driven_transfer.py:1276:lmcache.v1.multiprocess.modules.lmcache_driven_transfer)[0m
[32;20m[2026-09-29 17:04:16,741] LMCache INFO:[0m Stored 256 tokens in 0.001 seconds [3m(lmcache_driven_transfer.py:1276:lmcache.v1.multiprocess.modules.lmcache_driven_transfer)[0m
[32;20m[2026-09-29 17:04:16,805] LMCache INFO:[0m Stored 512 tokens in 0.001 seconds [3m(lmcache_driven_transfer.py:1276:lmcache.v1.multiprocess.modules.lmcache_driven_transfer)[0m
[32;20m[2026-09-29 17:04:16,879] LMCache INFO:[0m PeriodicThread lmcache-usage-continuous entering main loop (interval=600.0s) [3m(periodic_thread.py:304:lmcache.v1.periodic_thread)[0m
[32;20m[2026-09-29 17:04:16,896] LMCache INFO:[0m PeriodicThread lmcache-usage-l2 entering main loop (interval=600.0s) [3m(periodic_thread.py:304:lmcache.v1.periodic_thread)[0m
[32;20m[2026-09-29 17:04:16,897] LMCache INFO:[0m PeriodicThread lmcache-usage-l1 entering main loop (interval=600.0s) [3m(periodic_thread.py:304:lmcache.v1.periodic_thread)[0m
[32;20m[2026-09-29 17:04:16,979] LMCache INFO:[0m Stored 256 tokens in 0.001 seconds [3m(lmcache_driven_transfer.py:1276:lmcache.v1.multiprocess.modules.lmcache_driven_transfer)[0m
[32;20m[2026-09-29 17:04:17,069] LMCache INFO:[0m Stored 512 tokens in 0.002 seconds [3m(lmcache_driven_transfer.py:1276:lmcache.v1.multiprocess.modules.lmcache_driven_transfer)[0m
[32;20m[2026-09-29 17:04:17,100] LMCache INFO:[0m Stored 256 tokens in 0.001 seconds [3m(lmcache_driven_transfer.py:1276:lmcache.v1.multiprocess.modules.lmcache_driven_transfer)[0m
[32;20m[2026-09-29 17:04:17,225] LMCache INFO:[0m Stored 256 tokens in 0.001 seconds [3m(lmcache_driven_transfer.py:1276:lmcache.v1.multiprocess.modules.lmcache_driven_transfer)[0m
[32;20m[2026-09-29 17:04:17,315] LMCache INFO:[0m Stored 256 tokens in 0.001 seconds [3m(lmcache_driven_transfer.py:1276:lmcache.v1.multiprocess.modules.lmcache_driven_transfer)[0m
INFO:     172.26.132.42:39074 - "GET /metrics HTTP/1.1" 200 OK
[32;20m[2026-09-29 17:04:17,822] LMCache INFO:[0m Stored 256 tokens in 0.002 seconds [3m(lmcache_driven_transfer.py:1276:lmcache.v1.multiprocess.modules.lmcache_driven_transfer)[0m
[32;20m[2026-09-29 17:04:17,855] LMCache INFO:[0m Stored 256 tokens in 0.001 seconds [3m(lmcache_driven_transfer.py:1276:lmcache.v1.multiprocess.modules.lmcache_driven_transfer)[0m
[32;20m[2026-09-29 17:04:17,982] LMCache INFO:[0m Stored 512 tokens in 0.002 seconds [3m(lmcache_driven_transfer.py:1276:lmcache.v1.multiprocess.modules.lmcache_driven_transfer)[0m
[32;20m[2026-09-29 17:04:18,012] LMCache INFO:[0m Stored 256 tokens in 0.001 seconds [3m(lmcache_driven_transfer.py:1276:lmcache.v1.multiprocess.modules.lmcache_driven_transfer)[0m
[32;20m[2026-09-29 17:04:18,262] LMCache INFO:[0m Prefetch request completed (L1+L2): 9/10 retained keys (9 L1, 0 L2) in 2826.1 ms (external_request_id=chatcmpl-b172f21706ec2d43-81d72830, prefetch_request_id=-1) [3m(storage_manager.py:726:lmcache.v1.distributed.storage_manager)[0m
[32;20m[2026-09-29 17:04:18,262] LMCache INFO:[0m Prefetch request completed (L1+L2): 9/9 retained keys (9 L1, 0 L2) in 2826.0 ms (external_request_id=chatcmpl-a71e5ac4dcddbb1f-99bb663e, prefetch_request_id=-1) [3m(storage_manager.py:726:lmcache.v1.distributed.storage_manager)[0m
[32;20m[2026-09-29 17:04:18,278] LMCache INFO:[0m Prefetch request completed (L1+L2): 9/11 retained keys (9 L1, 0 L2) in 15.9 ms (external_request_id=chatcmpl-a1521b52c261b0ae-ac5a0031, prefetch_request_id=-1) [3m(storage_manager.py:726:lmcache.v1.distributed.storage_manager)[0m
[32;20m[2026-09-29 17:04:18,279] LMCache INFO:[0m Prefetch request completed (L1+L2): 9/11 retained keys (9 L1, 0 L2) in 15.6 ms (external_request_id=chatcmpl-b404a41420118a30-9a9a2e33, prefetch_request_id=-1) [3m(storage_manager.py:726:lmcache.v1.distributed.storage_manager)[0m
[32;20m[2026-09-29 17:04:18,279] LMCache INFO:[0m Prefetch request completed (L1+L2): 9/12 retained keys (9 L1, 0 L2) in 15.3 ms (external_request_id=chatcmpl-8ab03205102c502d-90f92f0d, prefetch_request_id=-1) [3m(storage_manager.py:726:lmcache.v1.distributed.storage_manager)[0m
[32;20m[2026-09-29 17:04:18,279] LMCache INFO:[0m Prefetch request completed (L1+L2): 10/13 retained keys (10 L1, 0 L2) in 15.2 ms (external_request_id=chatcmpl-8cd879c8177d954e-86110a21, prefetch_request_id=-1) [3m(storage_manager.py:726:lmcache.v1.distributed.storage_manager)[0m
[32;20m[2026-09-29 17:04:18,279] LMCache INFO:[0m Prefetch request completed (L1+L2): 9/10 retained keys (9 L1, 0 L2) in 15.2 ms (external_request_id=chatcmpl-ae11faf954f26b82-a8a99c66, prefetch_request_id=-1) [3m(storage_manager.py:726:lmcache.v1.distributed.storage_manager)[0m
[32;20m[2026-09-29 17:04:18,280] LMCache INFO:[0m Prefetch request completed (L1+L2): 12/14 retained keys (12 L1, 0 L2) in 14.9 ms (external_request_id=chatcmpl-bfeba7a7b293ddde-b4b2fbce, prefetch_request_id=-1) [3m(storage_manager.py:726:lmcache.v1.distributed.storage_manager)[0m
[32;20m[2026-09-29 17:04:18,280] LMCache INFO:[0m Prefetch request completed (L1+L2): 9/10 retained keys (9 L1, 0 L2) in 14.5 ms (external_request_id=chatcmpl-b9173fd127058e41-ac86cc79, prefetch_request_id=-1) [3m(storage_manager.py:726:lmcache.v1.distributed.storage_manager)[0m
[32;20m[2026-09-29 17:04:18,280] LMCache INFO:[0m Prefetch request completed (L1+L2): 10/10 retained keys (10 L1, 0 L2) in 14.1 ms (external_request_id=chatcmpl-a05bc79c851eaab3-b970b159, prefetch_request_id=-1) [3m(storage_manager.py:726:lmcache.v1.distributed.storage_manager)[0m
[32;20m[2026-09-29 17:04:18,280] LMCache INFO:[0m Prefetch request completed (L1+L2): 12/12 retained keys (12 L1, 0 L2) in 13.9 ms (external_request_id=chatcmpl-af8a3c5b2eb2e35a-822a3565, prefetch_request_id=-1) [3m(storage_manager.py:726:lmcache.v1.distributed.storage_manager)[0m
[32;20m[2026-09-29 17:04:18,280] LMCache INFO:[0m Prefetch request completed (L1+L2): 10/10 retained keys (10 L1, 0 L2) in 13.6 ms (external_request_id=chatcmpl-86ee046f6b715442-acbf3b9f, prefetch_request_id=-1) [3m(storage_manager.py:726:lmcache.v1.distributed.storage_manager)[0m
[32;20m[2026-09-29 17:04:18,280] LMCache INFO:[0m Prefetch request completed (L1+L2): 11/13 retained keys (11 L1, 0 L2) in 13.0 ms (external_request_id=chatcmpl-aba56a629cf36dec-b40c2d85, prefetch_request_id=-1) [3m(storage_manager.py:726:lmcache.v1.distributed.storage_manager)[0m
[32;20m[2026-09-29 17:04:18,280] LMCache INFO:[0m Prefetch request completed (L1+L2): 10/13 retained keys (10 L1, 0 L2) in 13.1 ms (external_request_id=chatcmpl-a94794a37b6ca562-8bb2f308, prefetch_request_id=-1) [3m(storage_manager.py:726:lmcache.v1.distributed.storage_manager)[0m
[32;20m[2026-09-29 17:04:18,280] LMCache INFO:[0m Prefetch request completed (L1+L2): 10/12 retained keys (10 L1, 0 L2) in 12.7 ms (external_request_id=chatcmpl-b2bc9956ed343bc4-84939205, prefetch_request_id=-1) [3m(storage_manager.py:726:lmcache.v1.distributed.storage_manager)[0m
[32;20m[2026-09-29 17:04:18,281] LMCache INFO:[0m Prefetch request completed (L1+L2): 10/12 retained keys (10 L1, 0 L2) in 12.4 ms (external_request_id=chatcmpl-b6ad0569873e9808-9d42ecbe, prefetch_request_id=-1) [3m(storage_manager.py:726:lmcache.v1.distributed.storage_manager)[0m
[32;20m[2026-09-29 17:04:18,281] LMCache INFO:[0m Prefetch request completed (L1+L2): 9/11 retained keys (9 L1, 0 L2) in 12.5 ms (external_request_id=chatcmpl-9596995c7ebf3380-816ba6ce, prefetch_request_id=-1) [3m(storage_manager.py:726:lmcache.v1.distributed.storage_manager)[0m
[32;20m[2026-09-29 17:04:18,281] LMCache INFO:[0m Prefetch request completed (L1+L2): 9/11 retained keys (9 L1, 0 L2) in 12.4 ms (external_request_id=chatcmpl-9d4a6adde3361594-9e9ac72c, prefetch_request_id=-1) [3m(storage_manager.py:726:lmcache.v1.distributed.storage_manager)[0m
[32;20m[2026-09-29 17:04:18,281] LMCache INFO:[0m Prefetch request completed (L1+L2): 9/9 retained keys (9 L1, 0 L2) in 12.3 ms (external_request_id=chatcmpl-8afd36c4fadb591d-bac9c868, prefetch_request_id=-1) [3m(storage_manager.py:726:lmcache.v1.distributed.storage_manager)[0m
[32;20m[2026-09-29 17:04:18,282] LMCache INFO:[0m Prefetch request completed (L1+L2): 10/11 retained keys (10 L1, 0 L2) in 12.0 ms (external_request_id=chatcmpl-acf43656ac2021d5-a0bf4a91, prefetch_request_id=-1) [3m(storage_manager.py:726:lmcache.v1.distributed.storage_manager)[0m
[32;20m[2026-09-29 17:04:18,282] LMCache INFO:[0m Prefetch request completed (L1+L2): 9/11 retained keys (9 L1, 0 L2) in 11.8 ms (external_request_id=chatcmpl-95dff65a837ea394-9f912ea2, prefetch_request_id=-1) [3m(storage_manager.py:726:lmcache.v1.distributed.storage_manager)[0m
[32;20m[2026-09-29 17:04:18,282] LMCache INFO:[0m Prefetch request completed (L1+L2): 9/10 retained keys (9 L1, 0 L2) in 11.2 ms (external_request_id=chatcmpl-a754181f45fc98c1-a3bb4d14, prefetch_request_id=-1) [3m(storage_manager.py:726:lmcache.v1.distributed.storage_manager)[0m
[32;20m[2026-09-29 17:04:18,282] LMCache INFO:[0m Prefetch request completed (L1+L2): 9/9 retained keys (9 L1, 0 L2) in 11.2 ms (external_request_id=chatcmpl-b7d322d0acc90a7f-923d8d0f, prefetch_request_id=-1) [3m(storage_manager.py:726:lmcache.v1.distributed.storage_manager)[0m
[32;20m[2026-09-29 17:04:18,282] LMCache INFO:[0m Prefetch request completed (L1+L2): 9/11 retained keys (9 L1, 0 L2) in 11.2 ms (external_request_id=chatcmpl-9fb688a527b0e14a-b05da306, prefetch_request_id=-1) [3m(storage_manager.py:726:lmcache.v1.distributed.storage_manager)[0m
[32;20m[2026-09-29 17:04:18,314] LMCache INFO:[0m Stored 256 tokens in 0.001 seconds [3m(lmcache_driven_transfer.py:1276:lmcache.v1.multiprocess.modules.lmcache_driven_transfer)[0m
[32;20m[2026-09-29 17:04:18,347] LMCache INFO:[0m Stored 512 tokens in 0.001 seconds [3m(lmcache_driven_transfer.py:1276:lmcache.v1.multiprocess.modules.lmcache_driven_transfer)[0m
[32;20m[2026-09-29 17:04:18,442] LMCache INFO:[0m Stored 512 tokens in 0.001 seconds [3m(lmcache_driven_transfer.py:1276:lmcache.v1.multiprocess.modules.lmcache_driven_transfer)[0m
[32;20m[2026-09-29 17:04:18,825] LMCache INFO:[0m Stored 768 tokens in 0.002 seconds [3m(lmcache_driven_transfer.py:1276:lmcache.v1.multiprocess.modules.lmcache_driven_transfer)[0m
[32;20m[2026-09-29 17:04:18,863] LMCache INFO:[0m Stored 768 tokens in 0.001 seconds [3m(lmcache_driven_transfer.py:1276:lmcache.v1.multiprocess.modules.lmcache_driven_transfer)[0m
[32;20m[2026-09-29 17:04:18,865] LMCache INFO:[0m Stored 256 tokens in 0.001 seconds [3m(lmcache_driven_transfer.py:1276:lmcache.v1.multiprocess.modules.lmcache_driven_transfer)[0m
[32;20m[2026-09-29 17:04:19,133] LMCache INFO:[0m Stored 512 tokens in 0.001 seconds [3m(lmcache_driven_transfer.py:1276:lmcache.v1.multiprocess.modules.lmcache_driven_transfer)[0m
[32;20m[2026-09-29 17:04:19,255] LMCache INFO:[0m Stored 256 tokens in 0.001 seconds [3m(lmcache_driven_transfer.py:1276:lmcache.v1.multiprocess.modules.lmcache_driven_transfer)[0m
[32;20m[2026-09-29 17:04:19,556] LMCache INFO:[0m Stored 512 tokens in 0.001 seconds [3m(lmcache_driven_transfer.py:1276:lmcache.v1.multiprocess.modules.lmcache_driven_transfer)[0m
[32;20m[2026-09-29 17:04:19,800] LMCache INFO:[0m Stored 768 tokens in 0.003 seconds [3m(lmcache_driven_transfer.py:1276:lmcache.v1.multiprocess.modules.lmcache_driven_transfer)[0m
[32;20m[2026-09-29 17:04:19,846] LMCache INFO:[0m Stored 512 tokens in 0.001 seconds [3m(lmcache_driven_transfer.py:1276:lmcache.v1.multiprocess.modules.lmcache_driven_transfer)[0m
[32;20m[2026-09-29 17:04:19,921] LMCache INFO:[0m Stored 512 tokens in 0.001 seconds [3m(lmcache_driven_transfer.py:1276:lmcache.v1.multiprocess.modules.lmcache_driven_transfer)[0m
[32;20m[2026-09-29 17:04:20,100] LMCache INFO:[0m Stored 512 tokens in 0.002 seconds [3m(lmcache_driven_transfer.py:1276:lmcache.v1.multiprocess.modules.lmcache_driven_transfer)[0m
[32;20m[2026-09-29 17:04:20,238] LMCache INFO:[0m Stored 256 tokens in 0.001 seconds [3m(lmcache_driven_transfer.py:1276:lmcache.v1.multiprocess.modules.lmcache_driven_transfer)[0m
[32;20m[2026-09-29 17:04:20,367] LMCache INFO:[0m Stored 512 tokens in 0.001 seconds [3m(lmcache_driven_transfer.py:1276:lmcache.v1.multiprocess.modules.lmcache_driven_transfer)[0m
[32;20m[2026-09-29 17:04:20,566] LMCache INFO:[0m Stored 256 tokens in 0.001 seconds [3m(lmcache_driven_transfer.py:1276:lmcache.v1.multiprocess.modules.lmcache_driven_transfer)[0m
[32;20m[2026-09-29 17:04:20,752] LMCache INFO:[0m Stored 512 tokens in 0.001 seconds [3m(lmcache_driven_transfer.py:1276:lmcache.v1.multiprocess.modules.lmcache_driven_transfer)[0m
[32;20m[2026-09-29 17:04:20,841] LMCache INFO:[0m Stored 256 tokens in 0.001 seconds [3m(lmcache_driven_transfer.py:1276:lmcache.v1.multiprocess.modules.lmcache_driven_transfer)[0m
[32;20m[2026-09-29 17:04:21,015] LMCache INFO:[0m Stored 256 tokens in 0.001 seconds [3m(lmcache_driven_transfer.py:1276:lmcache.v1.multiprocess.modules.lmcache_driven_transfer)[0m
[32;20m[2026-09-29 17:04:21,120] LMCache INFO:[0m Stored 512 tokens in 0.012 seconds [3m(lmcache_driven_transfer.py:1276:lmcache.v1.multiprocess.modules.lmcache_driven_transfer)[0m
[32;20m[2026-09-29 17:04:21,145] LMCache INFO:[0m Prefetch request completed (L1+L2): 9/10 retained keys (9 L1, 0 L2) in 36.0 ms (external_request_id=chatcmpl-9f23e96a2bd1eeb5-8f98a825, prefetch_request_id=-1) [3m(storage_manager.py:726:lmcache.v1.distributed.storage_manager)[0m
[32;20m[2026-09-29 17:04:21,145] LMCache INFO:[0m Prefetch request completed (L1+L2): 10/12 retained keys (10 L1, 0 L2) in 35.9 ms (external_request_id=chatcmpl-9bb2c8e8b68fd9b9-952cba40, prefetch_request_id=-1) [3m(storage_manager.py:726:lmcache.v1.distributed.storage_manager)[0m
[32;20m[2026-09-29 17:04:21,146] LMCache INFO:[0m Prefetch request completed (L1+L2): 9/11 retained keys (9 L1, 0 L2) in 36.0 ms (external_request_id=chatcmpl-926b99746d818192-89d4b859, prefetch_request_id=-1) [3m(storage_manager.py:726:lmcache.v1.distributed.storage_manager)[0m
[32;20m[2026-09-29 17:04:21,146] LMCache INFO:[0m Prefetch request completed (L1+L2): 12/14 retained keys (12 L1, 0 L2) in 35.1 ms (external_request_id=chatcmpl-81d347595e99061f-82a6fa98, prefetch_request_id=-1) [3m(storage_manager.py:726:lmcache.v1.distributed.storage_manager)[0m
[32;20m[2026-09-29 17:04:21,146] LMCache INFO:[0m Prefetch request completed (L1+L2): 9/11 retained keys (9 L1, 0 L2) in 35.2 ms (external_request_id=chatcmpl-b6bc09f0265f8d36-aec757f6, prefetch_request_id=-1) [3m(storage_manager.py:726:lmcache.v1.distributed.storage_manager)[0m
[32;20m[2026-09-29 17:04:21,146] LMCache INFO:[0m Prefetch request completed (L1+L2): 10/11 retained keys (10 L1, 0 L2) in 34.3 ms (external_request_id=chatcmpl-adf33d47adfb01d1-a2216db9, prefetch_request_id=-1) [3m(storage_manager.py:726:lmcache.v1.distributed.storage_manager)[0m
[32;20m[2026-09-29 17:04:21,146] LMCache INFO:[0m Prefetch request completed (L1+L2): 12/13 retained keys (12 L1, 0 L2) in 34.3 ms (external_request_id=chatcmpl-9e3faaaa57ce13bf-ace065c1, prefetch_request_id=-1) [3m(storage_manager.py:726:lmcache.v1.distributed.storage_manager)[0m
[32;20m[2026-09-29 17:04:21,146] LMCache INFO:[0m Prefetch request completed (L1+L2): 10/13 retained keys (10 L1, 0 L2) in 33.7 ms (external_request_id=chatcmpl-93d63893d1c644b9-b8fc2348, prefetch_request_id=-1) [3m(storage_manager.py:726:lmcache.v1.distributed.storage_manager)[0m
[32;20m[2026-09-29 17:04:21,146] LMCache INFO:[0m Prefetch request completed (L1+L2): 11/13 retained keys (11 L1, 0 L2) in 33.2 ms (external_request_id=chatcmpl-87f07f958b41c5e1-8045e1d5, prefetch_request_id=-1) [3m(storage_manager.py:726:lmcache.v1.distributed.storage_manager)[0m
[32;20m[2026-09-29 17:04:21,147] LMCache INFO:[0m Prefetch request completed (L1+L2): 10/10 retained keys (10 L1, 0 L2) in 33.1 ms (external_request_id=chatcmpl-bfd82d8a591ac4e1-bc4b9011, prefetch_request_id=-1) [3m(storage_manager.py:726:lmcache.v1.distributed.storage_manager)[0m
[32;20m[2026-09-29 17:04:21,147] LMCache INFO:[0m Prefetch request completed (L1+L2): 10/13 retained keys (10 L1, 0 L2) in 32.4 ms (external_request_id=chatcmpl-8fbbfa93bb1b07d2-80441b82, prefetch_request_id=-1) [3m(storage_manager.py:726:lmcache.v1.distributed.storage_manager)[0m
[32;20m[2026-09-29 17:04:21,147] LMCache INFO:[0m Prefetch request completed (L1+L2): 10/11 retained keys (10 L1, 0 L2) in 32.3 ms (external_request_id=chatcmpl-a4ca6814a93dda83-bf8bfab4, prefetch_request_id=-1) [3m(storage_manager.py:726:lmcache.v1.distributed.storage_manager)[0m
[32;20m[2026-09-29 17:04:21,147] LMCache INFO:[0m Prefetch request completed (L1+L2): 9/10 retained keys (9 L1, 0 L2) in 32.0 ms (external_request_id=chatcmpl-b2cac2cd5d04b3aa-8a630812, prefetch_request_id=-1) [3m(storage_manager.py:726:lmcache.v1.distributed.storage_manager)[0m
[32;20m[2026-09-29 17:04:21,147] LMCache INFO:[0m Prefetch request completed (L1+L2): 9/11 retained keys (9 L1, 0 L2) in 31.1 ms (external_request_id=chatcmpl-b9a997c5449d0375-8a1d670c, prefetch_request_id=-1) [3m(storage_manager.py:726:lmcache.v1.distributed.storage_manager)[0m
[32;20m[2026-09-29 17:04:21,147] LMCache INFO:[0m Prefetch request completed (L1+L2): 9/9 retained keys (9 L1, 0 L2) in 31.0 ms (external_request_id=chatcmpl-a2dcf9fb5ce246df-ad0c3edd, prefetch_request_id=-1) [3m(storage_manager.py:726:lmcache.v1.distributed.storage_manager)[0m
[32;20m[2026-09-29 17:04:21,148] LMCache INFO:[0m Prefetch request completed (L1+L2): 10/11 retained keys (10 L1, 0 L2) in 30.9 ms (external_request_id=chatcmpl-95595933d11f8953-b563a5d8, prefetch_request_id=-1) [3m(storage_manager.py:726:lmcache.v1.distributed.storage_manager)[0m
[32;20m[2026-09-29 17:04:21,148] LMCache INFO:[0m Prefetch request completed (L1+L2): 9/10 retained keys (9 L1, 0 L2) in 30.9 ms (external_request_id=chatcmpl-a5139c07b09181da-b1aef814, prefetch_request_id=-1) [3m(storage_manager.py:726:lmcache.v1.distributed.storage_manager)[0m
[32;20m[2026-09-29 17:04:21,148] LMCache INFO:[0m Prefetch request completed (L1+L2): 9/10 retained keys (9 L1, 0 L2) in 31.0 ms (external_request_id=chatcmpl-97a85d80847ded36-b9d0ed3b, prefetch_request_id=-1) [3m(storage_manager.py:726:lmcache.v1.distributed.storage_manager)[0m
[32;20m[2026-09-29 17:04:21,148] LMCache INFO:[0m Prefetch request completed (L1+L2): 9/9 retained keys (9 L1, 0 L2) in 30.9 ms (external_request_id=chatcmpl-8438be412d6a5709-a86d4f5a, prefetch_request_id=-1) [3m(storage_manager.py:726:lmcache.v1.distributed.storage_manager)[0m
[32;20m[2026-09-29 17:04:21,148] LMCache INFO:[0m Prefetch request completed (L1+L2): 9/11 retained keys (9 L1, 0 L2) in 30.4 ms (external_request_id=chatcmpl-bffaae162ee4613c-a7d7afe0, prefetch_request_id=-1) [3m(storage_manager.py:726:lmcache.v1.distributed.storage_manager)[0m
[32;20m[2026-09-29 17:04:21,148] LMCache INFO:[0m Prefetch request completed (L1+L2): 9/11 retained keys (9 L1, 0 L2) in 30.3 ms (external_request_id=chatcmpl-84554fd65e8c4e13-b0a7492a, prefetch_request_id=-1) [3m(storage_manager.py:726:lmcache.v1.distributed.storage_manager)[0m
[32;20m[2026-09-29 17:04:21,149] LMCache INFO:[0m Prefetch request completed (L1+L2): 10/13 retained keys (10 L1, 0 L2) in 29.5 ms (external_request_id=chatcmpl-bd2bcf06d1c142c5-9764c1fc, prefetch_request_id=-1) [3m(storage_manager.py:726:lmcache.v1.distributed.storage_manager)[0m
[32;20m[2026-09-29 17:04:21,149] LMCache INFO:[0m Prefetch request completed (L1+L2): 9/11 retained keys (9 L1, 0 L2) in 29.4 ms (external_request_id=chatcmpl-b62426ea637002ad-968f57d4, prefetch_request_id=-1) [3m(storage_manager.py:726:lmcache.v1.distributed.storage_manager)[0m
[32;20m[2026-09-29 17:04:21,149] LMCache INFO:[0m Prefetch request completed (L1+L2): 12/13 retained keys (12 L1, 0 L2) in 29.3 ms (external_request_id=chatcmpl-a6de111d54cf7289-ab842d5f, prefetch_request_id=-1) [3m(storage_manager.py:726:lmcache.v1.distributed.storage_manager)[0m
[32;20m[2026-09-29 17:04:21,195] LMCache INFO:[0m Stored 256 tokens in 0.001 seconds [3m(lmcache_driven_transfer.py:1276:lmcache.v1.multiprocess.modules.lmcache_driven_transfer)[0m
[32;20m[2026-09-29 17:04:21,292] LMCache INFO:[0m Stored 512 tokens in 0.001 seconds [3m(lmcache_driven_transfer.py:1276:lmcache.v1.multiprocess.modules.lmcache_driven_transfer)[0m
[32;20m[2026-09-29 17:04:21,457] LMCache INFO:[0m Stored 512 tokens in 0.002 seconds [3m(lmcache_driven_transfer.py:1276:lmcache.v1.multiprocess.modules.lmcache_driven_transfer)[0m
[32;20m[2026-09-29 17:04:21,582] LMCache INFO:[0m Stored 512 tokens in 0.002 seconds [3m(lmcache_driven_transfer.py:1276:lmcache.v1.multiprocess.modules.lmcache_driven_transfer)[0m
[32;20m[2026-09-29 17:04:21,706] LMCache INFO:[0m Stored 512 tokens in 0.001 seconds [3m(lmcache_driven_transfer.py:1276:lmcache.v1.multiprocess.modules.lmcache_driven_transfer)[0m
[32;20m[2026-09-29 17:04:21,953] LMCache INFO:[0m Stored 256 tokens in 0.001 seconds [3m(lmcache_driven_transfer.py:1276:lmcache.v1.multiprocess.modules.lmcache_driven_transfer)[0m
[32;20m[2026-09-29 17:04:22,118] LMCache INFO:[0m Stored 256 tokens in 0.001 seconds [3m(lmcache_driven_transfer.py:1276:lmcache.v1.multiprocess.modules.lmcache_driven_transfer)[0m
[32;20m[2026-09-29 17:04:22,213] LMCache INFO:[0m Stored 768 tokens in 0.002 seconds [3m(lmcache_driven_transfer.py:1276:lmcache.v1.multiprocess.modules.lmcache_driven_transfer)[0m
[32;20m[2026-09-29 17:04:22,256] LMCache INFO:[0m Stored 512 tokens in 0.001 seconds [3m(lmcache_driven_transfer.py:1276:lmcache.v1.multiprocess.modules.lmcache_driven_transfer)[0m
[32;20m[2026-09-29 17:04:22,524] LMCache INFO:[0m Stored 256 tokens in 0.001 seconds [3m(lmcache_driven_transfer.py:1276:lmcache.v1.multiprocess.modules.lmcache_driven_transfer)[0m
[32;20m[2026-09-29 17:04:22,656] LMCache INFO:[0m Stored 768 tokens in 0.002 seconds [3m(lmcache_driven_transfer.py:1276:lmcache.v1.multiprocess.modules.lmcache_driven_transfer)[0m
[32;20m[2026-09-29 17:04:22,688] LMCache INFO:[0m Stored 256 tokens in 0.001 seconds [3m(lmcache_driven_transfer.py:1276:lmcache.v1.multiprocess.modules.lmcache_driven_transfer)[0m
[32;20m[2026-09-29 17:04:22,836] LMCache INFO:[0m Stored 256 tokens in 0.001 seconds [3m(lmcache_driven_transfer.py:1276:lmcache.v1.multiprocess.modules.lmcache_driven_transfer)[0m
[32;20m[2026-09-29 17:04:22,838] LMCache INFO:[0m Stored 512 tokens in 0.001 seconds [3m(lmcache_driven_transfer.py:1276:lmcache.v1.multiprocess.modules.lmcache_driven_transfer)[0m
[32;20m[2026-09-29 17:04:23,195] LMCache INFO:[0m Stored 256 tokens in 0.001 seconds [3m(lmcache_driven_transfer.py:1276:lmcache.v1.multiprocess.modules.lmcache_driven_transfer)[0m
[32;20m[2026-09-29 17:04:23,272] LMCache INFO:[0m Stored 256 tokens in 0.001 seconds [3m(lmcache_driven_transfer.py:1276:lmcache.v1.multiprocess.modules.lmcache_driven_transfer)[0m
[32;20m[2026-09-29 17:04:23,273] LMCache INFO:[0m Stored 256 tokens in 0.001 seconds [3m(lmcache_driven_transfer.py:1276:lmcache.v1.multiprocess.modules.lmcache_driven_transfer)[0m
[32;20m[2026-09-29 17:04:23,602] LMCache INFO:[0m Stored 512 tokens in 0.002 seconds [3m(lmcache_driven_transfer.py:1276:lmcache.v1.multiprocess.modules.lmcache_driven_transfer)[0m
[32;20m[2026-09-29 17:04:23,635] LMCache INFO:[0m Stored 512 tokens in 0.002 seconds [3m(lmcache_driven_transfer.py:1276:lmcache.v1.multiprocess.modules.lmcache_driven_transfer)[0m
[32;20m[2026-09-29 17:04:23,679] LMCache INFO:[0m Stored 768 tokens in 0.001 seconds [3m(lmcache_driven_transfer.py:1276:lmcache.v1.multiprocess.modules.lmcache_driven_transfer)[0m
[32;20m[2026-09-29 17:04:23,998] LMCache INFO:[0m Stored 512 tokens in 0.002 seconds [3m(lmcache_driven_transfer.py:1276:lmcache.v1.multiprocess.modules.lmcache_driven_transfer)[0m
[32;20m[2026-09-29 17:04:24,000] LMCache INFO:[0m Stored 256 tokens in 0.001 seconds [3m(lmcache_driven_transfer.py:1276:lmcache.v1.multiprocess.modules.lmcache_driven_transfer)[0m
[32;20m[2026-09-29 17:04:24,243] LMCache INFO:[0m Stored 256 tokens in 0.001 seconds [3m(lmcache_driven_transfer.py:1276:lmcache.v1.multiprocess.modules.lmcache_driven_transfer)[0m
[32;20m[2026-09-29 17:04:24,560] LMCache INFO:[0m Prefetch request completed (L1+L2): 9/10 retained keys (9 L1, 0 L2) in 3411.1 ms (external_request_id=chatcmpl-891c91eac4744bae-9a0ad8c0, prefetch_request_id=-1) [3m(storage_manager.py:726:lmcache.v1.distributed.storage_manager)[0m
[32;20m[2026-09-29 17:04:24,609] LMCache INFO:[0m Stored 256 tokens in 0.001 seconds [3m(lmcache_driven_transfer.py:1276:lmcache.v1.multiprocess.modules.lmcache_driven_transfer)[0m
[32;20m[2026-09-29 17:04:24,667] LMCache INFO:[0m Prefetch request completed (L1+L2): 10/11 retained keys (10 L1, 0 L2) in 105.5 ms (external_request_id=chatcmpl-ac141babe5760eb2-981ebdb6, prefetch_request_id=-1) [3m(storage_manager.py:726:lmcache.v1.distributed.storage_manager)[0m
[32;20m[2026-09-29 17:04:24,667] LMCache INFO:[0m Prefetch request completed (L1+L2): 12/15 retained keys (12 L1, 0 L2) in 105.4 ms (external_request_id=chatcmpl-946d5dc95a1aa23d-898ac29b, prefetch_request_id=-1) [3m(storage_manager.py:726:lmcache.v1.distributed.storage_manager)[0m
[32;20m[2026-09-29 17:04:24,667] LMCache INFO:[0m Prefetch request completed (L1+L2): 10/11 retained keys (10 L1, 0 L2) in 105.1 ms (external_request_id=chatcmpl-980b042ebf58956f-bc6fde88, prefetch_request_id=-1) [3m(storage_manager.py:726:lmcache.v1.distributed.storage_manager)[0m
[32;20m[2026-09-29 17:04:24,667] LMCache INFO:[0m Prefetch request completed (L1+L2): 11/11 retained keys (11 L1, 0 L2) in 104.7 ms (external_request_id=chatcmpl-a7a5cbbb636b2e0c-a42263b6, prefetch_request_id=-1) [3m(storage_manager.py:726:lmcache.v1.distributed.storage_manager)[0m
[32;20m[2026-09-29 17:04:24,667] LMCache INFO:[0m Prefetch request completed (L1+L2): 10/11 retained keys (10 L1, 0 L2) in 104.1 ms (external_request_id=chatcmpl-a1c8c9c39809a304-971be914, prefetch_request_id=-1) [3m(storage_manager.py:726:lmcache.v1.distributed.storage_manager)[0m
[32;20m[2026-09-29 17:04:24,667] LMCache INFO:[0m Prefetch request completed (L1+L2): 10/11 retained keys (10 L1, 0 L2) in 104.0 ms (external_request_id=chatcmpl-9518a020e131ebb0-ac3660c0, prefetch_request_id=-1) [3m(storage_manager.py:726:lmcache.v1.distributed.storage_manager)[0m
[32;20m[2026-09-29 17:04:24,667] LMCache INFO:[0m Prefetch request completed (L1+L2): 10/11 retained keys (10 L1, 0 L2) in 103.6 ms (external_request_id=chatcmpl-9a6c961d2b6d1077-a2c8bc19, prefetch_request_id=-1) [3m(storage_manager.py:726:lmcache.v1.distributed.storage_manager)[0m
[32;20m[2026-09-29 17:04:24,668] LMCache INFO:[0m Prefetch request completed (L1+L2): 9/10 retained keys (9 L1, 0 L2) in 103.3 ms (external_request_id=chatcmpl-b731f25b927beb72-a3559088, prefetch_request_id=-1) [3m(storage_manager.py:726:lmcache.v1.distributed.storage_manager)[0m
[32;20m[2026-09-29 17:04:24,668] LMCache INFO:[0m Prefetch request completed (L1+L2): 9/11 retained keys (9 L1, 0 L2) in 102.9 ms (external_request_id=chatcmpl-85d9e05e03cc5e11-9660fad2, prefetch_request_id=-1) [3m(storage_manager.py:726:lmcache.v1.distributed.storage_manager)[0m
[32;20m[2026-09-29 17:04:24,668] LMCache INFO:[0m Prefetch request completed (L1+L2): 9/10 retained keys (9 L1, 0 L2) in 101.3 ms (external_request_id=chatcmpl-8437a7c5849bf327-a9972a30, prefetch_request_id=-1) [3m(storage_manager.py:726:lmcache.v1.distributed.storage_manager)[0m
[32;20m[2026-09-29 17:04:24,668] LMCache INFO:[0m Prefetch request completed (L1+L2): 10/11 retained keys (10 L1, 0 L2) in 100.8 ms (external_request_id=chatcmpl-86d94cf6a5bac323-a950afe7, prefetch_request_id=-1) [3m(storage_manager.py:726:lmcache.v1.distributed.storage_manager)[0m
[32;20m[2026-09-29 17:04:24,668] LMCache INFO:[0m Prefetch request completed (L1+L2): 9/9 retained keys (9 L1, 0 L2) in 99.4 ms (external_request_id=chatcmpl-8792e5bc4e433ede-945e8462, prefetch_request_id=-1) [3m(storage_manager.py:726:lmcache.v1.distributed.storage_manager)[0m
[32;20m[2026-09-29 17:04:24,668] LMCache INFO:[0m Prefetch request completed (L1+L2): 9/10 retained keys (9 L1, 0 L2) in 99.1 ms (external_request_id=chatcmpl-a76c4b2ca7430d89-9183a864, prefetch_request_id=-1) [3m(storage_manager.py:726:lmcache.v1.distributed.storage_manager)[0m
[32;20m[2026-09-29 17:04:24,668] LMCache INFO:[0m Prefetch request completed (L1+L2): 9/10 retained keys (9 L1, 0 L2) in 98.9 ms (external_request_id=chatcmpl-98dbc8bf8bffd2e6-9870b8f4, prefetch_request_id=-1) [3m(storage_manager.py:726:lmcache.v1.distributed.storage_manager)[0m
[32;20m[2026-09-29 17:04:24,668] LMCache INFO:[0m Prefetch request completed (L1+L2): 9/10 retained keys (9 L1, 0 L2) in 98.7 ms (external_request_id=chatcmpl-a63320121bd5ef1d-bf0e4413, prefetch_request_id=-1) [3m(storage_manager.py:726:lmcache.v1.distributed.storage_manager)[0m
[32;20m[2026-09-29 17:04:24,668] LMCache INFO:[0m Prefetch request completed (L1+L2): 9/10 retained keys (9 L1, 0 L2) in 98.9 ms (external_request_id=chatcmpl-8b25042e7083eb38-ba71f322, prefetch_request_id=-1) [3m(storage_manager.py:726:lmcache.v1.distributed.storage_manager)[0m
[32;20m[2026-09-29 17:04:24,668] LMCache INFO:[0m Prefetch request completed (L1+L2): 10/13 retained keys (10 L1, 0 L2) in 98.7 ms (external_request_id=chatcmpl-a8ae54f53682fba0-be66506d, prefetch_request_id=-1) [3m(storage_manager.py:726:lmcache.v1.distributed.storage_manager)[0m
[32;20m[2026-09-29 17:04:24,669] LMCache INFO:[0m Prefetch request completed (L1+L2): 9/9 retained keys (9 L1, 0 L2) in 98.8 ms (external_request_id=chatcmpl-98c50fd6bc531ecb-9c592e31, prefetch_request_id=-1) [3m(storage_manager.py:726:lmcache.v1.distributed.storage_manager)[0m
[32;20m[2026-09-29 17:04:24,669] LMCache INFO:[0m Prefetch request completed (L1+L2): 12/15 retained keys (12 L1, 0 L2) in 98.1 ms (external_request_id=chatcmpl-9b11112e9a853694-8a9f23a9, prefetch_request_id=-1) [3m(storage_manager.py:726:lmcache.v1.distributed.storage_manager)[0m
[32;20m[2026-09-29 17:04:24,669] LMCache INFO:[0m Prefetch request completed (L1+L2): 9/10 retained keys (9 L1, 0 L2) in 98.0 ms (external_request_id=chatcmpl-a08a821787c23c1e-9b7f9dd9, prefetch_request_id=-1) [3m(storage_manager.py:726:lmcache.v1.distributed.storage_manager)[0m
[32;20m[2026-09-29 17:04:24,669] LMCache INFO:[0m Prefetch request completed (L1+L2): 10/13 retained keys (10 L1, 0 L2) in 97.3 ms (external_request_id=chatcmpl-8a035b4b4f41944e-a2b3cff8, prefetch_request_id=-1) [3m(storage_manager.py:726:lmcache.v1.distributed.storage_manager)[0m
[32;20m[2026-09-29 17:04:24,670] LMCache INFO:[0m Prefetch request completed (L1+L2): 12/14 retained keys (12 L1, 0 L2) in 97.1 ms (external_request_id=chatcmpl-8c1953e0943711d3-89713254, prefetch_request_id=-1) [3m(storage_manager.py:726:lmcache.v1.distributed.storage_manager)[0m
[32;20m[2026-09-29 17:04:24,670] LMCache INFO:[0m Prefetch request completed (L1+L2): 10/12 retained keys (10 L1, 0 L2) in 96.6 ms (external_request_id=chatcmpl-9ff71b25dcd3f1e2-a8ee3418, prefetch_request_id=-1) [3m(storage_manager.py:726:lmcache.v1.distributed.storage_manager)[0m
[32;20m[2026-09-29 17:04:24,719] LMCache INFO:[0m Stored 256 tokens in 0.001 seconds [3m(lmcache_driven_transfer.py:1276:lmcache.v1.multiprocess.modules.lmcache_driven_transfer)[0m
[32;20m[2026-09-29 17:04:24,723] LMCache INFO:[0m Stored 768 tokens in 0.003 seconds [3m(lmcache_driven_transfer.py:1276:lmcache.v1.multiprocess.modules.lmcache_driven_transfer)[0m
[32;20m[2026-09-29 17:04:24,777] LMCache INFO:[0m Stored 256 tokens in 0.001 seconds [3m(lmcache_driven_transfer.py:1276:lmcache.v1.multiprocess.modules.lmcache_driven_transfer)[0m
[32;20m[2026-09-29 17:04:25,001] LMCache INFO:[0m Stored 256 tokens in 0.001 seconds [3m(lmcache_driven_transfer.py:1276:lmcache.v1.multiprocess.modules.lmcache_driven_transfer)[0m
[32;20m[2026-09-29 17:04:25,004] LMCache INFO:[0m L1 memory usage 0.80 above watermark 0.80; triggering eviction. [3m(eviction_controller.py:179:lmcache.v1.distributed.storage_controllers.eviction_controller)[0m
[32;20m[2026-09-29 17:04:25,069] LMCache INFO:[0m Stored 256 tokens in 0.001 seconds [3m(lmcache_driven_transfer.py:1276:lmcache.v1.multiprocess.modules.lmcache_driven_transfer)[0m
[32;20m[2026-09-29 17:04:25,118] LMCache INFO:[0m Stored 256 tokens in 0.001 seconds [3m(lmcache_driven_transfer.py:1276:lmcache.v1.multiprocess.modules.lmcache_driven_transfer)[0m
[32;20m[2026-09-29 17:04:25,370] LMCache INFO:[0m Stored 256 tokens in 0.001 seconds [3m(lmcache_driven_transfer.py:1276:lmcache.v1.multiprocess.modules.lmcache_driven_transfer)[0m
[32;20m[2026-09-29 17:04:25,419] LMCache INFO:[0m Stored 512 tokens in 0.001 seconds [3m(lmcache_driven_transfer.py:1276:lmcache.v1.multiprocess.modules.lmcache_driven_transfer)[0m
[32;20m[2026-09-29 17:04:25,569] LMCache INFO:[0m Stored 256 tokens in 0.001 seconds [3m(lmcache_driven_transfer.py:1276:lmcache.v1.multiprocess.modules.lmcache_driven_transfer)[0m
[32;20m[2026-09-29 17:04:25,715] LMCache INFO:[0m Stored 256 tokens in 0.001 seconds [3m(lmcache_driven_transfer.py:1276:lmcache.v1.multiprocess.modules.lmcache_driven_transfer)[0m
[32;20m[2026-09-29 17:04:25,853] LMCache INFO:[0m Stored 256 tokens in 0.001 seconds [3m(lmcache_driven_transfer.py:1276:lmcache.v1.multiprocess.modules.lmcache_driven_transfer)[0m
[32;20m[2026-09-29 17:04:26,054] LMCache INFO:[0m Stored 256 tokens in 0.001 seconds [3m(lmcache_driven_transfer.py:1276:lmcache.v1.multiprocess.modules.lmcache_driven_transfer)[0m
[32;20m[2026-09-29 17:04:26,056] LMCache INFO:[0m Stored 256 tokens in 0.001 seconds [3m(lmcache_driven_transfer.py:1276:lmcache.v1.multiprocess.modules.lmcache_driven_transfer)[0m
[32;20m[2026-09-29 17:04:26,126] LMCache INFO:[0m Stored 256 tokens in 0.001 seconds [3m(lmcache_driven_transfer.py:1276:lmcache.v1.multiprocess.modules.lmcache_driven_transfer)[0m
[32;20m[2026-09-29 17:04:26,127] LMCache INFO:[0m Stored 256 tokens in 0.001 seconds [3m(lmcache_driven_transfer.py:1276:lmcache.v1.multiprocess.modules.lmcache_driven_transfer)[0m
[32;20m[2026-09-29 17:04:26,289] LMCache INFO:[0m Stored 768 tokens in 0.001 seconds [3m(lmcache_driven_transfer.py:1276:lmcache.v1.multiprocess.modules.lmcache_driven_transfer)[0m
[32;20m[2026-09-29 17:04:26,588] LMCache INFO:[0m Stored 768 tokens in 0.002 seconds [3m(lmcache_driven_transfer.py:1276:lmcache.v1.multiprocess.modules.lmcache_driven_transfer)[0m
[32;20m[2026-09-29 17:04:26,589] LMCache INFO:[0m Stored 256 tokens in 0.001 seconds [3m(lmcache_driven_transfer.py:1276:lmcache.v1.multiprocess.modules.lmcache_driven_transfer)[0m
[32;20m[2026-09-29 17:04:26,756] LMCache INFO:[0m Stored 768 tokens in 0.001 seconds [3m(lmcache_driven_transfer.py:1276:lmcache.v1.multiprocess.modules.lmcache_driven_transfer)[0m
[32;20m[2026-09-29 17:04:26,902] LMCache INFO:[0m Stored 512 tokens in 0.001 seconds [3m(lmcache_driven_transfer.py:1276:lmcache.v1.multiprocess.modules.lmcache_driven_transfer)[0m
[32;20m[2026-09-29 17:04:26,991] LMCache INFO:[0m Stored 512 tokens in 0.001 seconds [3m(lmcache_driven_transfer.py:1276:lmcache.v1.multiprocess.modules.lmcache_driven_transfer)[0m
[32;20m[2026-09-29 17:04:27,227] LMCache INFO:[0m Prefetch request completed (L1+L2): 11/14 retained keys (11 L1, 0 L2) in 2556.6 ms (external_request_id=chatcmpl-b8b04d74f5c36f4e-b7c9998b, prefetch_request_id=-1) [3m(storage_manager.py:726:lmcache.v1.distributed.storage_manager)[0m
[32;20m[2026-09-29 17:04:27,248] LMCache INFO:[0m Prefetch request completed (L1+L2): 10/11 retained keys (10 L1, 0 L2) in 20.5 ms (external_request_id=chatcmpl-bf627e2034490d07-a4024783, prefetch_request_id=-1) [3m(storage_manager.py:726:lmcache.v1.distributed.storage_manager)[0m
[32;20m[2026-09-29 17:04:27,248] LMCache INFO:[0m Prefetch request completed (L1+L2): 10/12 retained keys (10 L1, 0 L2) in 20.2 ms (external_request_id=chatcmpl-92f45a4a15b16032-add285b2, prefetch_request_id=-1) [3m(storage_manager.py:726:lmcache.v1.distributed.storage_manager)[0m
[32;20m[2026-09-29 17:04:27,248] LMCache INFO:[0m Prefetch request completed (L1+L2): 10/11 retained keys (10 L1, 0 L2) in 19.3 ms (external_request_id=chatcmpl-accce0f6439b2a82-981ad3f0, prefetch_request_id=-1) [3m(storage_manager.py:726:lmcache.v1.distributed.storage_manager)[0m
[32;20m[2026-09-29 17:04:27,248] LMCache INFO:[0m Prefetch request completed (L1+L2): 9/11 retained keys (9 L1, 0 L2) in 19.1 ms (external_request_id=chatcmpl-8da6d11aa90303fc-83347a29, prefetch_request_id=-1) [3m(storage_manager.py:726:lmcache.v1.distributed.storage_manager)[0m
[32;20m[2026-09-29 17:04:27,248] LMCache INFO:[0m Prefetch request completed (L1+L2): 9/10 retained keys (9 L1, 0 L2) in 19.0 ms (external_request_id=chatcmpl-b3967a3cdba13c5b-89ec6858, prefetch_request_id=-1) [3m(storage_manager.py:726:lmcache.v1.distributed.storage_manager)[0m
[32;20m[2026-09-29 17:04:27,249] LMCache INFO:[0m Prefetch request completed (L1+L2): 9/10 retained keys (9 L1, 0 L2) in 18.9 ms (external_request_id=chatcmpl-be48fc88a711ab62-97b78934, prefetch_request_id=-1) [3m(storage_manager.py:726:lmcache.v1.distributed.storage_manager)[0m
[32;20m[2026-09-29 17:04:27,249] LMCache INFO:[0m Prefetch request completed (L1+L2): 10/11 retained keys (10 L1, 0 L2) in 18.7 ms (external_request_id=chatcmpl-b27e3d02e1e83f83-80f8a3a6, prefetch_request_id=-1) [3m(storage_manager.py:726:lmcache.v1.distributed.storage_manager)[0m
[32;20m[2026-09-29 17:04:27,249] LMCache INFO:[0m Prefetch request completed (L1+L2): 9/11 retained keys (9 L1, 0 L2) in 18.1 ms (external_request_id=chatcmpl-84e9161754128de1-9e79285d, prefetch_request_id=-1) [3m(storage_manager.py:726:lmcache.v1.distributed.storage_manager)[0m
[32;20m[2026-09-29 17:04:27,249] LMCache INFO:[0m Prefetch request completed (L1+L2): 9/11 retained keys (9 L1, 0 L2) in 18.1 ms (external_request_id=chatcmpl-b3eae17e897cdf2f-b66f47ff, prefetch_request_id=-1) [3m(storage_manager.py:726:lmcache.v1.distributed.storage_manager)[0m
[32;20m[2026-09-29 17:04:27,249] LMCache INFO:[0m Prefetch request completed (L1+L2): 9/10 retained keys (9 L1, 0 L2) in 17.3 ms (external_request_id=chatcmpl-a93f817c63e7d42c-8877659e, prefetch_request_id=-1) [3m(storage_manager.py:726:lmcache.v1.distributed.storage_manager)[0m
[32;20m[2026-09-29 17:04:27,250] LMCache INFO:[0m Prefetch request completed (L1+L2): 9/10 retained keys (9 L1, 0 L2) in 17.8 ms (external_request_id=chatcmpl-b8bb140465f0c813-8d7e5326, prefetch_request_id=-1) [3m(storage_manager.py:726:lmcache.v1.distributed.storage_manager)[0m
[32;20m[2026-09-29 17:04:27,250] LMCache INFO:[0m Prefetch request completed (L1+L2): 9/11 retained keys (9 L1, 0 L2) in 17.7 ms (external_request_id=chatcmpl-88f0316ae51439dc-80957421, prefetch_request_id=-1) [3m(storage_manager.py:726:lmcache.v1.distributed.storage_manager)[0m
[32;20m[2026-09-29 17:04:27,250] LMCache INFO:[0m Prefetch request completed (L1+L2): 10/13 retained keys (10 L1, 0 L2) in 17.6 ms (external_request_id=chatcmpl-8cd7834964502008-ad2e74f9, prefetch_request_id=-1) [3m(storage_manager.py:726:lmcache.v1.distributed.storage_manager)[0m
[32;20m[2026-09-29 17:04:27,250] LMCache INFO:[0m Prefetch request completed (L1+L2): 9/10 retained keys (9 L1, 0 L2) in 17.5 ms (external_request_id=chatcmpl-af30fabc2a09fa76-a31de7f4, prefetch_request_id=-1) [3m(storage_manager.py:726:lmcache.v1.distributed.storage_manager)[0m
[32;20m[2026-09-29 17:04:27,250] LMCache INFO:[0m Prefetch request completed (L1+L2): 12/13 retained keys (12 L1, 0 L2) in 17.2 ms (external_request_id=chatcmpl-8be524442e71e157-91f9f079, prefetch_request_id=-1) [3m(storage_manager.py:726:lmcache.v1.distributed.storage_manager)[0m
[32;20m[2026-09-29 17:04:27,250] LMCache INFO:[0m Prefetch request completed (L1+L2): 9/12 retained keys (9 L1, 0 L2) in 16.9 ms (external_request_id=chatcmpl-af8e114babbae9ce-a739a9db, prefetch_request_id=-1) [3m(storage_manager.py:726:lmcache.v1.distributed.storage_manager)[0m
[32;20m[2026-09-29 17:04:27,251] LMCache INFO:[0m Prefetch request completed (L1+L2): 10/10 retained keys (10 L1, 0 L2) in 16.5 ms (external_request_id=chatcmpl-a7b6436d263f7d19-9596981e, prefetch_request_id=-1) [3m(storage_manager.py:726:lmcache.v1.distributed.storage_manager)[0m
[32;20m[2026-09-29 17:04:27,251] LMCache INFO:[0m Prefetch request completed (L1+L2): 12/13 retained keys (12 L1, 0 L2) in 16.5 ms (external_request_id=chatcmpl-843d6eef5bfef405-9f5a1b5d, prefetch_request_id=-1) [3m(storage_manager.py:726:lmcache.v1.distributed.storage_manager)[0m
[32;20m[2026-09-29 17:04:27,251] LMCache INFO:[0m Prefetch request completed (L1+L2): 10/10 retained keys (10 L1, 0 L2) in 16.0 ms (external_request_id=chatcmpl-b0c74e7bebd02968-939f2e65, prefetch_request_id=-1) [3m(storage_manager.py:726:lmcache.v1.distributed.storage_manager)[0m
[32;20m[2026-09-29 17:04:27,251] LMCache INFO:[0m Prefetch request completed (L1+L2): 11/13 retained keys (11 L1, 0 L2) in 16.1 ms (external_request_id=chatcmpl-bfef212d6e819e23-99975b72, prefetch_request_id=-1) [3m(storage_manager.py:726:lmcache.v1.distributed.storage_manager)[0m
[32;20m[2026-09-29 17:04:27,251] LMCache INFO:[0m Prefetch request completed (L1+L2): 10/11 retained keys (10 L1, 0 L2) in 15.4 ms (external_request_id=chatcmpl-b2ea0926b5032a87-a4132a5f, prefetch_request_id=-1) [3m(storage_manager.py:726:lmcache.v1.distributed.storage_manager)[0m
[32;20m[2026-09-29 17:04:27,251] LMCache INFO:[0m Prefetch request completed (L1+L2): 10/11 retained keys (10 L1, 0 L2) in 15.3 ms (external_request_id=chatcmpl-a72ca0390d303739-9d5b8ecc, prefetch_request_id=-1) [3m(storage_manager.py:726:lmcache.v1.distributed.storage_manager)[0m
[32;20m[2026-09-29 17:04:27,251] LMCache INFO:[0m Prefetch request completed (L1+L2): 10/12 retained keys (10 L1, 0 L2) in 15.2 ms (external_request_id=chatcmpl-a38d02b62f464ee3-be1e93c2, prefetch_request_id=-1) [3m(storage_manager.py:726:lmcache.v1.distributed.storage_manager)[0m
[32;20m[2026-09-29 17:04:27,281] LMCache INFO:[0m Stored 768 tokens in 0.001 seconds [3m(lmcache_driven_transfer.py:1276:lmcache.v1.multiprocess.modules.lmcache_driven_transfer)[0m
[32;20m[2026-09-29 17:04:27,323] LMCache INFO:[0m Stored 256 tokens in 0.001 seconds [3m(lmcache_driven_transfer.py:1276:lmcache.v1.multiprocess.modules.lmcache_driven_transfer)[0m
[32;20m[2026-09-29 17:04:27,515] LMCache INFO:[0m Stored 512 tokens in 0.001 seconds [3m(lmcache_driven_transfer.py:1276:lmcache.v1.multiprocess.modules.lmcache_driven_transfer)[0m
[32;20m[2026-09-29 17:04:27,684] LMCache INFO:[0m Stored 256 tokens in 0.001 seconds [3m(lmcache_driven_transfer.py:1276:lmcache.v1.multiprocess.modules.lmcache_driven_transfer)[0m
[32;20m[2026-09-29 17:04:27,815] LMCache INFO:[0m Stored 512 tokens in 0.001 seconds [3m(lmcache_driven_transfer.py:1276:lmcache.v1.multiprocess.modules.lmcache_driven_transfer)[0m
[32;20m[2026-09-29 17:04:28,002] LMCache INFO:[0m Stored 256 tokens in 0.002 seconds [3m(lmcache_driven_transfer.py:1276:lmcache.v1.multiprocess.modules.lmcache_driven_transfer)[0m
[32;20m[2026-09-29 17:04:28,003] LMCache INFO:[0m Stored 256 tokens in 0.001 seconds [3m(lmcache_driven_transfer.py:1276:lmcache.v1.multiprocess.modules.lmcache_driven_transfer)[0m
[32;20m[2026-09-29 17:04:28,085] LMCache INFO:[0m Stored 256 tokens in 0.001 seconds [3m(lmcache_driven_transfer.py:1276:lmcache.v1.multiprocess.modules.lmcache_driven_transfer)[0m
[32;20m[2026-09-29 17:04:28,156] LMCache INFO:[0m Stored 512 tokens in 0.001 seconds [3m(lmcache_driven_transfer.py:1276:lmcache.v1.multiprocess.modules.lmcache_driven_transfer)[0m
[32;20m[2026-09-29 17:04:28,442] LMCache INFO:[0m Stored 512 tokens in 0.002 seconds [3m(lmcache_driven_transfer.py:1276:lmcache.v1.multiprocess.modules.lmcache_driven_transfer)[0m
[32;20m[2026-09-29 17:04:28,566] LMCache INFO:[0m Stored 256 tokens in 0.001 seconds [3m(lmcache_driven_transfer.py:1276:lmcache.v1.multiprocess.modules.lmcache_driven_transfer)[0m
[32;20m[2026-09-29 17:04:28,635] LMCache INFO:[0m Stored 256 tokens in 0.001 seconds [3m(lmcache_driven_transfer.py:1276:lmcache.v1.multiprocess.modules.lmcache_driven_transfer)[0m
[32;20m[2026-09-29 17:04:28,636] LMCache INFO:[0m Stored 512 tokens in 0.001 seconds [3m(lmcache_driven_transfer.py:1276:lmcache.v1.multiprocess.modules.lmcache_driven_transfer)[0m
[32;20m[2026-09-29 17:04:28,781] LMCache INFO:[0m Stored 768 tokens in 0.004 seconds [3m(lmcache_driven_transfer.py:1276:lmcache.v1.multiprocess.modules.lmcache_driven_transfer)[0m
[32;20m[2026-09-29 17:04:28,812] LMCache INFO:[0m Stored 256 tokens in 0.001 seconds [3m(lmcache_driven_transfer.py:1276:lmcache.v1.multiprocess.modules.lmcache_driven_transfer)[0m
[32;20m[2026-09-29 17:04:28,961] LMCache INFO:[0m Stored 256 tokens in 0.001 seconds [3m(lmcache_driven_transfer.py:1276:lmcache.v1.multiprocess.modules.lmcache_driven_transfer)[0m
[32;20m[2026-09-29 17:04:29,038] LMCache INFO:[0m Stored 256 tokens in 0.001 seconds [3m(lmcache_driven_transfer.py:1276:lmcache.v1.multiprocess.modules.lmcache_driven_transfer)[0m
[32;20m[2026-09-29 17:04:29,359] LMCache INFO:[0m Stored 768 tokens in 0.002 seconds [3m(lmcache_driven_transfer.py:1276:lmcache.v1.multiprocess.modules.lmcache_driven_transfer)[0m
[32;20m[2026-09-29 17:04:29,483] LMCache INFO:[0m Stored 256 tokens in 0.001 seconds [3m(lmcache_driven_transfer.py:1276:lmcache.v1.multiprocess.modules.lmcache_driven_transfer)[0m
[32;20m[2026-09-29 17:04:29,577] LMCache INFO:[0m Stored 256 tokens in 0.001 seconds [3m(lmcache_driven_transfer.py:1276:lmcache.v1.multiprocess.modules.lmcache_driven_transfer)[0m
[32;20m[2026-09-29 17:04:29,689] LMCache INFO:[0m Stored 512 tokens in 0.001 seconds [3m(lmcache_driven_transfer.py:1276:lmcache.v1.multiprocess.modules.lmcache_driven_transfer)[0m
[32;20m[2026-09-29 17:04:29,690] LMCache INFO:[0m Stored 256 tokens in 0.001 seconds [3m(lmcache_driven_transfer.py:1276:lmcache.v1.multiprocess.modules.lmcache_driven_transfer)[0m
[32;20m[2026-09-29 17:04:29,835] LMCache INFO:[0m Stored 256 tokens in 0.002 seconds [3m(lmcache_driven_transfer.py:1276:lmcache.v1.multiprocess.modules.lmcache_driven_transfer)[0m
[32;20m[2026-09-29 17:04:29,983] LMCache INFO:[0m Stored 512 tokens in 0.001 seconds [3m(lmcache_driven_transfer.py:1276:lmcache.v1.multiprocess.modules.lmcache_driven_transfer)[0m
[32;20m[2026-09-29 17:04:30,034] LMCache INFO:[0m Stored 256 tokens in 0.001 seconds [3m(lmcache_driven_transfer.py:1276:lmcache.v1.multiprocess.modules.lmcache_driven_transfer)[0m
[32;20m[2026-09-29 17:04:30,155] LMCache INFO:[0m Prefetch request completed (L1+L2): 9/11 retained keys (9 L1, 0 L2) in 2902.9 ms (external_request_id=chatcmpl-a49b7d2f29339714-ab259a94, prefetch_request_id=-1) [3m(storage_manager.py:726:lmcache.v1.distributed.storage_manager)[0m
[32;20m[2026-09-29 17:04:30,175] LMCache INFO:[0m Prefetch request completed (L1+L2): 9/10 retained keys (9 L1, 0 L2) in 19.1 ms (external_request_id=chatcmpl-8dddffb30bebb04e-b13cdb88, prefetch_request_id=-1) [3m(storage_manager.py:726:lmcache.v1.distributed.storage_manager)[0m
[32;20m[2026-09-29 17:04:30,175] LMCache INFO:[0m Prefetch request completed (L1+L2): 9/11 retained keys (9 L1, 0 L2) in 19.2 ms (external_request_id=chatcmpl-845808b5f5ec5521-be6a260c, prefetch_request_id=-1) [3m(storage_manager.py:726:lmcache.v1.distributed.storage_manager)[0m
[32;20m[2026-09-29 17:04:30,176] LMCache INFO:[0m Prefetch request completed (L1+L2): 10/11 retained keys (10 L1, 0 L2) in 19.2 ms (external_request_id=chatcmpl-97c90080be043103-bae1523e, prefetch_request_id=-1) [3m(storage_manager.py:726:lmcache.v1.distributed.storage_manager)[0m
[32;20m[2026-09-29 17:04:30,176] LMCache INFO:[0m Prefetch request completed (L1+L2): 9/9 retained keys (9 L1, 0 L2) in 19.0 ms (external_request_id=chatcmpl-82d750c2828686b0-983ce9aa, prefetch_request_id=-1) [3m(storage_manager.py:726:lmcache.v1.distributed.storage_manager)[0m
[32;20m[2026-09-29 17:04:30,176] LMCache INFO:[0m Prefetch request completed (L1+L2): 9/10 retained keys (9 L1, 0 L2) in 18.7 ms (external_request_id=chatcmpl-ab671b322c0835b5-be67f343, prefetch_request_id=-1) [3m(storage_manager.py:726:lmcache.v1.distributed.storage_manager)[0m
[32;20m[2026-09-29 17:04:30,176] LMCache INFO:[0m Prefetch request completed (L1+L2): 9/11 retained keys (9 L1, 0 L2) in 18.5 ms (external_request_id=chatcmpl-b563ab43a6f749e6-80d61b64, prefetch_request_id=-1) [3m(storage_manager.py:726:lmcache.v1.distributed.storage_manager)[0m
[32;20m[2026-09-29 17:04:30,176] LMCache INFO:[0m Prefetch request completed (L1+L2): 9/10 retained keys (9 L1, 0 L2) in 17.9 ms (external_request_id=chatcmpl-b680a5d121c8c738-b3b6fffd, prefetch_request_id=-1) [3m(storage_manager.py:726:lmcache.v1.distributed.storage_manager)[0m
[32;20m[2026-09-29 17:04:30,177] LMCache INFO:[0m Prefetch request completed (L1+L2): 9/12 retained keys (9 L1, 0 L2) in 18.1 ms (external_request_id=chatcmpl-b9f64d5e6aa9a548-9b957704, prefetch_request_id=-1) [3m(storage_manager.py:726:lmcache.v1.distributed.storage_manager)[0m
[32;20m[2026-09-29 17:04:30,177] LMCache INFO:[0m Prefetch request completed (L1+L2): 10/12 retained keys (10 L1, 0 L2) in 17.8 ms (external_request_id=chatcmpl-ae2003235ec42d63-9ce4630d, prefetch_request_id=-1) [3m(storage_manager.py:726:lmcache.v1.distributed.storage_manager)[0m
[32;20m[2026-09-29 17:04:30,177] LMCache INFO:[0m Prefetch request completed (L1+L2): 9/9 retained keys (9 L1, 0 L2) in 17.6 ms (external_request_id=chatcmpl-9812c6927a9dc59f-99ff3f50, prefetch_request_id=-1) [3m(storage_manager.py:726:lmcache.v1.distributed.storage_manager)[0m
[32;20m[2026-09-29 17:04:30,177] LMCache INFO:[0m Prefetch request completed (L1+L2): 12/13 retained keys (12 L1, 0 L2) in 17.4 ms (external_request_id=chatcmpl-a0353168295de3dd-abf11d24, prefetch_request_id=-1) [3m(storage_manager.py:726:lmcache.v1.distributed.storage_manager)[0m
[32;20m[2026-09-29 17:04:30,177] LMCache INFO:[0m Prefetch request completed (L1+L2): 9/10 retained keys (9 L1, 0 L2) in 17.3 ms (external_request_id=chatcmpl-a32e2f0cb679eebe-9d2ed242, prefetch_request_id=-1) [3m(storage_manager.py:726:lmcache.v1.distributed.storage_manager)[0m
[32;20m[2026-09-29 17:04:30,177] LMCache INFO:[0m Prefetch request completed (L1+L2): 10/12 retained keys (10 L1, 0 L2) in 16.6 ms (external_request_id=chatcmpl-a4f8b5c534421ba8-8544288b, prefetch_request_id=-1) [3m(storage_manager.py:726:lmcache.v1.distributed.storage_manager)[0m
[32;20m[2026-09-29 17:04:30,178] LMCache INFO:[0m Prefetch request completed (L1+L2): 12/15 retained keys (12 L1, 0 L2) in 16.4 ms (external_request_id=chatcmpl-bdf4902595a0d57b-ade97c56, prefetch_request_id=-1) [3m(storage_manager.py:726:lmcache.v1.distributed.storage_manager)[0m
[32;20m[2026-09-29 17:04:30,178] LMCache INFO:[0m Prefetch request completed (L1+L2): 10/11 retained keys (10 L1, 0 L2) in 16.2 ms (external_request_id=chatcmpl-9053c81d5a3cf0f3-a3c6541f, prefetch_request_id=-1) [3m(storage_manager.py:726:lmcache.v1.distributed.storage_manager)[0m
[32;20m[2026-09-29 17:04:30,178] LMCache INFO:[0m Prefetch request completed (L1+L2): 11/11 retained keys (11 L1, 0 L2) in 15.9 ms (external_request_id=chatcmpl-aba94975afddbd81-a33a0d55, prefetch_request_id=-1) [3m(storage_manager.py:726:lmcache.v1.distributed.storage_manager)[0m
[32;20m[2026-09-29 17:04:30,178] LMCache INFO:[0m Prefetch request completed (L1+L2): 10/11 retained keys (10 L1, 0 L2) in 16.1 ms (external_request_id=chatcmpl-a8ab699025dbb684-9260e320, prefetch_request_id=-1) [3m(storage_manager.py:726:lmcache.v1.distributed.storage_manager)[0m
[32;20m[2026-09-29 17:04:30,178] LMCache INFO:[0m Prefetch request completed (L1+L2): 10/12 retained keys (10 L1, 0 L2) in 15.8 ms (external_request_id=chatcmpl-bad81617d979ff24-ae43ee35, prefetch_request_id=-1) [3m(storage_manager.py:726:lmcache.v1.distributed.storage_manager)[0m
[32;20m[2026-09-29 17:04:30,179] LMCache INFO:[0m Prefetch request completed (L1+L2): 10/12 retained keys (10 L1, 0 L2) in 15.2 ms (external_request_id=chatcmpl-b108360d9612b26c-a43fb8a4, prefetch_request_id=-1) [3m(storage_manager.py:726:lmcache.v1.distributed.storage_manager)[0m
[32;20m[2026-09-29 17:04:30,179] LMCache INFO:[0m Prefetch request completed (L1+L2): 9/10 retained keys (9 L1, 0 L2) in 15.1 ms (external_request_id=chatcmpl-b4f557543dd59d86-900b6cdf, prefetch_request_id=-1) [3m(storage_manager.py:726:lmcache.v1.distributed.storage_manager)[0m
[32;20m[2026-09-29 17:04:30,179] LMCache INFO:[0m Prefetch request completed (L1+L2): 9/10 retained keys (9 L1, 0 L2) in 15.0 ms (external_request_id=chatcmpl-95006b415071df1c-8ace0af1, prefetch_request_id=-1) [3m(storage_manager.py:726:lmcache.v1.distributed.storage_manager)[0m
[32;20m[2026-09-29 17:04:30,179] LMCache INFO:[0m Prefetch request completed (L1+L2): 9/10 retained keys (9 L1, 0 L2) in 14.8 ms (external_request_id=chatcmpl-8d7c2e1072af0de4-a054d355, prefetch_request_id=-1) [3m(storage_manager.py:726:lmcache.v1.distributed.storage_manager)[0m
[32;20m[2026-09-29 17:04:30,179] LMCache INFO:[0m Prefetch request completed (L1+L2): 10/11 retained keys (10 L1, 0 L2) in 14.7 ms (external_request_id=chatcmpl-960056a79764bdf3-b96bde25, prefetch_request_id=-1) [3m(storage_manager.py:726:lmcache.v1.distributed.storage_manager)[0m
[32;20m[2026-09-29 17:04:30,210] LMCache INFO:[0m Stored 512 tokens in 0.002 seconds [3m(lmcache_driven_transfer.py:1276:lmcache.v1.multiprocess.modules.lmcache_driven_transfer)[0m
[32;20m[2026-09-29 17:04:30,245] LMCache INFO:[0m Stored 256 tokens in 0.001 seconds [3m(lmcache_driven_transfer.py:1276:lmcache.v1.multiprocess.modules.lmcache_driven_transfer)[0m
[32;20m[2026-09-29 17:04:30,312] LMCache INFO:[0m Stored 256 tokens in 0.001 seconds [3m(lmcache_driven_transfer.py:1276:lmcache.v1.multiprocess.modules.lmcache_driven_transfer)[0m
[32;20m[2026-09-29 17:04:30,361] LMCache INFO:[0m Stored 512 tokens in 0.001 seconds [3m(lmcache_driven_transfer.py:1276:lmcache.v1.multiprocess.modules.lmcache_driven_transfer)[0m
[32;20m[2026-09-29 17:04:30,591] LMCache INFO:[0m Stored 256 tokens in 0.001 seconds [3m(lmcache_driven_transfer.py:1276:lmcache.v1.multiprocess.modules.lmcache_driven_transfer)[0m
[32;20m[2026-09-29 17:04:30,756] LMCache INFO:[0m Stored 256 tokens in 0.002 seconds [3m(lmcache_driven_transfer.py:1276:lmcache.v1.multiprocess.modules.lmcache_driven_transfer)[0m
[32;20m[2026-09-29 17:04:30,829] LMCache INFO:[0m Stored 512 tokens in 0.002 seconds [3m(lmcache_driven_transfer.py:1276:lmcache.v1.multiprocess.modules.lmcache_driven_transfer)[0m
[32;20m[2026-09-29 17:04:30,861] LMCache INFO:[0m Stored 256 tokens in 0.001 seconds [3m(lmcache_driven_transfer.py:1276:lmcache.v1.multiprocess.modules.lmcache_driven_transfer)[0m
[32;20m[2026-09-29 17:04:31,068] LMCache INFO:[0m Stored 768 tokens in 0.001 seconds [3m(lmcache_driven_transfer.py:1276:lmcache.v1.multiprocess.modules.lmcache_driven_transfer)[0m
[32;20m[2026-09-29 17:04:31,170] LMCache INFO:[0m Stored 512 tokens in 0.001 seconds [3m(lmcache_driven_transfer.py:1276:lmcache.v1.multiprocess.modules.lmcache_driven_transfer)[0m
[32;20m[2026-09-29 17:04:31,307] LMCache INFO:[0m Stored 256 tokens in 0.001 seconds [3m(lmcache_driven_transfer.py:1276:lmcache.v1.multiprocess.modules.lmcache_driven_transfer)[0m
[32;20m[2026-09-29 17:04:31,695] LMCache INFO:[0m Stored 256 tokens in 0.002 seconds [3m(lmcache_driven_transfer.py:1276:lmcache.v1.multiprocess.modules.lmcache_driven_transfer)[0m
[32;20m[2026-09-29 17:04:31,697] LMCache INFO:[0m Stored 256 tokens in 0.001 seconds [3m(lmcache_driven_transfer.py:1276:lmcache.v1.multiprocess.modules.lmcache_driven_transfer)[0m
[32;20m[2026-09-29 17:04:31,818] LMCache INFO:[0m Stored 512 tokens in 0.002 seconds [3m(lmcache_driven_transfer.py:1276:lmcache.v1.multiprocess.modules.lmcache_driven_transfer)[0m
[32;20m[2026-09-29 17:04:31,852] LMCache INFO:[0m Stored 768 tokens in 0.001 seconds [3m(lmcache_driven_transfer.py:1276:lmcache.v1.multiprocess.modules.lmcache_driven_transfer)[0m
[32;20m[2026-09-29 17:04:31,854] LMCache INFO:[0m Stored 256 tokens in 0.001 seconds [3m(lmcache_driven_transfer.py:1276:lmcache.v1.multiprocess.modules.lmcache_driven_transfer)[0m
[32;20m[2026-09-29 17:04:32,141] LMCache INFO:[0m Stored 256 tokens in 0.002 seconds [3m(lmcache_driven_transfer.py:1276:lmcache.v1.multiprocess.modules.lmcache_driven_transfer)[0m
[32;20m[2026-09-29 17:04:32,173] LMCache INFO:[0m Stored 512 tokens in 0.001 seconds [3m(lmcache_driven_transfer.py:1276:lmcache.v1.multiprocess.modules.lmcache_driven_transfer)[0m
[32;20m[2026-09-29 17:04:32,574] LMCache INFO:[0m Stored 512 tokens in 0.001 seconds [3m(lmcache_driven_transfer.py:1276:lmcache.v1.multiprocess.modules.lmcache_driven_transfer)[0m
[32;20m[2026-09-29 17:04:32,660] LMCache INFO:[0m Stored 256 tokens in 0.001 seconds [3m(lmcache_driven_transfer.py:1276:lmcache.v1.multiprocess.modules.lmcache_driven_transfer)[0m
INFO:     172.26.132.42:64244 - "GET /metrics HTTP/1.1" 200 OK
[32;20m[2026-09-29 17:04:32,748] LMCache INFO:[0m Stored 256 tokens in 0.001 seconds [3m(lmcache_driven_transfer.py:1276:lmcache.v1.multiprocess.modules.lmcache_driven_transfer)[0m
[32;20m[2026-09-29 17:04:32,877] LMCache INFO:[0m Stored 256 tokens in 0.002 seconds [3m(lmcache_driven_transfer.py:1276:lmcache.v1.multiprocess.modules.lmcache_driven_transfer)[0m
[32;20m[2026-09-29 17:04:32,907] LMCache INFO:[0m Stored 256 tokens in 0.001 seconds [3m(lmcache_driven_transfer.py:1276:lmcache.v1.multiprocess.modules.lmcache_driven_transfer)[0m
[32;20m[2026-09-29 17:04:33,049] LMCache INFO:[0m Prefetch request completed (L1+L2): 9/10 retained keys (9 L1, 0 L2) in 17.9 ms (external_request_id=chatcmpl-ac677e75d9d7cf37-835ea20e, prefetch_request_id=-1) [3m(storage_manager.py:726:lmcache.v1.distributed.storage_manager)[0m
[32;20m[2026-09-29 17:04:33,049] LMCache INFO:[0m Prefetch request completed (L1+L2): 9/10 retained keys (9 L1, 0 L2) in 17.7 ms (external_request_id=chatcmpl-a718da8278d1d6d5-956ea65b, prefetch_request_id=-1) [3m(storage_manager.py:726:lmcache.v1.distributed.storage_manager)[0m
[32;20m[2026-09-29 17:04:33,049] LMCache INFO:[0m Prefetch request completed (L1+L2): 9/11 retained keys (9 L1, 0 L2) in 17.5 ms (external_request_id=chatcmpl-b310700346bc5a5d-8d429f0e, prefetch_request_id=-1) [3m(storage_manager.py:726:lmcache.v1.distributed.storage_manager)[0m
[32;20m[2026-09-29 17:04:33,049] LMCache INFO:[0m Prefetch request completed (L1+L2): 9/10 retained keys (9 L1, 0 L2) in 16.4 ms (external_request_id=chatcmpl-adebbcbee4895c64-b9160bee, prefetch_request_id=-1) [3m(storage_manager.py:726:lmcache.v1.distributed.storage_manager)[0m
[32;20m[2026-09-29 17:04:33,050] LMCache INFO:[0m Prefetch request completed (L1+L2): 9/10 retained keys (9 L1, 0 L2) in 16.4 ms (external_request_id=chatcmpl-b4b0e1f0ec80db51-82d6ed8a, prefetch_request_id=-1) [3m(storage_manager.py:726:lmcache.v1.distributed.storage_manager)[0m
[32;20m[2026-09-29 17:04:33,050] LMCache INFO:[0m Prefetch request completed (L1+L2): 10/12 retained keys (10 L1, 0 L2) in 16.3 ms (external_request_id=chatcmpl-9fad6ba79c684155-b55de1a8, prefetch_request_id=-1) [3m(storage_manager.py:726:lmcache.v1.distributed.storage_manager)[0m
[32;20m[2026-09-29 17:04:33,050] LMCache INFO:[0m Prefetch request completed (L1+L2): 9/9 retained keys (9 L1, 0 L2) in 16.2 ms (external_request_id=chatcmpl-8d1396216bc4bece-b5644d41, prefetch_request_id=-1) [3m(storage_manager.py:726:lmcache.v1.distributed.storage_manager)[0m
[32;20m[2026-09-29 17:04:33,050] LMCache INFO:[0m Prefetch request completed (L1+L2): 12/14 retained keys (12 L1, 0 L2) in 16.1 ms (external_request_id=chatcmpl-a70dbada30e65baa-b6293eef, prefetch_request_id=-1) [3m(storage_manager.py:726:lmcache.v1.distributed.storage_manager)[0m
[32;20m[2026-09-29 17:04:33,050] LMCache INFO:[0m Prefetch request completed (L1+L2): 9/11 retained keys (9 L1, 0 L2) in 15.4 ms (external_request_id=chatcmpl-b836a897744545de-be28376c, prefetch_request_id=-1) [3m(storage_manager.py:726:lmcache.v1.distributed.storage_manager)[0m
[32;20m[2026-09-29 17:04:33,050] LMCache INFO:[0m Prefetch request completed (L1+L2): 10/10 retained keys (10 L1, 0 L2) in 15.4 ms (external_request_id=chatcmpl-a4c134f62022cd27-8ad5f480, prefetch_request_id=-1) [3m(storage_manager.py:726:lmcache.v1.distributed.storage_manager)[0m
[32;20m[2026-09-29 17:04:33,051] LMCache INFO:[0m Prefetch request completed (L1+L2): 12/13 retained keys (12 L1, 0 L2) in 15.5 ms (external_request_id=chatcmpl-8bbd21de536033bf-8ba2d69c, prefetch_request_id=-1) [3m(storage_manager.py:726:lmcache.v1.distributed.storage_manager)[0m
[32;20m[2026-09-29 17:04:33,051] LMCache INFO:[0m Prefetch request completed (L1+L2): 10/12 retained keys (10 L1, 0 L2) in 15.4 ms (external_request_id=chatcmpl-8fda1985e4ae0809-af5a0696, prefetch_request_id=-1) [3m(storage_manager.py:726:lmcache.v1.distributed.storage_manager)[0m
[32;20m[2026-09-29 17:04:33,051] LMCache INFO:[0m Prefetch request completed (L1+L2): 11/11 retained keys (11 L1, 0 L2) in 14.9 ms (external_request_id=chatcmpl-8c83cdcccaf5389d-83d864fd, prefetch_request_id=-1) [3m(storage_manager.py:726:lmcache.v1.distributed.storage_manager)[0m
[32;20m[2026-09-29 17:04:33,051] LMCache INFO:[0m Prefetch request completed (L1+L2): 10/11 retained keys (10 L1, 0 L2) in 14.7 ms (external_request_id=chatcmpl-93b4daff9aa61084-a2b4c816, prefetch_request_id=-1) [3m(storage_manager.py:726:lmcache.v1.distributed.storage_manager)[0m
[32;20m[2026-09-29 17:04:33,051] LMCache INFO:[0m Prefetch request completed (L1+L2): 10/11 retained keys (10 L1, 0 L2) in 14.4 ms (external_request_id=chatcmpl-a16ad8734efa877f-ac8238a7, prefetch_request_id=-1) [3m(storage_manager.py:726:lmcache.v1.distributed.storage_manager)[0m
[32;20m[2026-09-29 17:04:33,051] LMCache INFO:[0m Prefetch request completed (L1+L2): 10/12 retained keys (10 L1, 0 L2) in 14.2 ms (external_request_id=chatcmpl-8c3a8a88f70c222d-ba10701c, prefetch_request_id=-1) [3m(storage_manager.py:726:lmcache.v1.distributed.storage_manager)[0m
[32;20m[2026-09-29 17:04:33,052] LMCache INFO:[0m Prefetch request completed (L1+L2): 9/13 retained keys (9 L1, 0 L2) in 14.1 ms (external_request_id=chatcmpl-b86dfe39fb1cc2f5-8625b0b7, prefetch_request_id=-1) [3m(storage_manager.py:726:lmcache.v1.distributed.storage_manager)[0m
[32;20m[2026-09-29 17:04:33,052] LMCache INFO:[0m Prefetch request completed (L1+L2): 9/12 retained keys (9 L1, 0 L2) in 13.8 ms (external_request_id=chatcmpl-8e524607c1bb0878-9c216083, prefetch_request_id=-1) [3m(storage_manager.py:726:lmcache.v1.distributed.storage_manager)[0m
[32;20m[2026-09-29 17:04:33,052] LMCache INFO:[0m Prefetch request completed (L1+L2): 9/9 retained keys (9 L1, 0 L2) in 13.3 ms (external_request_id=chatcmpl-b2053609002d0ea4-898641ad, prefetch_request_id=-1) [3m(storage_manager.py:726:lmcache.v1.distributed.storage_manager)[0m
[32;20m[2026-09-29 17:04:33,052] LMCache INFO:[0m Prefetch request completed (L1+L2): 10/11 retained keys (10 L1, 0 L2) in 13.3 ms (external_request_id=chatcmpl-ad586c1b04415a9c-8b2e9fb6, prefetch_request_id=-1) [3m(storage_manager.py:726:lmcache.v1.distributed.storage_manager)[0m
[32;20m[2026-09-29 17:04:33,052] LMCache INFO:[0m Prefetch request completed (L1+L2): 9/11 retained keys (9 L1, 0 L2) in 13.3 ms (external_request_id=chatcmpl-9ed9cad316eabac6-a1ed839f, prefetch_request_id=-1) [3m(storage_manager.py:726:lmcache.v1.distributed.storage_manager)[0m
[32;20m[2026-09-29 17:04:33,052] LMCache INFO:[0m Prefetch request completed (L1+L2): 9/9 retained keys (9 L1, 0 L2) in 13.2 ms (external_request_id=chatcmpl-b387f48d01fab8de-9df068a4, prefetch_request_id=-1) [3m(storage_manager.py:726:lmcache.v1.distributed.storage_manager)[0m
[32;20m[2026-09-29 17:04:33,053] LMCache INFO:[0m Prefetch request completed (L1+L2): 9/10 retained keys (9 L1, 0 L2) in 12.9 ms (external_request_id=chatcmpl-ad2d2a33187fa698-ade81fc7, prefetch_request_id=-1) [3m(storage_manager.py:726:lmcache.v1.distributed.storage_manager)[0m
[32;20m[2026-09-29 17:04:33,053] LMCache INFO:[0m Prefetch request completed (L1+L2): 9/12 retained keys (9 L1, 0 L2) in 12.7 ms (external_request_id=chatcmpl-ba750cb5ebb4c42b-95ceab5e, prefetch_request_id=-1) [3m(storage_manager.py:726:lmcache.v1.distributed.storage_manager)[0m
[32;20m[2026-09-29 17:04:33,097] LMCache INFO:[0m Stored 256 tokens in 0.001 seconds [3m(lmcache_driven_transfer.py:1276:lmcache.v1.multiprocess.modules.lmcache_driven_transfer)[0m
[32;20m[2026-09-29 17:04:33,224] LMCache INFO:[0m Stored 256 tokens in 0.001 seconds [3m(lmcache_driven_transfer.py:1276:lmcache.v1.multiprocess.modules.lmcache_driven_transfer)[0m
[32;20m[2026-09-29 17:04:33,292] LMCache INFO:[0m Stored 512 tokens in 0.002 seconds [3m(lmcache_driven_transfer.py:1276:lmcache.v1.multiprocess.modules.lmcache_driven_transfer)[0m
[32;20m[2026-09-29 17:04:33,325] LMCache INFO:[0m Stored 256 tokens in 0.001 seconds [3m(lmcache_driven_transfer.py:1276:lmcache.v1.multiprocess.modules.lmcache_driven_transfer)[0m
[32;20m[2026-09-29 17:04:33,526] LMCache INFO:[0m Stored 256 tokens in 0.001 seconds [3m(lmcache_driven_transfer.py:1276:lmcache.v1.multiprocess.modules.lmcache_driven_transfer)[0m
[32;20m[2026-09-29 17:04:33,672] LMCache INFO:[0m Stored 512 tokens in 0.001 seconds [3m(lmcache_driven_transfer.py:1276:lmcache.v1.multiprocess.modules.lmcache_driven_transfer)[0m
[32;20m[2026-09-29 17:04:33,808] LMCache INFO:[0m Stored 512 tokens in 0.001 seconds [3m(lmcache_driven_transfer.py:1276:lmcache.v1.multiprocess.modules.lmcache_driven_transfer)[0m
[32;20m[2026-09-29 17:04:33,938] LMCache INFO:[0m Stored 512 tokens in 0.001 seconds [3m(lmcache_driven_transfer.py:1276:lmcache.v1.multiprocess.modules.lmcache_driven_transfer)[0m
[32;20m[2026-09-29 17:04:34,168] LMCache INFO:[0m Stored 256 tokens in 0.001 seconds [3m(lmcache_driven_transfer.py:1276:lmcache.v1.multiprocess.modules.lmcache_driven_transfer)[0m
[32;20m[2026-09-29 17:04:34,280] LMCache INFO:[0m Stored 512 tokens in 0.001 seconds [3m(lmcache_driven_transfer.py:1276:lmcache.v1.multiprocess.modules.lmcache_driven_transfer)[0m
[32;20m[2026-09-29 17:04:34,662] LMCache INFO:[0m Stored 256 tokens in 0.001 seconds [3m(lmcache_driven_transfer.py:1276:lmcache.v1.multiprocess.modules.lmcache_driven_transfer)[0m
[32;20m[2026-09-29 17:04:34,733] LMCache INFO:[0m Stored 256 tokens in 0.001 seconds [3m(lmcache_driven_transfer.py:1276:lmcache.v1.multiprocess.modules.lmcache_driven_transfer)[0m
[32;20m[2026-09-29 17:04:34,786] LMCache INFO:[0m Stored 512 tokens in 0.002 seconds [3m(lmcache_driven_transfer.py:1276:lmcache.v1.multiprocess.modules.lmcache_driven_transfer)[0m
[32;20m[2026-09-29 17:04:34,819] LMCache INFO:[0m Stored 1024 tokens in 0.002 seconds [3m(lmcache_driven_transfer.py:1276:lmcache.v1.multiprocess.modules.lmcache_driven_transfer)[0m
[32;20m[2026-09-29 17:04:34,874] LMCache INFO:[0m Stored 768 tokens in 0.001 seconds [3m(lmcache_driven_transfer.py:1276:lmcache.v1.multiprocess.modules.lmcache_driven_transfer)[0m
[32;20m[2026-09-29 17:04:35,007] LMCache INFO:[0m L1 memory usage 0.82 above watermark 0.80; triggering eviction. [3m(eviction_controller.py:179:lmcache.v1.distributed.storage_controllers.eviction_controller)[0m
[32;20m[2026-09-29 17:04:35,101] LMCache INFO:[0m Stored 256 tokens in 0.001 seconds [3m(lmcache_driven_transfer.py:1276:lmcache.v1.multiprocess.modules.lmcache_driven_transfer)[0m
[32;20m[2026-09-29 17:04:35,236] LMCache INFO:[0m Stored 512 tokens in 0.002 seconds [3m(lmcache_driven_transfer.py:1276:lmcache.v1.multiprocess.modules.lmcache_driven_transfer)[0m
[32;20m[2026-09-29 17:04:35,458] LMCache INFO:[0m Stored 256 tokens in 0.001 seconds [3m(lmcache_driven_transfer.py:1276:lmcache.v1.multiprocess.modules.lmcache_driven_transfer)[0m
[32;20m[2026-09-29 17:04:35,616] LMCache INFO:[0m Prefetch request completed (L1+L2): 9/11 retained keys (9 L1, 0 L2) in 2563.1 ms (external_request_id=chatcmpl-9ed6a11ebceb3353-a84f2bd1, prefetch_request_id=-1) [3m(storage_manager.py:726:lmcache.v1.distributed.storage_manager)[0m
[32;20m[2026-09-29 17:04:35,654] LMCache INFO:[0m Stored 768 tokens in 0.002 seconds [3m(lmcache_driven_transfer.py:1276:lmcache.v1.multiprocess.modules.lmcache_driven_transfer)[0m
[32;20m[2026-09-29 17:04:35,688] LMCache INFO:[0m Stored 512 tokens in 0.001 seconds [3m(lmcache_driven_transfer.py:1276:lmcache.v1.multiprocess.modules.lmcache_driven_transfer)[0m
[32;20m[2026-09-29 17:04:35,861] LMCache INFO:[0m Prefetch request completed (L1+L2): 10/12 retained keys (10 L1, 0 L2) in 244.1 ms (external_request_id=chatcmpl-a57e83e146f3bfd0-b80f9d90, prefetch_request_id=-1) [3m(storage_manager.py:726:lmcache.v1.distributed.storage_manager)[0m
[32;20m[2026-09-29 17:04:35,862] LMCache INFO:[0m Prefetch request completed (L1+L2): 9/9 retained keys (9 L1, 0 L2) in 244.1 ms (external_request_id=chatcmpl-b3386d0636f63226-ba9ddd67, prefetch_request_id=-1) [3m(storage_manager.py:726:lmcache.v1.distributed.storage_manager)[0m
[32;20m[2026-09-29 17:04:35,862] LMCache INFO:[0m Prefetch request completed (L1+L2): 12/12 retained keys (12 L1, 0 L2) in 243.8 ms (external_request_id=chatcmpl-82f1a8b5c5fbb493-bb7f4fce, prefetch_request_id=-1) [3m(storage_manager.py:726:lmcache.v1.distributed.storage_manager)[0m
[32;20m[2026-09-29 17:04:35,862] LMCache INFO:[0m Prefetch request completed (L1+L2): 9/11 retained keys (9 L1, 0 L2) in 243.8 ms (external_request_id=chatcmpl-850a9ef81352c30b-91e4d1f2, prefetch_request_id=-1) [3m(storage_manager.py:726:lmcache.v1.distributed.storage_manager)[0m
[32;20m[2026-09-29 17:04:35,862] LMCache INFO:[0m Prefetch request completed (L1+L2): 10/11 retained keys (10 L1, 0 L2) in 243.5 ms (external_request_id=chatcmpl-99e6fb707a60aa46-ae5bfedd, prefetch_request_id=-1) [3m(storage_manager.py:726:lmcache.v1.distributed.storage_manager)[0m
[32;20m[2026-09-29 17:04:35,862] LMCache INFO:[0m Prefetch request completed (L1+L2): 12/16 retained keys (12 L1, 0 L2) in 243.1 ms (external_request_id=chatcmpl-af2a1f22550959b9-937df1b3, prefetch_request_id=-1) [3m(storage_manager.py:726:lmcache.v1.distributed.storage_manager)[0m
[32;20m[2026-09-29 17:04:35,863] LMCache INFO:[0m Prefetch request completed (L1+L2): 10/12 retained keys (10 L1, 0 L2) in 242.9 ms (external_request_id=chatcmpl-a18997b983a45226-b8c37be8, prefetch_request_id=-1) [3m(storage_manager.py:726:lmcache.v1.distributed.storage_manager)[0m
[32;20m[2026-09-29 17:04:35,863] LMCache INFO:[0m Prefetch request completed (L1+L2): 11/12 retained keys (11 L1, 0 L2) in 242.5 ms (external_request_id=chatcmpl-8e602b6b8610b496-a7228d64, prefetch_request_id=-1) [3m(storage_manager.py:726:lmcache.v1.distributed.storage_manager)[0m
[32;20m[2026-09-29 17:04:35,863] LMCache INFO:[0m Prefetch request completed (L1+L2): 10/10 retained keys (10 L1, 0 L2) in 242.4 ms (external_request_id=chatcmpl-a8ad1e804eec7afc-9e9b6449, prefetch_request_id=-1) [3m(storage_manager.py:726:lmcache.v1.distributed.storage_manager)[0m
[32;20m[2026-09-29 17:04:35,863] LMCache INFO:[0m Prefetch request completed (L1+L2): 10/10 retained keys (10 L1, 0 L2) in 242.1 ms (external_request_id=chatcmpl-b65f5f84a0f08211-86221449, prefetch_request_id=-1) [3m(storage_manager.py:726:lmcache.v1.distributed.storage_manager)[0m
[32;20m[2026-09-29 17:04:35,863] LMCache INFO:[0m Prefetch request completed (L1+L2): 10/13 retained keys (10 L1, 0 L2) in 241.9 ms (external_request_id=chatcmpl-9aff1dd0dce643d6-8679d711, prefetch_request_id=-1) [3m(storage_manager.py:726:lmcache.v1.distributed.storage_manager)[0m
[32;20m[2026-09-29 17:04:35,863] LMCache INFO:[0m Prefetch request completed (L1+L2): 9/11 retained keys (9 L1, 0 L2) in 241.5 ms (external_request_id=chatcmpl-8a2dc30f4c343882-999c8aab, prefetch_request_id=-1) [3m(storage_manager.py:726:lmcache.v1.distributed.storage_manager)[0m
[32;20m[2026-09-29 17:04:35,864] LMCache INFO:[0m Prefetch request completed (L1+L2): 9/12 retained keys (9 L1, 0 L2) in 241.2 ms (external_request_id=chatcmpl-a1a14b1c63150cb1-bdf05757, prefetch_request_id=-1) [3m(storage_manager.py:726:lmcache.v1.distributed.storage_manager)[0m
[32;20m[2026-09-29 17:04:35,864] LMCache INFO:[0m Prefetch request completed (L1+L2): 9/9 retained keys (9 L1, 0 L2) in 241.2 ms (external_request_id=chatcmpl-85793cbf7176d216-91b3986e, prefetch_request_id=-1) [3m(storage_manager.py:726:lmcache.v1.distributed.storage_manager)[0m
[32;20m[2026-09-29 17:04:35,864] LMCache INFO:[0m Prefetch request completed (L1+L2): 10/11 retained keys (10 L1, 0 L2) in 241.0 ms (external_request_id=chatcmpl-a417854d28812bf6-ac339d76, prefetch_request_id=-1) [3m(storage_manager.py:726:lmcache.v1.distributed.storage_manager)[0m
[32;20m[2026-09-29 17:04:35,865] LMCache INFO:[0m Prefetch request completed (L1+L2): 9/9 retained keys (9 L1, 0 L2) in 240.8 ms (external_request_id=chatcmpl-8a56da5ed0e21f04-afd385fd, prefetch_request_id=-1) [3m(storage_manager.py:726:lmcache.v1.distributed.storage_manager)[0m
[32;20m[2026-09-29 17:04:35,865] LMCache INFO:[0m Prefetch request completed (L1+L2): 9/11 retained keys (9 L1, 0 L2) in 240.4 ms (external_request_id=chatcmpl-b3ff748641444884-b6d88879, prefetch_request_id=-1) [3m(storage_manager.py:726:lmcache.v1.distributed.storage_manager)[0m
[32;20m[2026-09-29 17:04:35,865] LMCache INFO:[0m Prefetch request completed (L1+L2): 9/10 retained keys (9 L1, 0 L2) in 240.4 ms (external_request_id=chatcmpl-bad5c2c8dd4494a6-a317e29f, prefetch_request_id=-1) [3m(storage_manager.py:726:lmcache.v1.distributed.storage_manager)[0m
[32;20m[2026-09-29 17:04:35,865] LMCache INFO:[0m Prefetch request completed (L1+L2): 9/11 retained keys (9 L1, 0 L2) in 240.1 ms (external_request_id=chatcmpl-9c9ce906650cc698-9670c95a, prefetch_request_id=-1) [3m(storage_manager.py:726:lmcache.v1.distributed.storage_manager)[0m
[32;20m[2026-09-29 17:04:35,865] LMCache INFO:[0m Prefetch request completed (L1+L2): 9/11 retained keys (9 L1, 0 L2) in 240.1 ms (external_request_id=chatcmpl-98344d5e69c297cf-ad95a026, prefetch_request_id=-1) [3m(storage_manager.py:726:lmcache.v1.distributed.storage_manager)[0m
[32;20m[2026-09-29 17:04:35,865] LMCache INFO:[0m Prefetch request completed (L1+L2): 10/11 retained keys (10 L1, 0 L2) in 239.7 ms (external_request_id=chatcmpl-ae37ba38d6afe76c-aad7d47d, prefetch_request_id=-1) [3m(storage_manager.py:726:lmcache.v1.distributed.storage_manager)[0m
[32;20m[2026-09-29 17:04:35,866] LMCache INFO:[0m Prefetch request completed (L1+L2): 9/9 retained keys (9 L1, 0 L2) in 239.9 ms (external_request_id=chatcmpl-9067fa8ba7b7ea8a-9e3d9735, prefetch_request_id=-1) [3m(storage_manager.py:726:lmcache.v1.distributed.storage_manager)[0m
[32;20m[2026-09-29 17:04:35,908] LMCache INFO:[0m Stored 512 tokens in 0.001 seconds [3m(lmcache_driven_transfer.py:1276:lmcache.v1.multiprocess.modules.lmcache_driven_transfer)[0m
[32;20m[2026-09-29 17:04:36,112] LMCache INFO:[0m Stored 512 tokens in 0.001 seconds [3m(lmcache_driven_transfer.py:1276:lmcache.v1.multiprocess.modules.lmcache_driven_transfer)[0m
[32;20m[2026-09-29 17:04:36,261] LMCache INFO:[0m Stored 256 tokens in 0.001 seconds [3m(lmcache_driven_transfer.py:1276:lmcache.v1.multiprocess.modules.lmcache_driven_transfer)[0m
[32;20m[2026-09-29 17:04:36,348] LMCache INFO:[0m Stored 1024 tokens in 0.002 seconds [3m(lmcache_driven_transfer.py:1276:lmcache.v1.multiprocess.modules.lmcache_driven_transfer)[0m
[32;20m[2026-09-29 17:04:36,349] LMCache INFO:[0m Stored 512 tokens in 0.001 seconds [3m(lmcache_driven_transfer.py:1276:lmcache.v1.multiprocess.modules.lmcache_driven_transfer)[0m
[32;20m[2026-09-29 17:04:36,613] LMCache INFO:[0m Stored 256 tokens in 0.001 seconds [3m(lmcache_driven_transfer.py:1276:lmcache.v1.multiprocess.modules.lmcache_driven_transfer)[0m
[32;20m[2026-09-29 17:04:36,905] LMCache INFO:[0m Stored 256 tokens in 0.001 seconds [3m(lmcache_driven_transfer.py:1276:lmcache.v1.multiprocess.modules.lmcache_driven_transfer)[0m
[32;20m[2026-09-29 17:04:37,178] LMCache INFO:[0m Stored 768 tokens in 0.001 seconds [3m(lmcache_driven_transfer.py:1276:lmcache.v1.multiprocess.modules.lmcache_driven_transfer)[0m
[32;20m[2026-09-29 17:04:37,366] LMCache INFO:[0m Stored 512 tokens in 0.003 seconds [3m(lmcache_driven_transfer.py:1276:lmcache.v1.multiprocess.modules.lmcache_driven_transfer)[0m
[32;20m[2026-09-29 17:04:37,397] LMCache INFO:[0m Stored 768 tokens in 0.001 seconds [3m(lmcache_driven_transfer.py:1276:lmcache.v1.multiprocess.modules.lmcache_driven_transfer)[0m
[32;20m[2026-09-29 17:04:37,626] LMCache INFO:[0m Stored 256 tokens in 0.001 seconds [3m(lmcache_driven_transfer.py:1276:lmcache.v1.multiprocess.modules.lmcache_driven_transfer)[0m
[32;20m[2026-09-29 17:04:37,781] LMCache INFO:[0m Stored 256 tokens in 0.001 seconds [3m(lmcache_driven_transfer.py:1276:lmcache.v1.multiprocess.modules.lmcache_driven_transfer)[0m
[32;20m[2026-09-29 17:04:37,885] LMCache INFO:[0m Stored 512 tokens in 0.002 seconds [3m(lmcache_driven_transfer.py:1276:lmcache.v1.multiprocess.modules.lmcache_driven_transfer)[0m
[32;20m[2026-09-29 17:04:37,914] LMCache INFO:[0m Stored 256 tokens in 0.001 seconds [3m(lmcache_driven_transfer.py:1276:lmcache.v1.multiprocess.modules.lmcache_driven_transfer)[0m
[32;20m[2026-09-29 17:04:38,214] LMCache INFO:[0m Stored 512 tokens in 0.001 seconds [3m(lmcache_driven_transfer.py:1276:lmcache.v1.multiprocess.modules.lmcache_driven_transfer)[0m
[32;20m[2026-09-29 17:04:38,324] LMCache INFO:[0m Stored 512 tokens in 0.001 seconds [3m(lmcache_driven_transfer.py:1276:lmcache.v1.multiprocess.modules.lmcache_driven_transfer)[0m
[32;20m[2026-09-29 17:04:38,456] LMCache INFO:[0m Stored 256 tokens in 0.001 seconds [3m(lmcache_driven_transfer.py:1276:lmcache.v1.multiprocess.modules.lmcache_driven_transfer)[0m
[32;20m[2026-09-29 17:04:38,530] LMCache INFO:[0m Stored 256 tokens in 0.001 seconds [3m(lmcache_driven_transfer.py:1276:lmcache.v1.multiprocess.modules.lmcache_driven_transfer)[0m
[32;20m[2026-09-29 17:04:38,592] LMCache INFO:[0m Prefetch request completed (L1+L2): 12/13 retained keys (12 L1, 0 L2) in 2725.2 ms (external_request_id=chatcmpl-a82f4c82785e83c6-8479d9fd, prefetch_request_id=-1) [3m(storage_manager.py:726:lmcache.v1.distributed.storage_manager)[0m
[32;20m[2026-09-29 17:04:38,592] LMCache INFO:[0m Prefetch request completed (L1+L2): 9/9 retained keys (9 L1, 0 L2) in 2725.2 ms (external_request_id=chatcmpl-91b31915f82786d2-a1cb470e, prefetch_request_id=-1) [3m(storage_manager.py:726:lmcache.v1.distributed.storage_manager)[0m
[32;20m[2026-09-29 17:04:38,639] LMCache INFO:[0m Stored 256 tokens in 0.001 seconds [3m(lmcache_driven_transfer.py:1276:lmcache.v1.multiprocess.modules.lmcache_driven_transfer)[0m
[32;20m[2026-09-29 17:04:38,734] LMCache INFO:[0m Prefetch request completed (L1+L2): 10/11 retained keys (10 L1, 0 L2) in 141.8 ms (external_request_id=chatcmpl-889458c692b45bdc-8edfb597, prefetch_request_id=-1) [3m(storage_manager.py:726:lmcache.v1.distributed.storage_manager)[0m
[32;20m[2026-09-29 17:04:38,734] LMCache INFO:[0m Prefetch request completed (L1+L2): 12/15 retained keys (12 L1, 0 L2) in 141.7 ms (external_request_id=chatcmpl-9a8b20f182240309-be5a3b7d, prefetch_request_id=-1) [3m(storage_manager.py:726:lmcache.v1.distributed.storage_manager)[0m
[32;20m[2026-09-29 17:04:38,734] LMCache INFO:[0m Prefetch request completed (L1+L2): 10/12 retained keys (10 L1, 0 L2) in 141.5 ms (external_request_id=chatcmpl-9a3ee869bbb93eae-ba855b6c, prefetch_request_id=-1) [3m(storage_manager.py:726:lmcache.v1.distributed.storage_manager)[0m
[32;20m[2026-09-29 17:04:38,735] LMCache INFO:[0m Prefetch request completed (L1+L2): 11/11 retained keys (11 L1, 0 L2) in 141.1 ms (external_request_id=chatcmpl-aa1c0c719679b664-bb000eb1, prefetch_request_id=-1) [3m(storage_manager.py:726:lmcache.v1.distributed.storage_manager)[0m
[32;20m[2026-09-29 17:04:38,735] LMCache INFO:[0m Prefetch request completed (L1+L2): 10/11 retained keys (10 L1, 0 L2) in 141.2 ms (external_request_id=chatcmpl-bb7e4882a72104d2-8ed01f8f, prefetch_request_id=-1) [3m(storage_manager.py:726:lmcache.v1.distributed.storage_manager)[0m
[32;20m[2026-09-29 17:04:38,735] LMCache INFO:[0m Prefetch request completed (L1+L2): 10/11 retained keys (10 L1, 0 L2) in 140.4 ms (external_request_id=chatcmpl-85a09e2a2dc5b4a9-8209abca, prefetch_request_id=-1) [3m(storage_manager.py:726:lmcache.v1.distributed.storage_manager)[0m
[32;20m[2026-09-29 17:04:38,735] LMCache INFO:[0m Prefetch request completed (L1+L2): 10/13 retained keys (10 L1, 0 L2) in 140.3 ms (external_request_id=chatcmpl-b374a2a2e1d1fbc4-902da808, prefetch_request_id=-1) [3m(storage_manager.py:726:lmcache.v1.distributed.storage_manager)[0m
[32;20m[2026-09-29 17:04:38,735] LMCache INFO:[0m Prefetch request completed (L1+L2): 9/10 retained keys (9 L1, 0 L2) in 139.2 ms (external_request_id=chatcmpl-93714f5268ee8b70-9d61ce56, prefetch_request_id=-1) [3m(storage_manager.py:726:lmcache.v1.distributed.storage_manager)[0m
[32;20m[2026-09-29 17:04:38,735] LMCache INFO:[0m Prefetch request completed (L1+L2): 9/10 retained keys (9 L1, 0 L2) in 139.1 ms (external_request_id=chatcmpl-834d7e6548dc1239-966eab0d, prefetch_request_id=-1) [3m(storage_manager.py:726:lmcache.v1.distributed.storage_manager)[0m
[32;20m[2026-09-29 17:04:38,736] LMCache INFO:[0m Prefetch request completed (L1+L2): 9/11 retained keys (9 L1, 0 L2) in 138.7 ms (external_request_id=chatcmpl-b052997128101ba3-af8a30b6, prefetch_request_id=-1) [3m(storage_manager.py:726:lmcache.v1.distributed.storage_manager)[0m
[32;20m[2026-09-29 17:04:38,736] LMCache INFO:[0m Prefetch request completed (L1+L2): 10/11 retained keys (10 L1, 0 L2) in 138.6 ms (external_request_id=chatcmpl-8bafe6834e8c8b90-b77f5d81, prefetch_request_id=-1) [3m(storage_manager.py:726:lmcache.v1.distributed.storage_manager)[0m
[32;20m[2026-09-29 17:04:38,736] LMCache INFO:[0m Prefetch request completed (L1+L2): 9/10 retained keys (9 L1, 0 L2) in 138.3 ms (external_request_id=chatcmpl-a0bab7ee8acca0fa-b6ae28da, prefetch_request_id=-1) [3m(storage_manager.py:726:lmcache.v1.distributed.storage_manager)[0m
[32;20m[2026-09-29 17:04:38,736] LMCache INFO:[0m Prefetch request completed (L1+L2): 9/10 retained keys (9 L1, 0 L2) in 138.2 ms (external_request_id=chatcmpl-8a43e30c4142fe86-84f556e9, prefetch_request_id=-1) [3m(storage_manager.py:726:lmcache.v1.distributed.storage_manager)[0m
[32;20m[2026-09-29 17:04:38,736] LMCache INFO:[0m Prefetch request completed (L1+L2): 9/9 retained keys (9 L1, 0 L2) in 137.7 ms (external_request_id=chatcmpl-a2d5a59c5c8389e7-be8b8d8d, prefetch_request_id=-1) [3m(storage_manager.py:726:lmcache.v1.distributed.storage_manager)[0m
[32;20m[2026-09-29 17:04:38,736] LMCache INFO:[0m Prefetch request completed (L1+L2): 9/12 retained keys (9 L1, 0 L2) in 137.7 ms (external_request_id=chatcmpl-b5e3d51cd67d369a-ae11ce55, prefetch_request_id=-1) [3m(storage_manager.py:726:lmcache.v1.distributed.storage_manager)[0m
[32;20m[2026-09-29 17:04:38,737] LMCache INFO:[0m Prefetch request completed (L1+L2): 9/10 retained keys (9 L1, 0 L2) in 137.2 ms (external_request_id=chatcmpl-ade760c4a37f37f2-abd2fca9, prefetch_request_id=-1) [3m(storage_manager.py:726:lmcache.v1.distributed.storage_manager)[0m
[32;20m[2026-09-29 17:04:38,737] LMCache INFO:[0m Prefetch request completed (L1+L2): 10/11 retained keys (10 L1, 0 L2) in 137.1 ms (external_request_id=chatcmpl-96dcaf213de55520-9ccc417a, prefetch_request_id=-1) [3m(storage_manager.py:726:lmcache.v1.distributed.storage_manager)[0m
[32;20m[2026-09-29 17:04:38,737] LMCache INFO:[0m Prefetch request completed (L1+L2): 9/9 retained keys (9 L1, 0 L2) in 137.1 ms (external_request_id=chatcmpl-9b2dfd97c20a6963-8aaf41e1, prefetch_request_id=-1) [3m(storage_manager.py:726:lmcache.v1.distributed.storage_manager)[0m
[32;20m[2026-09-29 17:04:38,737] LMCache INFO:[0m Prefetch request completed (L1+L2): 12/12 retained keys (12 L1, 0 L2) in 136.7 ms (external_request_id=chatcmpl-801e4753853495e6-9f770739, prefetch_request_id=-1) [3m(storage_manager.py:726:lmcache.v1.distributed.storage_manager)[0m
[32;20m[2026-09-29 17:04:38,737] LMCache INFO:[0m Prefetch request completed (L1+L2): 9/11 retained keys (9 L1, 0 L2) in 136.6 ms (external_request_id=chatcmpl-9b395f06db1488fd-96ce9705, prefetch_request_id=-1) [3m(storage_manager.py:726:lmcache.v1.distributed.storage_manager)[0m
[32;20m[2026-09-29 17:04:38,737] LMCache INFO:[0m Prefetch request completed (L1+L2): 10/10 retained keys (10 L1, 0 L2) in 136.3 ms (external_request_id=chatcmpl-8c2b240e2b133272-82b60eb8, prefetch_request_id=-1) [3m(storage_manager.py:726:lmcache.v1.distributed.storage_manager)[0m
[32;20m[2026-09-29 17:04:38,738] LMCache INFO:[0m Prefetch request completed (L1+L2): 12/13 retained keys (12 L1, 0 L2) in 136.1 ms (external_request_id=chatcmpl-bc2edbb95c7d878e-94bdc242, prefetch_request_id=-1) [3m(storage_manager.py:726:lmcache.v1.distributed.storage_manager)[0m
[32;20m[2026-09-29 17:04:38,782] LMCache INFO:[0m Stored 256 tokens in 0.002 seconds [3m(lmcache_driven_transfer.py:1276:lmcache.v1.multiprocess.modules.lmcache_driven_transfer)[0m
[32;20m[2026-09-29 17:04:38,784] LMCache INFO:[0m Stored 768 tokens in 0.001 seconds [3m(lmcache_driven_transfer.py:1276:lmcache.v1.multiprocess.modules.lmcache_driven_transfer)[0m
[32;20m[2026-09-29 17:04:39,245] LMCache INFO:[0m Stored 512 tokens in 0.003 seconds [3m(lmcache_driven_transfer.py:1276:lmcache.v1.multiprocess.modules.lmcache_driven_transfer)[0m
[32;20m[2026-09-29 17:04:39,331] LMCache INFO:[0m Stored 256 tokens in 0.001 seconds [3m(lmcache_driven_transfer.py:1276:lmcache.v1.multiprocess.modules.lmcache_driven_transfer)[0m
[32;20m[2026-09-29 17:04:39,362] LMCache INFO:[0m Stored 256 tokens in 0.001 seconds [3m(lmcache_driven_transfer.py:1276:lmcache.v1.multiprocess.modules.lmcache_driven_transfer)[0m
[32;20m[2026-09-29 17:04:39,439] LMCache INFO:[0m Stored 768 tokens in 0.002 seconds [3m(lmcache_driven_transfer.py:1276:lmcache.v1.multiprocess.modules.lmcache_driven_transfer)[0m
[32;20m[2026-09-29 17:04:39,482] LMCache INFO:[0m Stored 256 tokens in 0.001 seconds [3m(lmcache_driven_transfer.py:1276:lmcache.v1.multiprocess.modules.lmcache_driven_transfer)[0m
[32;20m[2026-09-29 17:04:39,591] LMCache INFO:[0m Stored 256 tokens in 0.001 seconds [3m(lmcache_driven_transfer.py:1276:lmcache.v1.multiprocess.modules.lmcache_driven_transfer)[0m
[32;20m[2026-09-29 17:04:39,880] LMCache INFO:[0m Stored 512 tokens in 0.002 seconds [3m(lmcache_driven_transfer.py:1276:lmcache.v1.multiprocess.modules.lmcache_driven_transfer)[0m
[32;20m[2026-09-29 17:04:40,106] LMCache INFO:[0m Stored 256 tokens in 0.001 seconds [3m(lmcache_driven_transfer.py:1276:lmcache.v1.multiprocess.modules.lmcache_driven_transfer)[0m
[32;20m[2026-09-29 17:04:40,274] LMCache INFO:[0m Stored 256 tokens in 0.001 seconds [3m(lmcache_driven_transfer.py:1276:lmcache.v1.multiprocess.modules.lmcache_driven_transfer)[0m
[32;20m[2026-09-29 17:04:40,275] LMCache INFO:[0m Stored 256 tokens in 0.001 seconds [3m(lmcache_driven_transfer.py:1276:lmcache.v1.multiprocess.modules.lmcache_driven_transfer)[0m
[32;20m[2026-09-29 17:04:40,480] LMCache INFO:[0m Stored 768 tokens in 0.001 seconds [3m(lmcache_driven_transfer.py:1276:lmcache.v1.multiprocess.modules.lmcache_driven_transfer)[0m
[32;20m[2026-09-29 17:04:40,877] LMCache INFO:[0m Stored 256 tokens in 0.002 seconds [3m(lmcache_driven_transfer.py:1276:lmcache.v1.multiprocess.modules.lmcache_driven_transfer)[0m
[32;20m[2026-09-29 17:04:40,910] LMCache INFO:[0m Stored 256 tokens in 0.002 seconds [3m(lmcache_driven_transfer.py:1276:lmcache.v1.multiprocess.modules.lmcache_driven_transfer)[0m
[32;20m[2026-09-29 17:04:40,912] LMCache INFO:[0m Stored 256 tokens in 0.002 seconds [3m(lmcache_driven_transfer.py:1276:lmcache.v1.multiprocess.modules.lmcache_driven_transfer)[0m
[32;20m[2026-09-29 17:04:41,064] LMCache INFO:[0m Stored 512 tokens in 0.002 seconds [3m(lmcache_driven_transfer.py:1276:lmcache.v1.multiprocess.modules.lmcache_driven_transfer)[0m
[32;20m[2026-09-29 17:04:41,289] LMCache INFO:[0m Stored 256 tokens in 0.001 seconds [3m(lmcache_driven_transfer.py:1276:lmcache.v1.multiprocess.modules.lmcache_driven_transfer)[0m
[32;20m[2026-09-29 17:04:41,292] LMCache INFO:[0m Prefetch request completed (L1+L2): 10/11 retained keys (10 L1, 0 L2) in 2554.1 ms (external_request_id=chatcmpl-8bbb3bf6c4817074-9d458f28, prefetch_request_id=-1) [3m(storage_manager.py:726:lmcache.v1.distributed.storage_manager)[0m
[32;20m[2026-09-29 17:04:41,293] LMCache INFO:[0m Prefetch request completed (L1+L2): 11/12 retained keys (11 L1, 0 L2) in 2554.1 ms (external_request_id=chatcmpl-828ffed7b2e60ba6-8c7e8ad0, prefetch_request_id=-1) [3m(storage_manager.py:726:lmcache.v1.distributed.storage_manager)[0m
[32;20m[2026-09-29 17:04:41,337] LMCache INFO:[0m Stored 256 tokens in 0.001 seconds [3m(lmcache_driven_transfer.py:1276:lmcache.v1.multiprocess.modules.lmcache_driven_transfer)[0m
[32;20m[2026-09-29 17:04:41,463] LMCache INFO:[0m Stored 256 tokens in 0.001 seconds [3m(lmcache_driven_transfer.py:1276:lmcache.v1.multiprocess.modules.lmcache_driven_transfer)[0m
[32;20m[2026-09-29 17:04:41,680] LMCache INFO:[0m Stored 256 tokens in 0.001 seconds [3m(lmcache_driven_transfer.py:1276:lmcache.v1.multiprocess.modules.lmcache_driven_transfer)[0m
[32;20m[2026-09-29 17:04:41,719] LMCache INFO:[0m Prefetch request completed (L1+L2): 10/10 retained keys (10 L1, 0 L2) in 426.0 ms (external_request_id=chatcmpl-a13216498cbd5a43-ba609637, prefetch_request_id=-1) [3m(storage_manager.py:726:lmcache.v1.distributed.storage_manager)[0m
[32;20m[2026-09-29 17:04:41,719] LMCache INFO:[0m Prefetch request completed (L1+L2): 10/11 retained keys (10 L1, 0 L2) in 425.7 ms (external_request_id=chatcmpl-9287f0f3c01a49df-85f5d307, prefetch_request_id=-1) [3m(storage_manager.py:726:lmcache.v1.distributed.storage_manager)[0m
[32;20m[2026-09-29 17:04:41,720] LMCache INFO:[0m Prefetch request completed (L1+L2): 10/12 retained keys (10 L1, 0 L2) in 425.4 ms (external_request_id=chatcmpl-b1826112dfb81198-8f70eb71, prefetch_request_id=-1) [3m(storage_manager.py:726:lmcache.v1.distributed.storage_manager)[0m
[32;20m[2026-09-29 17:04:41,720] LMCache INFO:[0m Prefetch request completed (L1+L2): 9/10 retained keys (9 L1, 0 L2) in 425.0 ms (external_request_id=chatcmpl-b2ace52e45642e5e-a6e1319d, prefetch_request_id=-1) [3m(storage_manager.py:726:lmcache.v1.distributed.storage_manager)[0m
[32;20m[2026-09-29 17:04:41,720] LMCache INFO:[0m Prefetch request completed (L1+L2): 9/12 retained keys (9 L1, 0 L2) in 424.6 ms (external_request_id=chatcmpl-87deb170d86c8b85-9d8125df, prefetch_request_id=-1) [3m(storage_manager.py:726:lmcache.v1.distributed.storage_manager)[0m
[32;20m[2026-09-29 17:04:41,720] LMCache INFO:[0m Prefetch request completed (L1+L2): 9/11 retained keys (9 L1, 0 L2) in 424.5 ms (external_request_id=chatcmpl-baccc3261ff2934e-af6b7be4, prefetch_request_id=-1) [3m(storage_manager.py:726:lmcache.v1.distributed.storage_manager)[0m
[32;20m[2026-09-29 17:04:41,720] LMCache INFO:[0m Prefetch request completed (L1+L2): 10/11 retained keys (10 L1, 0 L2) in 424.1 ms (external_request_id=chatcmpl-89721ddd68872313-a8d5b4a1, prefetch_request_id=-1) [3m(storage_manager.py:726:lmcache.v1.distributed.storage_manager)[0m
[32;20m[2026-09-29 17:04:41,720] LMCache INFO:[0m Prefetch request completed (L1+L2): 9/10 retained keys (9 L1, 0 L2) in 424.1 ms (external_request_id=chatcmpl-aa4586e398f0d991-b798191e, prefetch_request_id=-1) [3m(storage_manager.py:726:lmcache.v1.distributed.storage_manager)[0m
[32;20m[2026-09-29 17:04:41,721] LMCache INFO:[0m Prefetch request completed (L1+L2): 9/10 retained keys (9 L1, 0 L2) in 423.8 ms (external_request_id=chatcmpl-bb6af05809d7b98f-afaa88d0, prefetch_request_id=-1) [3m(storage_manager.py:726:lmcache.v1.distributed.storage_manager)[0m
[32;20m[2026-09-29 17:04:41,721] LMCache INFO:[0m Prefetch request completed (L1+L2): 9/10 retained keys (9 L1, 0 L2) in 423.4 ms (external_request_id=chatcmpl-8e2c709e4a9ae932-a8eecac9, prefetch_request_id=-1) [3m(storage_manager.py:726:lmcache.v1.distributed.storage_manager)[0m
[32;20m[2026-09-29 17:04:41,721] LMCache INFO:[0m Prefetch request completed (L1+L2): 9/12 retained keys (9 L1, 0 L2) in 423.1 ms (external_request_id=chatcmpl-8cd411feaf6eed38-a13c6cd0, prefetch_request_id=-1) [3m(storage_manager.py:726:lmcache.v1.distributed.storage_manager)[0m
[32;20m[2026-09-29 17:04:41,721] LMCache INFO:[0m Prefetch request completed (L1+L2): 9/10 retained keys (9 L1, 0 L2) in 423.2 ms (external_request_id=chatcmpl-8306eced662cd599-a723eaff, prefetch_request_id=-1) [3m(storage_manager.py:726:lmcache.v1.distributed.storage_manager)[0m
[32;20m[2026-09-29 17:04:41,721] LMCache INFO:[0m Prefetch request completed (L1+L2): 10/12 retained keys (10 L1, 0 L2) in 422.7 ms (external_request_id=chatcmpl-9020dd5cb8e3c2f4-b73be8a5, prefetch_request_id=-1) [3m(storage_manager.py:726:lmcache.v1.distributed.storage_manager)[0m
[32;20m[2026-09-29 17:04:41,721] LMCache INFO:[0m Prefetch request completed (L1+L2): 9/11 retained keys (9 L1, 0 L2) in 422.4 ms (external_request_id=chatcmpl-b130e76dc711be5c-88ea6aac, prefetch_request_id=-1) [3m(storage_manager.py:726:lmcache.v1.distributed.storage_manager)[0m
[32;20m[2026-09-29 17:04:41,722] LMCache INFO:[0m Prefetch request completed (L1+L2): 12/12 retained keys (12 L1, 0 L2) in 422.2 ms (external_request_id=chatcmpl-890cc637ed9f74fc-99004e3d, prefetch_request_id=-1) [3m(storage_manager.py:726:lmcache.v1.distributed.storage_manager)[0m
[32;20m[2026-09-29 17:04:41,722] LMCache INFO:[0m Prefetch request completed (L1+L2): 9/11 retained keys (9 L1, 0 L2) in 421.7 ms (external_request_id=chatcmpl-8ba3c239b33b916f-8c416c6f, prefetch_request_id=-1) [3m(storage_manager.py:726:lmcache.v1.distributed.storage_manager)[0m
[32;20m[2026-09-29 17:04:41,722] LMCache INFO:[0m Prefetch request completed (L1+L2): 10/11 retained keys (10 L1, 0 L2) in 421.7 ms (external_request_id=chatcmpl-870f757e3ea48792-96d6237d, prefetch_request_id=-1) [3m(storage_manager.py:726:lmcache.v1.distributed.storage_manager)[0m
[32;20m[2026-09-29 17:04:41,722] LMCache INFO:[0m Prefetch request completed (L1+L2): 12/14 retained keys (12 L1, 0 L2) in 421.5 ms (external_request_id=chatcmpl-b741a6d8919ff558-9a09009e, prefetch_request_id=-1) [3m(storage_manager.py:726:lmcache.v1.distributed.storage_manager)[0m
[32;20m[2026-09-29 17:04:41,722] LMCache INFO:[0m Prefetch request completed (L1+L2): 10/12 retained keys (10 L1, 0 L2) in 420.7 ms (external_request_id=chatcmpl-92660c33faf38acb-9b2a8240, prefetch_request_id=-1) [3m(storage_manager.py:726:lmcache.v1.distributed.storage_manager)[0m
[32;20m[2026-09-29 17:04:41,722] LMCache INFO:[0m Prefetch request completed (L1+L2): 11/12 retained keys (11 L1, 0 L2) in 420.5 ms (external_request_id=chatcmpl-a87c8e135471d704-bb2b6f6d, prefetch_request_id=-1) [3m(storage_manager.py:726:lmcache.v1.distributed.storage_manager)[0m
[32;20m[2026-09-29 17:04:41,722] LMCache INFO:[0m Prefetch request completed (L1+L2): 10/10 retained keys (10 L1, 0 L2) in 420.4 ms (external_request_id=chatcmpl-a6be02548b0eef36-87d9dbd0, prefetch_request_id=-1) [3m(storage_manager.py:726:lmcache.v1.distributed.storage_manager)[0m
[32;20m[2026-09-29 17:04:41,723] LMCache INFO:[0m Prefetch request completed (L1+L2): 10/11 retained keys (10 L1, 0 L2) in 420.4 ms (external_request_id=chatcmpl-8e01534fc27b9daf-baa7b2f3, prefetch_request_id=-1) [3m(storage_manager.py:726:lmcache.v1.distributed.storage_manager)[0m
[32;20m[2026-09-29 17:04:41,769] LMCache INFO:[0m Stored 256 tokens in 0.001 seconds [3m(lmcache_driven_transfer.py:1276:lmcache.v1.multiprocess.modules.lmcache_driven_transfer)[0m
[32;20m[2026-09-29 17:04:41,839] LMCache INFO:[0m Stored 512 tokens in 0.001 seconds [3m(lmcache_driven_transfer.py:1276:lmcache.v1.multiprocess.modules.lmcache_driven_transfer)[0m
[32;20m[2026-09-29 17:04:41,948] LMCache INFO:[0m Stored 256 tokens in 0.001 seconds [3m(lmcache_driven_transfer.py:1276:lmcache.v1.multiprocess.modules.lmcache_driven_transfer)[0m
[32;20m[2026-09-29 17:04:42,015] LMCache INFO:[0m Stored 768 tokens in 0.002 seconds [3m(lmcache_driven_transfer.py:1276:lmcache.v1.multiprocess.modules.lmcache_driven_transfer)[0m
[32;20m[2026-09-29 17:04:42,017] LMCache INFO:[0m Stored 512 tokens in 0.001 seconds [3m(lmcache_driven_transfer.py:1276:lmcache.v1.multiprocess.modules.lmcache_driven_transfer)[0m
[32;20m[2026-09-29 17:04:42,241] LMCache INFO:[0m Stored 256 tokens in 0.001 seconds [3m(lmcache_driven_transfer.py:1276:lmcache.v1.multiprocess.modules.lmcache_driven_transfer)[0m
[32;20m[2026-09-29 17:04:42,357] LMCache INFO:[0m Stored 256 tokens in 0.001 seconds [3m(lmcache_driven_transfer.py:1276:lmcache.v1.multiprocess.modules.lmcache_driven_transfer)[0m
[32;20m[2026-09-29 17:04:42,467] LMCache INFO:[0m Stored 256 tokens in 0.001 seconds [3m(lmcache_driven_transfer.py:1276:lmcache.v1.multiprocess.modules.lmcache_driven_transfer)[0m
[32;20m[2026-09-29 17:04:42,523] LMCache INFO:[0m Stored 256 tokens in 0.001 seconds [3m(lmcache_driven_transfer.py:1276:lmcache.v1.multiprocess.modules.lmcache_driven_transfer)[0m
[32;20m[2026-09-29 17:04:42,574] LMCache INFO:[0m Stored 256 tokens in 0.001 seconds [3m(lmcache_driven_transfer.py:1276:lmcache.v1.multiprocess.modules.lmcache_driven_transfer)[0m
[32;20m[2026-09-29 17:04:42,800] LMCache INFO:[0m Stored 256 tokens in 0.001 seconds [3m(lmcache_driven_transfer.py:1276:lmcache.v1.multiprocess.modules.lmcache_driven_transfer)[0m
[32;20m[2026-09-29 17:04:42,889] LMCache INFO:[0m Stored 768 tokens in 0.001 seconds [3m(lmcache_driven_transfer.py:1276:lmcache.v1.multiprocess.modules.lmcache_driven_transfer)[0m
[32;20m[2026-09-29 17:04:43,019] LMCache INFO:[0m Stored 256 tokens in 0.001 seconds [3m(lmcache_driven_transfer.py:1276:lmcache.v1.multiprocess.modules.lmcache_driven_transfer)[0m
[32;20m[2026-09-29 17:04:43,020] LMCache INFO:[0m Stored 512 tokens in 0.001 seconds [3m(lmcache_driven_transfer.py:1276:lmcache.v1.multiprocess.modules.lmcache_driven_transfer)[0m
[32;20m[2026-09-29 17:04:43,123] LMCache INFO:[0m Stored 512 tokens in 0.001 seconds [3m(lmcache_driven_transfer.py:1276:lmcache.v1.multiprocess.modules.lmcache_driven_transfer)[0m
[32;20m[2026-09-29 17:04:43,299] LMCache INFO:[0m Stored 512 tokens in 0.002 seconds [3m(lmcache_driven_transfer.py:1276:lmcache.v1.multiprocess.modules.lmcache_driven_transfer)[0m
[32;20m[2026-09-29 17:04:43,330] LMCache INFO:[0m Stored 256 tokens in 0.001 seconds [3m(lmcache_driven_transfer.py:1276:lmcache.v1.multiprocess.modules.lmcache_driven_transfer)[0m
[32;20m[2026-09-29 17:04:43,421] LMCache INFO:[0m Stored 512 tokens in 0.001 seconds [3m(lmcache_driven_transfer.py:1276:lmcache.v1.multiprocess.modules.lmcache_driven_transfer)[0m
[32;20m[2026-09-29 17:04:43,649] LMCache INFO:[0m Stored 512 tokens in 0.003 seconds [3m(lmcache_driven_transfer.py:1276:lmcache.v1.multiprocess.modules.lmcache_driven_transfer)[0m
[32;20m[2026-09-29 17:04:43,681] LMCache INFO:[0m Stored 256 tokens in 0.001 seconds [3m(lmcache_driven_transfer.py:1276:lmcache.v1.multiprocess.modules.lmcache_driven_transfer)[0m
[32;20m[2026-09-29 17:04:43,925] LMCache INFO:[0m Stored 256 tokens in 0.001 seconds [3m(lmcache_driven_transfer.py:1276:lmcache.v1.multiprocess.modules.lmcache_driven_transfer)[0m
[32;20m[2026-09-29 17:04:44,010] LMCache INFO:[0m L1 memory usage 0.80 above watermark 0.80; triggering eviction. [3m(eviction_controller.py:179:lmcache.v1.distributed.storage_controllers.eviction_controller)[0m
[32;20m[2026-09-29 17:04:44,025] LMCache INFO:[0m Prefetch request completed (L1+L2): 10/13 retained keys (10 L1, 0 L2) in 2301.5 ms (external_request_id=chatcmpl-9c61f5c1a2edab09-846728f8, prefetch_request_id=-1) [3m(storage_manager.py:726:lmcache.v1.distributed.storage_manager)[0m
[32;20m[2026-09-29 17:04:44,025] LMCache INFO:[0m Prefetch request completed (L1+L2): 9/12 retained keys (9 L1, 0 L2) in 2301.5 ms (external_request_id=chatcmpl-ae6e79a12239a821-9e919a44, prefetch_request_id=-1) [3m(storage_manager.py:726:lmcache.v1.distributed.storage_manager)[0m
[32;20m[2026-09-29 17:04:44,073] LMCache INFO:[0m Stored 768 tokens in 0.002 seconds [3m(lmcache_driven_transfer.py:1276:lmcache.v1.multiprocess.modules.lmcache_driven_transfer)[0m
[32;20m[2026-09-29 17:04:44,107] LMCache INFO:[0m Stored 768 tokens in 0.001 seconds [3m(lmcache_driven_transfer.py:1276:lmcache.v1.multiprocess.modules.lmcache_driven_transfer)[0m
[32;20m[2026-09-29 17:04:44,199] LMCache INFO:[0m Prefetch request completed (L1+L2): 9/12 retained keys (9 L1, 0 L2) in 173.7 ms (external_request_id=chatcmpl-967bcdee3002b863-b2c4a994, prefetch_request_id=-1) [3m(storage_manager.py:726:lmcache.v1.distributed.storage_manager)[0m
[32;20m[2026-09-29 17:04:44,199] LMCache INFO:[0m Prefetch request completed (L1+L2): 9/10 retained keys (9 L1, 0 L2) in 172.9 ms (external_request_id=chatcmpl-873c8310d691fd8a-8d1c79ac, prefetch_request_id=-1) [3m(storage_manager.py:726:lmcache.v1.distributed.storage_manager)[0m
[32;20m[2026-09-29 17:04:44,200] LMCache INFO:[0m Prefetch request completed (L1+L2): 10/12 retained keys (10 L1, 0 L2) in 173.0 ms (external_request_id=chatcmpl-b4014f67b85e29aa-9445575a, prefetch_request_id=-1) [3m(storage_manager.py:726:lmcache.v1.distributed.storage_manager)[0m
[32;20m[2026-09-29 17:04:44,200] LMCache INFO:[0m Prefetch request completed (L1+L2): 9/9 retained keys (9 L1, 0 L2) in 172.9 ms (external_request_id=chatcmpl-98644bca54348761-bee43d14, prefetch_request_id=-1) [3m(storage_manager.py:726:lmcache.v1.distributed.storage_manager)[0m
[32;20m[2026-09-29 17:04:44,200] LMCache INFO:[0m Prefetch request completed (L1+L2): 9/10 retained keys (9 L1, 0 L2) in 172.9 ms (external_request_id=chatcmpl-ac5530af4d0641f7-98919e86, prefetch_request_id=-1) [3m(storage_manager.py:726:lmcache.v1.distributed.storage_manager)[0m
[32;20m[2026-09-29 17:04:44,200] LMCache INFO:[0m Prefetch request completed (L1+L2): 9/10 retained keys (9 L1, 0 L2) in 172.5 ms (external_request_id=chatcmpl-8cf64b600b335585-992a6272, prefetch_request_id=-1) [3m(storage_manager.py:726:lmcache.v1.distributed.storage_manager)[0m
[32;20m[2026-09-29 17:04:44,200] LMCache INFO:[0m Prefetch request completed (L1+L2): 9/10 retained keys (9 L1, 0 L2) in 172.5 ms (external_request_id=chatcmpl-99f77c8a77df58cf-acc1d389, prefetch_request_id=-1) [3m(storage_manager.py:726:lmcache.v1.distributed.storage_manager)[0m
[32;20m[2026-09-29 17:04:44,200] LMCache INFO:[0m Prefetch request completed (L1+L2): 9/11 retained keys (9 L1, 0 L2) in 172.2 ms (external_request_id=chatcmpl-8137c1eeb0fe9992-95570e20, prefetch_request_id=-1) [3m(storage_manager.py:726:lmcache.v1.distributed.storage_manager)[0m
[32;20m[2026-09-29 17:04:44,201] LMCache INFO:[0m Prefetch request completed (L1+L2): 10/13 retained keys (10 L1, 0 L2) in 171.6 ms (external_request_id=chatcmpl-ad4eeeb4f649bfa3-96f83475, prefetch_request_id=-1) [3m(storage_manager.py:726:lmcache.v1.distributed.storage_manager)[0m
[32;20m[2026-09-29 17:04:44,201] LMCache INFO:[0m Prefetch request completed (L1+L2): 9/10 retained keys (9 L1, 0 L2) in 171.6 ms (external_request_id=chatcmpl-83fb87b8eabe6521-876c58b6, prefetch_request_id=-1) [3m(storage_manager.py:726:lmcache.v1.distributed.storage_manager)[0m
[32;20m[2026-09-29 17:04:44,201] LMCache INFO:[0m Prefetch request completed (L1+L2): 12/14 retained keys (12 L1, 0 L2) in 171.1 ms (external_request_id=chatcmpl-9b12a03e78497d30-a6df11f8, prefetch_request_id=-1) [3m(storage_manager.py:726:lmcache.v1.distributed.storage_manager)[0m
[32;20m[2026-09-29 17:04:44,201] LMCache INFO:[0m Prefetch request completed (L1+L2): 9/10 retained keys (9 L1, 0 L2) in 171.2 ms (external_request_id=chatcmpl-bf0a66afe02be802-b48cb9ec, prefetch_request_id=-1) [3m(storage_manager.py:726:lmcache.v1.distributed.storage_manager)[0m
[32;20m[2026-09-29 17:04:44,201] LMCache INFO:[0m Prefetch request completed (L1+L2): 10/10 retained keys (10 L1, 0 L2) in 170.8 ms (external_request_id=chatcmpl-87bd09f850ce876a-b3561614, prefetch_request_id=-1) [3m(storage_manager.py:726:lmcache.v1.distributed.storage_manager)[0m
[32;20m[2026-09-29 17:04:44,201] LMCache INFO:[0m Prefetch request completed (L1+L2): 12/14 retained keys (12 L1, 0 L2) in 170.5 ms (external_request_id=chatcmpl-9e3eb82b5423ee04-a209d241, prefetch_request_id=-1) [3m(storage_manager.py:726:lmcache.v1.distributed.storage_manager)[0m
[32;20m[2026-09-29 17:04:44,201] LMCache INFO:[0m Prefetch request completed (L1+L2): 10/12 retained keys (10 L1, 0 L2) in 170.3 ms (external_request_id=chatcmpl-84746d1b9b1a0180-9e03d3e5, prefetch_request_id=-1) [3m(storage_manager.py:726:lmcache.v1.distributed.storage_manager)[0m
[32;20m[2026-09-29 17:04:44,202] LMCache INFO:[0m Prefetch request completed (L1+L2): 11/12 retained keys (11 L1, 0 L2) in 170.1 ms (external_request_id=chatcmpl-9122224770920cad-8a6dc12f, prefetch_request_id=-1) [3m(storage_manager.py:726:lmcache.v1.distributed.storage_manager)[0m
[32;20m[2026-09-29 17:04:44,202] LMCache INFO:[0m Prefetch request completed (L1+L2): 10/11 retained keys (10 L1, 0 L2) in 169.8 ms (external_request_id=chatcmpl-b7cffa3b8df61f89-808ad9ed, prefetch_request_id=-1) [3m(storage_manager.py:726:lmcache.v1.distributed.storage_manager)[0m
[32;20m[2026-09-29 17:04:44,202] LMCache INFO:[0m Prefetch request completed (L1+L2): 10/13 retained keys (10 L1, 0 L2) in 169.4 ms (external_request_id=chatcmpl-a1bb1afd541f09f5-85a1aaa3, prefetch_request_id=-1) [3m(storage_manager.py:726:lmcache.v1.distributed.storage_manager)[0m
[32;20m[2026-09-29 17:04:44,202] LMCache INFO:[0m Prefetch request completed (L1+L2): 10/11 retained keys (10 L1, 0 L2) in 169.1 ms (external_request_id=chatcmpl-94d39458155c54e8-bfb47078, prefetch_request_id=-1) [3m(storage_manager.py:726:lmcache.v1.distributed.storage_manager)[0m
[32;20m[2026-09-29 17:04:44,202] LMCache INFO:[0m Prefetch request completed (L1+L2): 9/10 retained keys (9 L1, 0 L2) in 169.0 ms (external_request_id=chatcmpl-b42f8a3707aa0944-ab39fbe7, prefetch_request_id=-1) [3m(storage_manager.py:726:lmcache.v1.distributed.storage_manager)[0m
[32;20m[2026-09-29 17:04:44,203] LMCache INFO:[0m Prefetch request completed (L1+L2): 9/10 retained keys (9 L1, 0 L2) in 168.9 ms (external_request_id=chatcmpl-9661f204460690d1-ab579ac3, prefetch_request_id=-1) [3m(storage_manager.py:726:lmcache.v1.distributed.storage_manager)[0m
[32;20m[2026-09-29 17:04:44,203] LMCache INFO:[0m Prefetch request completed (L1+L2): 9/10 retained keys (9 L1, 0 L2) in 168.5 ms (external_request_id=chatcmpl-aa31e4f345dd66fb-88a698d7, prefetch_request_id=-1) [3m(storage_manager.py:726:lmcache.v1.distributed.storage_manager)[0m
[32;20m[2026-09-29 17:04:44,251] LMCache INFO:[0m Stored 768 tokens in 0.001 seconds [3m(lmcache_driven_transfer.py:1276:lmcache.v1.multiprocess.modules.lmcache_driven_transfer)[0m
[32;20m[2026-09-29 17:04:44,354] LMCache INFO:[0m Stored 256 tokens in 0.001 seconds [3m(lmcache_driven_transfer.py:1276:lmcache.v1.multiprocess.modules.lmcache_driven_transfer)[0m
[32;20m[2026-09-29 17:04:44,467] LMCache INFO:[0m Stored 512 tokens in 0.001 seconds [3m(lmcache_driven_transfer.py:1276:lmcache.v1.multiprocess.modules.lmcache_driven_transfer)[0m
[32;20m[2026-09-29 17:04:44,620] LMCache INFO:[0m Stored 256 tokens in 0.001 seconds [3m(lmcache_driven_transfer.py:1276:lmcache.v1.multiprocess.modules.lmcache_driven_transfer)[0m
[32;20m[2026-09-29 17:04:44,750] LMCache INFO:[0m Stored 256 tokens in 0.001 seconds [3m(lmcache_driven_transfer.py:1276:lmcache.v1.multiprocess.modules.lmcache_driven_transfer)[0m
[32;20m[2026-09-29 17:04:45,054] LMCache INFO:[0m Stored 256 tokens in 0.001 seconds [3m(lmcache_driven_transfer.py:1276:lmcache.v1.multiprocess.modules.lmcache_driven_transfer)[0m
[32;20m[2026-09-29 17:04:45,160] LMCache INFO:[0m Stored 512 tokens in 0.003 seconds [3m(lmcache_driven_transfer.py:1276:lmcache.v1.multiprocess.modules.lmcache_driven_transfer)[0m
[32;20m[2026-09-29 17:04:45,193] LMCache INFO:[0m Stored 768 tokens in 0.003 seconds [3m(lmcache_driven_transfer.py:1276:lmcache.v1.multiprocess.modules.lmcache_driven_transfer)[0m
[32;20m[2026-09-29 17:04:45,249] LMCache INFO:[0m Stored 256 tokens in 0.001 seconds [3m(lmcache_driven_transfer.py:1276:lmcache.v1.multiprocess.modules.lmcache_driven_transfer)[0m
[32;20m[2026-09-29 17:04:45,575] LMCache INFO:[0m Stored 512 tokens in 0.001 seconds [3m(lmcache_driven_transfer.py:1276:lmcache.v1.multiprocess.modules.lmcache_driven_transfer)[0m
[32;20m[2026-09-29 17:04:45,577] LMCache INFO:[0m Stored 256 tokens in 0.001 seconds [3m(lmcache_driven_transfer.py:1276:lmcache.v1.multiprocess.modules.lmcache_driven_transfer)[0m
[32;20m[2026-09-29 17:04:45,977] LMCache INFO:[0m Stored 512 tokens in 0.001 seconds [3m(lmcache_driven_transfer.py:1276:lmcache.v1.multiprocess.modules.lmcache_driven_transfer)[0m
[32;20m[2026-09-29 17:04:46,130] LMCache INFO:[0m Stored 512 tokens in 0.002 seconds [3m(lmcache_driven_transfer.py:1276:lmcache.v1.multiprocess.modules.lmcache_driven_transfer)[0m
[32;20m[2026-09-29 17:04:46,161] LMCache INFO:[0m Stored 256 tokens in 0.001 seconds [3m(lmcache_driven_transfer.py:1276:lmcache.v1.multiprocess.modules.lmcache_driven_transfer)[0m
[32;20m[2026-09-29 17:04:46,235] LMCache INFO:[0m Stored 256 tokens in 0.001 seconds [3m(lmcache_driven_transfer.py:1276:lmcache.v1.multiprocess.modules.lmcache_driven_transfer)[0m
[32;20m[2026-09-29 17:04:46,310] LMCache INFO:[0m Stored 256 tokens in 0.001 seconds [3m(lmcache_driven_transfer.py:1276:lmcache.v1.multiprocess.modules.lmcache_driven_transfer)[0m
[32;20m[2026-09-29 17:04:46,311] LMCache INFO:[0m Stored 768 tokens in 0.001 seconds [3m(lmcache_driven_transfer.py:1276:lmcache.v1.multiprocess.modules.lmcache_driven_transfer)[0m
[32;20m[2026-09-29 17:04:46,433] LMCache INFO:[0m Stored 256 tokens in 0.001 seconds [3m(lmcache_driven_transfer.py:1276:lmcache.v1.multiprocess.modules.lmcache_driven_transfer)[0m
[32;20m[2026-09-29 17:04:46,505] LMCache INFO:[0m Stored 256 tokens in 0.001 seconds [3m(lmcache_driven_transfer.py:1276:lmcache.v1.multiprocess.modules.lmcache_driven_transfer)[0m
[32;20m[2026-09-29 17:04:46,635] LMCache INFO:[0m Stored 256 tokens in 0.001 seconds [3m(lmcache_driven_transfer.py:1276:lmcache.v1.multiprocess.modules.lmcache_driven_transfer)[0m
[32;20m[2026-09-29 17:04:46,772] LMCache INFO:[0m Stored 256 tokens in 0.001 seconds [3m(lmcache_driven_transfer.py:1276:lmcache.v1.multiprocess.modules.lmcache_driven_transfer)[0m
[32;20m[2026-09-29 17:04:46,921] LMCache INFO:[0m Stored 256 tokens in 0.001 seconds [3m(lmcache_driven_transfer.py:1276:lmcache.v1.multiprocess.modules.lmcache_driven_transfer)[0m
[32;20m[2026-09-29 17:04:46,959] LMCache INFO:[0m Prefetch request completed (L1+L2): 10/12 retained keys (10 L1, 0 L2) in 2756.0 ms (external_request_id=chatcmpl-a00ae5870b249c3e-a7d2396a, prefetch_request_id=-1) [3m(storage_manager.py:726:lmcache.v1.distributed.storage_manager)[0m
[32;20m[2026-09-29 17:04:46,960] LMCache INFO:[0m Prefetch request completed (L1+L2): 9/10 retained keys (9 L1, 0 L2) in 2756.0 ms (external_request_id=chatcmpl-85501df4aed5a430-834f003c, prefetch_request_id=-1) [3m(storage_manager.py:726:lmcache.v1.distributed.storage_manager)[0m
[32;20m[2026-09-29 17:04:47,007] LMCache INFO:[0m Stored 512 tokens in 0.001 seconds [3m(lmcache_driven_transfer.py:1276:lmcache.v1.multiprocess.modules.lmcache_driven_transfer)[0m
[32;20m[2026-09-29 17:04:47,178] LMCache INFO:[0m Stored 256 tokens in 0.002 seconds [3m(lmcache_driven_transfer.py:1276:lmcache.v1.multiprocess.modules.lmcache_driven_transfer)[0m
[32;20m[2026-09-29 17:04:47,179] LMCache INFO:[0m Stored 256 tokens in 0.001 seconds [3m(lmcache_driven_transfer.py:1276:lmcache.v1.multiprocess.modules.lmcache_driven_transfer)[0m
[32;20m[2026-09-29 17:04:47,357] LMCache INFO:[0m Stored 256 tokens in 0.001 seconds [3m(lmcache_driven_transfer.py:1276:lmcache.v1.multiprocess.modules.lmcache_driven_transfer)[0m
[32;20m[2026-09-29 17:04:47,377] LMCache INFO:[0m Prefetch request completed (L1+L2): 9/10 retained keys (9 L1, 0 L2) in 417.2 ms (external_request_id=chatcmpl-b663b0b49afe00d9-8faf6659, prefetch_request_id=-1) [3m(storage_manager.py:726:lmcache.v1.distributed.storage_manager)[0m
[32;20m[2026-09-29 17:04:47,378] LMCache INFO:[0m Prefetch request completed (L1+L2): 9/10 retained keys (9 L1, 0 L2) in 416.8 ms (external_request_id=chatcmpl-8aef255e542c86b0-bdaf98de, prefetch_request_id=-1) [3m(storage_manager.py:726:lmcache.v1.distributed.storage_manager)[0m
[32;20m[2026-09-29 17:04:47,378] LMCache INFO:[0m Prefetch request completed (L1+L2): 9/10 retained keys (9 L1, 0 L2) in 416.8 ms (external_request_id=chatcmpl-8f6c94af06fc6966-9285cc20, prefetch_request_id=-1) [3m(storage_manager.py:726:lmcache.v1.distributed.storage_manager)[0m
[32;20m[2026-09-29 17:04:47,378] LMCache INFO:[0m Prefetch request completed (L1+L2): 9/10 retained keys (9 L1, 0 L2) in 416.6 ms (external_request_id=chatcmpl-bd98c505167a8275-9e864d97, prefetch_request_id=-1) [3m(storage_manager.py:726:lmcache.v1.distributed.storage_manager)[0m
[32;20m[2026-09-29 17:04:47,378] LMCache INFO:[0m Prefetch request completed (L1+L2): 10/12 retained keys (10 L1, 0 L2) in 416.4 ms (external_request_id=chatcmpl-9d3a1485151242d5-9d801a71, prefetch_request_id=-1) [3m(storage_manager.py:726:lmcache.v1.distributed.storage_manager)[0m
[32;20m[2026-09-29 17:04:47,378] LMCache INFO:[0m Prefetch request completed (L1+L2): 9/10 retained keys (9 L1, 0 L2) in 414.4 ms (external_request_id=chatcmpl-b9fd94950a945be0-89f4bb8b, prefetch_request_id=-1) [3m(storage_manager.py:726:lmcache.v1.distributed.storage_manager)[0m
[32;20m[2026-09-29 17:04:47,379] LMCache INFO:[0m Prefetch request completed (L1+L2): 12/12 retained keys (12 L1, 0 L2) in 414.2 ms (external_request_id=chatcmpl-a60018fd3b8d2ae3-8ba5f933, prefetch_request_id=-1) [3m(storage_manager.py:726:lmcache.v1.distributed.storage_manager)[0m
[32;20m[2026-09-29 17:04:47,379] LMCache INFO:[0m Prefetch request completed (L1+L2): 9/10 retained keys (9 L1, 0 L2) in 414.2 ms (external_request_id=chatcmpl-8e8838efbd0785dc-933b29e2, prefetch_request_id=-1) [3m(storage_manager.py:726:lmcache.v1.distributed.storage_manager)[0m
[32;20m[2026-09-29 17:04:47,379] LMCache INFO:[0m Prefetch request completed (L1+L2): 10/11 retained keys (10 L1, 0 L2) in 414.1 ms (external_request_id=chatcmpl-9a5ac8606eba5ffe-882719c7, prefetch_request_id=-1) [3m(storage_manager.py:726:lmcache.v1.distributed.storage_manager)[0m
[32;20m[2026-09-29 17:04:47,379] LMCache INFO:[0m Prefetch request completed (L1+L2): 12/13 retained keys (12 L1, 0 L2) in 413.6 ms (external_request_id=chatcmpl-bce0dcdd449306e5-a7d9e763, prefetch_request_id=-1) [3m(storage_manager.py:726:lmcache.v1.distributed.storage_manager)[0m
[32;20m[2026-09-29 17:04:47,379] LMCache INFO:[0m Prefetch request completed (L1+L2): 10/13 retained keys (10 L1, 0 L2) in 413.2 ms (external_request_id=chatcmpl-992e6d9432ec4a1c-99cae733, prefetch_request_id=-1) [3m(storage_manager.py:726:lmcache.v1.distributed.storage_manager)[0m
[32;20m[2026-09-29 17:04:47,379] LMCache INFO:[0m Prefetch request completed (L1+L2): 11/12 retained keys (11 L1, 0 L2) in 412.9 ms (external_request_id=chatcmpl-a5dcacb5ff4843a3-bc0bcc9e, prefetch_request_id=-1) [3m(storage_manager.py:726:lmcache.v1.distributed.storage_manager)[0m
[32;20m[2026-09-29 17:04:47,380] LMCache INFO:[0m Prefetch request completed (L1+L2): 10/11 retained keys (10 L1, 0 L2) in 412.4 ms (external_request_id=chatcmpl-9a011d4ce361b4c6-85af6072, prefetch_request_id=-1) [3m(storage_manager.py:726:lmcache.v1.distributed.storage_manager)[0m
[32;20m[2026-09-29 17:04:47,380] LMCache INFO:[0m Prefetch request completed (L1+L2): 10/12 retained keys (10 L1, 0 L2) in 412.5 ms (external_request_id=chatcmpl-bb8cd05fe1b8c878-b26fdba6, prefetch_request_id=-1) [3m(storage_manager.py:726:lmcache.v1.distributed.storage_manager)[0m
[32;20m[2026-09-29 17:04:47,380] LMCache INFO:[0m Prefetch request completed (L1+L2): 10/13 retained keys (10 L1, 0 L2) in 412.3 ms (external_request_id=chatcmpl-92afd2344815ad2b-bbbd1159, prefetch_request_id=-1) [3m(storage_manager.py:726:lmcache.v1.distributed.storage_manager)[0m
[32;20m[2026-09-29 17:04:47,380] LMCache INFO:[0m Prefetch request completed (L1+L2): 9/11 retained keys (9 L1, 0 L2) in 412.0 ms (external_request_id=chatcmpl-886fd6d189838e59-a932fed1, prefetch_request_id=-1) [3m(storage_manager.py:726:lmcache.v1.distributed.storage_manager)[0m
[32;20m[2026-09-29 17:04:47,381] LMCache INFO:[0m Prefetch request completed (L1+L2): 9/12 retained keys (9 L1, 0 L2) in 411.9 ms (external_request_id=chatcmpl-bce8713b2def6c78-b1e336a9, prefetch_request_id=-1) [3m(storage_manager.py:726:lmcache.v1.distributed.storage_manager)[0m
[32;20m[2026-09-29 17:04:47,381] LMCache INFO:[0m Prefetch request completed (L1+L2): 9/10 retained keys (9 L1, 0 L2) in 411.4 ms (external_request_id=chatcmpl-b7a1206375f52098-b824c42a, prefetch_request_id=-1) [3m(storage_manager.py:726:lmcache.v1.distributed.storage_manager)[0m
[32;20m[2026-09-29 17:04:47,381] LMCache INFO:[0m Prefetch request completed (L1+L2): 10/12 retained keys (10 L1, 0 L2) in 411.1 ms (external_request_id=chatcmpl-a4aba69c3781a495-81a0ad6d, prefetch_request_id=-1) [3m(storage_manager.py:726:lmcache.v1.distributed.storage_manager)[0m
[32;20m[2026-09-29 17:04:47,381] LMCache INFO:[0m Prefetch request completed (L1+L2): 9/11 retained keys (9 L1, 0 L2) in 411.0 ms (external_request_id=chatcmpl-8e64a3e3f0fda8c3-8869e6a3, prefetch_request_id=-1) [3m(storage_manager.py:726:lmcache.v1.distributed.storage_manager)[0m
[32;20m[2026-09-29 17:04:47,381] LMCache INFO:[0m Prefetch request completed (L1+L2): 9/10 retained keys (9 L1, 0 L2) in 410.7 ms (external_request_id=chatcmpl-9ca7ad4ad58f4061-8ce63127, prefetch_request_id=-1) [3m(storage_manager.py:726:lmcache.v1.distributed.storage_manager)[0m
[32;20m[2026-09-29 17:04:47,381] LMCache INFO:[0m Prefetch request completed (L1+L2): 9/9 retained keys (9 L1, 0 L2) in 410.4 ms (external_request_id=chatcmpl-8a8e0f0048018161-929c678b, prefetch_request_id=-1) [3m(storage_manager.py:726:lmcache.v1.distributed.storage_manager)[0m
[32;20m[2026-09-29 17:04:47,427] LMCache INFO:[0m Stored 256 tokens in 0.001 seconds [3m(lmcache_driven_transfer.py:1276:lmcache.v1.multiprocess.modules.lmcache_driven_transfer)[0m
[32;20m[2026-09-29 17:04:47,429] LMCache INFO:[0m Stored 256 tokens in 0.001 seconds [3m(lmcache_driven_transfer.py:1276:lmcache.v1.multiprocess.modules.lmcache_driven_transfer)[0m
[32;20m[2026-09-29 17:04:47,539] LMCache INFO:[0m Stored 256 tokens in 0.001 seconds [3m(lmcache_driven_transfer.py:1276:lmcache.v1.multiprocess.modules.lmcache_driven_transfer)[0m
[32;20m[2026-09-29 17:04:47,540] LMCache INFO:[0m Stored 256 tokens in 0.001 seconds [3m(lmcache_driven_transfer.py:1276:lmcache.v1.multiprocess.modules.lmcache_driven_transfer)[0m
[32;20m[2026-09-29 17:04:47,607] LMCache INFO:[0m Stored 512 tokens in 0.001 seconds [3m(lmcache_driven_transfer.py:1276:lmcache.v1.multiprocess.modules.lmcache_driven_transfer)[0m
[32;20m[2026-09-29 17:04:47,608] LMCache INFO:[0m Stored 256 tokens in 0.001 seconds [3m(lmcache_driven_transfer.py:1276:lmcache.v1.multiprocess.modules.lmcache_driven_transfer)[0m
INFO:     172.26.132.42:45572 - "GET /metrics HTTP/1.1" 200 OK
[32;20m[2026-09-29 17:04:47,818] LMCache INFO:[0m Stored 256 tokens in 0.002 seconds [3m(lmcache_driven_transfer.py:1276:lmcache.v1.multiprocess.modules.lmcache_driven_transfer)[0m
[32;20m[2026-09-29 17:04:47,849] LMCache INFO:[0m Stored 256 tokens in 0.001 seconds [3m(lmcache_driven_transfer.py:1276:lmcache.v1.multiprocess.modules.lmcache_driven_transfer)[0m
[32;20m[2026-09-29 17:04:48,155] LMCache INFO:[0m Stored 256 tokens in 0.001 seconds [3m(lmcache_driven_transfer.py:1276:lmcache.v1.multiprocess.modules.lmcache_driven_transfer)[0m
[32;20m[2026-09-29 17:04:48,243] LMCache INFO:[0m Stored 768 tokens in 0.002 seconds [3m(lmcache_driven_transfer.py:1276:lmcache.v1.multiprocess.modules.lmcache_driven_transfer)[0m
[32;20m[2026-09-29 17:04:48,444] LMCache INFO:[0m Stored 256 tokens in 0.001 seconds [3m(lmcache_driven_transfer.py:1276:lmcache.v1.multiprocess.modules.lmcache_driven_transfer)[0m
[32;20m[2026-09-29 17:04:48,478] LMCache INFO:[0m Stored 256 tokens in 0.001 seconds [3m(lmcache_driven_transfer.py:1276:lmcache.v1.multiprocess.modules.lmcache_driven_transfer)[0m
[32;20m[2026-09-29 17:04:48,479] LMCache INFO:[0m Stored 512 tokens in 0.001 seconds [3m(lmcache_driven_transfer.py:1276:lmcache.v1.multiprocess.modules.lmcache_driven_transfer)[0m
[32;20m[2026-09-29 17:04:48,641] LMCache INFO:[0m Stored 768 tokens in 0.001 seconds [3m(lmcache_driven_transfer.py:1276:lmcache.v1.multiprocess.modules.lmcache_driven_transfer)[0m
[32;20m[2026-09-29 17:04:48,729] LMCache INFO:[0m Stored 512 tokens in 0.001 seconds [3m(lmcache_driven_transfer.py:1276:lmcache.v1.multiprocess.modules.lmcache_driven_transfer)[0m
[32;20m[2026-09-29 17:04:48,838] LMCache INFO:[0m Stored 768 tokens in 0.002 seconds [3m(lmcache_driven_transfer.py:1276:lmcache.v1.multiprocess.modules.lmcache_driven_transfer)[0m
[32;20m[2026-09-29 17:04:49,103] LMCache INFO:[0m Stored 256 tokens in 0.001 seconds [3m(lmcache_driven_transfer.py:1276:lmcache.v1.multiprocess.modules.lmcache_driven_transfer)[0m
[32;20m[2026-09-29 17:04:49,168] LMCache INFO:[0m Stored 512 tokens in 0.001 seconds [3m(lmcache_driven_transfer.py:1276:lmcache.v1.multiprocess.modules.lmcache_driven_transfer)[0m
[32;20m[2026-09-29 17:04:49,277] LMCache INFO:[0m Stored 512 tokens in 0.001 seconds [3m(lmcache_driven_transfer.py:1276:lmcache.v1.multiprocess.modules.lmcache_driven_transfer)[0m
[32;20m[2026-09-29 17:04:49,420] LMCache INFO:[0m Stored 256 tokens in 0.001 seconds [3m(lmcache_driven_transfer.py:1276:lmcache.v1.multiprocess.modules.lmcache_driven_transfer)[0m
[32;20m[2026-09-29 17:04:49,499] LMCache INFO:[0m Prefetch request completed (L1+L2): 9/10 retained keys (9 L1, 0 L2) in 2116.9 ms (external_request_id=chatcmpl-8e483f25065771c0-aca620d7, prefetch_request_id=-1) [3m(storage_manager.py:726:lmcache.v1.distributed.storage_manager)[0m
[32;20m[2026-09-29 17:04:49,499] LMCache INFO:[0m Prefetch request completed (L1+L2): 9/11 retained keys (9 L1, 0 L2) in 2116.9 ms (external_request_id=chatcmpl-a9a89dc30039d68c-91948e5b, prefetch_request_id=-1) [3m(storage_manager.py:726:lmcache.v1.distributed.storage_manager)[0m
[32;20m[2026-09-29 17:04:49,547] LMCache INFO:[0m Stored 256 tokens in 0.002 seconds [3m(lmcache_driven_transfer.py:1276:lmcache.v1.multiprocess.modules.lmcache_driven_transfer)[0m
[32;20m[2026-09-29 17:04:49,576] LMCache INFO:[0m Stored 512 tokens in 0.001 seconds [3m(lmcache_driven_transfer.py:1276:lmcache.v1.multiprocess.modules.lmcache_driven_transfer)[0m
[32;20m[2026-09-29 17:04:49,695] LMCache INFO:[0m Prefetch request completed (L1+L2): 10/12 retained keys (10 L1, 0 L2) in 195.4 ms (external_request_id=chatcmpl-a0df9fb275db68ab-bf3b5c84, prefetch_request_id=-1) [3m(storage_manager.py:726:lmcache.v1.distributed.storage_manager)[0m
[32;20m[2026-09-29 17:04:49,695] LMCache INFO:[0m Prefetch request completed (L1+L2): 9/11 retained keys (9 L1, 0 L2) in 195.2 ms (external_request_id=chatcmpl-8ca2933a6ebc707e-a5a0fb64, prefetch_request_id=-1) [3m(storage_manager.py:726:lmcache.v1.distributed.storage_manager)[0m
[32;20m[2026-09-29 17:04:49,695] LMCache INFO:[0m Prefetch request completed (L1+L2): 12/12 retained keys (12 L1, 0 L2) in 194.8 ms (external_request_id=chatcmpl-948b9a92a93ce338-9705d50e, prefetch_request_id=-1) [3m(storage_manager.py:726:lmcache.v1.distributed.storage_manager)[0m
[32;20m[2026-09-29 17:04:49,695] LMCache INFO:[0m Prefetch request completed (L1+L2): 9/11 retained keys (9 L1, 0 L2) in 194.3 ms (external_request_id=chatcmpl-b9b0c4751e887283-a5495f87, prefetch_request_id=-1) [3m(storage_manager.py:726:lmcache.v1.distributed.storage_manager)[0m
[32;20m[2026-09-29 17:04:49,696] LMCache INFO:[0m Prefetch request completed (L1+L2): 10/10 retained keys (10 L1, 0 L2) in 193.8 ms (external_request_id=chatcmpl-8f85687aa1f35cfa-84485686, prefetch_request_id=-1) [3m(storage_manager.py:726:lmcache.v1.distributed.storage_manager)[0m
[32;20m[2026-09-29 17:04:49,696] LMCache INFO:[0m Prefetch request completed (L1+L2): 12/14 retained keys (12 L1, 0 L2) in 193.9 ms (external_request_id=chatcmpl-b4366bddff588816-97db5a36, prefetch_request_id=-1) [3m(storage_manager.py:726:lmcache.v1.distributed.storage_manager)[0m
[32;20m[2026-09-29 17:04:49,696] LMCache INFO:[0m Prefetch request completed (L1+L2): 10/12 retained keys (10 L1, 0 L2) in 193.8 ms (external_request_id=chatcmpl-89da03d56bc75c97-9b8f5247, prefetch_request_id=-1) [3m(storage_manager.py:726:lmcache.v1.distributed.storage_manager)[0m
[32;20m[2026-09-29 17:04:49,696] LMCache INFO:[0m Prefetch request completed (L1+L2): 11/12 retained keys (11 L1, 0 L2) in 193.3 ms (external_request_id=chatcmpl-b5d28279341ed0b7-a513da49, prefetch_request_id=-1) [3m(storage_manager.py:726:lmcache.v1.distributed.storage_manager)[0m
[32;20m[2026-09-29 17:04:49,697] LMCache INFO:[0m Prefetch request completed (L1+L2): 10/10 retained keys (10 L1, 0 L2) in 193.3 ms (external_request_id=chatcmpl-938519e92dc7e1ce-92bf9ddc, prefetch_request_id=-1) [3m(storage_manager.py:726:lmcache.v1.distributed.storage_manager)[0m
[32;20m[2026-09-29 17:04:49,697] LMCache INFO:[0m Prefetch request completed (L1+L2): 10/13 retained keys (10 L1, 0 L2) in 192.6 ms (external_request_id=chatcmpl-a10611739f8ceccb-bdf12028, prefetch_request_id=-1) [3m(storage_manager.py:726:lmcache.v1.distributed.storage_manager)[0m
[32;20m[2026-09-29 17:04:49,697] LMCache INFO:[0m Prefetch request completed (L1+L2): 10/11 retained keys (10 L1, 0 L2) in 192.5 ms (external_request_id=chatcmpl-88a09ee867eb2d6e-ae0914c8, prefetch_request_id=-1) [3m(storage_manager.py:726:lmcache.v1.distributed.storage_manager)[0m
[32;20m[2026-09-29 17:04:49,697] LMCache INFO:[0m Prefetch request completed (L1+L2): 9/10 retained keys (9 L1, 0 L2) in 192.5 ms (external_request_id=chatcmpl-803d7ef75f77dff1-b4038505, prefetch_request_id=-1) [3m(storage_manager.py:726:lmcache.v1.distributed.storage_manager)[0m
[32;20m[2026-09-29 17:04:49,698] LMCache INFO:[0m Prefetch request completed (L1+L2): 9/11 retained keys (9 L1, 0 L2) in 192.7 ms (external_request_id=chatcmpl-bc39e875bcb7d704-a9356240, prefetch_request_id=-1) [3m(storage_manager.py:726:lmcache.v1.distributed.storage_manager)[0m
[32;20m[2026-09-29 17:04:49,698] LMCache INFO:[0m Prefetch request completed (L1+L2): 9/9 retained keys (9 L1, 0 L2) in 192.7 ms (external_request_id=chatcmpl-82289b8e46aeb657-83528d36, prefetch_request_id=-1) [3m(storage_manager.py:726:lmcache.v1.distributed.storage_manager)[0m
[32;20m[2026-09-29 17:04:49,698] LMCache INFO:[0m Prefetch request completed (L1+L2): 10/11 retained keys (10 L1, 0 L2) in 192.5 ms (external_request_id=chatcmpl-811ac2daf3bdfe51-a5e1e1d8, prefetch_request_id=-1) [3m(storage_manager.py:726:lmcache.v1.distributed.storage_manager)[0m
[32;20m[2026-09-29 17:04:49,699] LMCache INFO:[0m Prefetch request completed (L1+L2): 9/10 retained keys (9 L1, 0 L2) in 193.3 ms (external_request_id=chatcmpl-95bf1100e35ca3e2-aaf44153, prefetch_request_id=-1) [3m(storage_manager.py:726:lmcache.v1.distributed.storage_manager)[0m
[32;20m[2026-09-29 17:04:49,699] LMCache INFO:[0m Prefetch request completed (L1+L2): 9/11 retained keys (9 L1, 0 L2) in 192.9 ms (external_request_id=chatcmpl-a92a07cf620161e2-b2fb6cd4, prefetch_request_id=-1) [3m(storage_manager.py:726:lmcache.v1.distributed.storage_manager)[0m
[32;20m[2026-09-29 17:04:49,699] LMCache INFO:[0m Prefetch request completed (L1+L2): 9/11 retained keys (9 L1, 0 L2) in 192.3 ms (external_request_id=chatcmpl-9e8fd99a0fd4093c-8600b999, prefetch_request_id=-1) [3m(storage_manager.py:726:lmcache.v1.distributed.storage_manager)[0m
[32;20m[2026-09-29 17:04:49,699] LMCache INFO:[0m Prefetch request completed (L1+L2): 9/12 retained keys (9 L1, 0 L2) in 192.2 ms (external_request_id=chatcmpl-bcc92ff1edb87e74-866b36ba, prefetch_request_id=-1) [3m(storage_manager.py:726:lmcache.v1.distributed.storage_manager)[0m
[32;20m[2026-09-29 17:04:49,699] LMCache INFO:[0m Prefetch request completed (L1+L2): 9/11 retained keys (9 L1, 0 L2) in 191.8 ms (external_request_id=chatcmpl-a60e269d62ca6e83-877adbea, prefetch_request_id=-1) [3m(storage_manager.py:726:lmcache.v1.distributed.storage_manager)[0m
[32;20m[2026-09-29 17:04:49,700] LMCache INFO:[0m Prefetch request completed (L1+L2): 10/13 retained keys (10 L1, 0 L2) in 191.6 ms (external_request_id=chatcmpl-a36c6d5fee065d5a-8500057d, prefetch_request_id=-1) [3m(storage_manager.py:726:lmcache.v1.distributed.storage_manager)[0m
[32;20m[2026-09-29 17:04:49,700] LMCache INFO:[0m Prefetch request completed (L1+L2): 9/9 retained keys (9 L1, 0 L2) in 191.5 ms (external_request_id=chatcmpl-92e9ea5a9faa44eb-bd2f6847, prefetch_request_id=-1) [3m(storage_manager.py:726:lmcache.v1.distributed.storage_manager)[0m
[32;20m[2026-09-29 17:04:49,702] LMCache INFO:[0m Stored 256 tokens in 0.004 seconds [3m(lmcache_driven_transfer.py:1276:lmcache.v1.multiprocess.modules.lmcache_driven_transfer)[0m
[32;20m[2026-09-29 17:04:49,746] LMCache INFO:[0m Stored 512 tokens in 0.001 seconds [3m(lmcache_driven_transfer.py:1276:lmcache.v1.multiprocess.modules.lmcache_driven_transfer)[0m
[32;20m[2026-09-29 17:04:49,747] LMCache INFO:[0m Stored 512 tokens in 0.001 seconds [3m(lmcache_driven_transfer.py:1276:lmcache.v1.multiprocess.modules.lmcache_driven_transfer)[0m
[32;20m[2026-09-29 17:04:49,924] LMCache INFO:[0m Stored 512 tokens in 0.001 seconds [3m(lmcache_driven_transfer.py:1276:lmcache.v1.multiprocess.modules.lmcache_driven_transfer)[0m
[32;20m[2026-09-29 17:04:50,280] LMCache INFO:[0m Stored 512 tokens in 0.002 seconds [3m(lmcache_driven_transfer.py:1276:lmcache.v1.multiprocess.modules.lmcache_driven_transfer)[0m
[32;20m[2026-09-29 17:04:50,444] LMCache INFO:[0m Stored 512 tokens in 0.001 seconds [3m(lmcache_driven_transfer.py:1276:lmcache.v1.multiprocess.modules.lmcache_driven_transfer)[0m
[32;20m[2026-09-29 17:04:50,532] LMCache INFO:[0m Stored 256 tokens in 0.002 seconds [3m(lmcache_driven_transfer.py:1276:lmcache.v1.multiprocess.modules.lmcache_driven_transfer)[0m
[32;20m[2026-09-29 17:04:50,973] LMCache INFO:[0m Stored 768 tokens in 0.002 seconds [3m(lmcache_driven_transfer.py:1276:lmcache.v1.multiprocess.modules.lmcache_driven_transfer)[0m
[32;20m[2026-09-29 17:04:51,005] LMCache INFO:[0m Stored 256 tokens in 0.001 seconds [3m(lmcache_driven_transfer.py:1276:lmcache.v1.multiprocess.modules.lmcache_driven_transfer)[0m
[32;20m[2026-09-29 17:04:51,147] LMCache INFO:[0m Stored 256 tokens in 0.001 seconds [3m(lmcache_driven_transfer.py:1276:lmcache.v1.multiprocess.modules.lmcache_driven_transfer)[0m
[32;20m[2026-09-29 17:04:51,199] LMCache INFO:[0m Stored 512 tokens in 0.001 seconds [3m(lmcache_driven_transfer.py:1276:lmcache.v1.multiprocess.modules.lmcache_driven_transfer)[0m
[32;20m[2026-09-29 17:04:51,502] LMCache INFO:[0m Stored 256 tokens in 0.001 seconds [3m(lmcache_driven_transfer.py:1276:lmcache.v1.multiprocess.modules.lmcache_driven_transfer)[0m
[32;20m[2026-09-29 17:04:51,503] LMCache INFO:[0m Stored 256 tokens in 0.001 seconds [3m(lmcache_driven_transfer.py:1276:lmcache.v1.multiprocess.modules.lmcache_driven_transfer)[0m
[32;20m[2026-09-29 17:04:51,779] LMCache INFO:[0m Stored 512 tokens in 0.001 seconds [3m(lmcache_driven_transfer.py:1276:lmcache.v1.multiprocess.modules.lmcache_driven_transfer)[0m
[32;20m[2026-09-29 17:04:51,865] LMCache INFO:[0m Stored 512 tokens in 0.001 seconds [3m(lmcache_driven_transfer.py:1276:lmcache.v1.multiprocess.modules.lmcache_driven_transfer)[0m
[32;20m[2026-09-29 17:04:52,052] LMCache INFO:[0m Stored 768 tokens in 0.001 seconds [3m(lmcache_driven_transfer.py:1276:lmcache.v1.multiprocess.modules.lmcache_driven_transfer)[0m
[32;20m[2026-09-29 17:04:52,259] LMCache INFO:[0m Stored 512 tokens in 0.001 seconds [3m(lmcache_driven_transfer.py:1276:lmcache.v1.multiprocess.modules.lmcache_driven_transfer)[0m
[32;20m[2026-09-29 17:04:52,425] LMCache INFO:[0m Stored 768 tokens in 0.002 seconds [3m(lmcache_driven_transfer.py:1276:lmcache.v1.multiprocess.modules.lmcache_driven_transfer)[0m
[32;20m[2026-09-29 17:04:52,507] LMCache INFO:[0m Prefetch request completed (L1+L2): 12/13 retained keys (12 L1, 0 L2) in 2806.2 ms (external_request_id=chatcmpl-9491dc0636cced29-b94a5774, prefetch_request_id=-1) [3m(storage_manager.py:726:lmcache.v1.distributed.storage_manager)[0m
[32;20m[2026-09-29 17:04:52,507] LMCache INFO:[0m Prefetch request completed (L1+L2): 9/10 retained keys (9 L1, 0 L2) in 2805.8 ms (external_request_id=chatcmpl-8b8025fb871d25cc-a9795316, prefetch_request_id=-1) [3m(storage_manager.py:726:lmcache.v1.distributed.storage_manager)[0m
[32;20m[2026-09-29 17:04:52,557] LMCache INFO:[0m Stored 256 tokens in 0.001 seconds [3m(lmcache_driven_transfer.py:1276:lmcache.v1.multiprocess.modules.lmcache_driven_transfer)[0m
[32;20m[2026-09-29 17:04:52,558] LMCache INFO:[0m Stored 256 tokens in 0.001 seconds [3m(lmcache_driven_transfer.py:1276:lmcache.v1.multiprocess.modules.lmcache_driven_transfer)[0m
[32;20m[2026-09-29 17:04:52,623] LMCache INFO:[0m Stored 256 tokens in 0.001 seconds [3m(lmcache_driven_transfer.py:1276:lmcache.v1.multiprocess.modules.lmcache_driven_transfer)[0m
[32;20m[2026-09-29 17:04:52,627] LMCache INFO:[0m Prefetch request completed (L1+L2): 10/10 retained keys (10 L1, 0 L2) in 119.1 ms (external_request_id=chatcmpl-aca0f7f03ede92e9-8fd600f6, prefetch_request_id=-1) [3m(storage_manager.py:726:lmcache.v1.distributed.storage_manager)[0m
[32;20m[2026-09-29 17:04:52,627] LMCache INFO:[0m Prefetch request completed (L1+L2): 12/12 retained keys (12 L1, 0 L2) in 118.9 ms (external_request_id=chatcmpl-b6e58bf9d2b6e333-8a7443be, prefetch_request_id=-1) [3m(storage_manager.py:726:lmcache.v1.distributed.storage_manager)[0m
[32;20m[2026-09-29 17:04:52,627] LMCache INFO:[0m Prefetch request completed (L1+L2): 10/11 retained keys (10 L1, 0 L2) in 118.6 ms (external_request_id=chatcmpl-a565263729617808-bf0389c7, prefetch_request_id=-1) [3m(storage_manager.py:726:lmcache.v1.distributed.storage_manager)[0m
[32;20m[2026-09-29 17:04:52,628] LMCache INFO:[0m Prefetch request completed (L1+L2): 11/12 retained keys (11 L1, 0 L2) in 118.0 ms (external_request_id=chatcmpl-a4a55056f72392cc-9d87adc1, prefetch_request_id=-1) [3m(storage_manager.py:726:lmcache.v1.distributed.storage_manager)[0m
[32;20m[2026-09-29 17:04:52,628] LMCache INFO:[0m Prefetch request completed (L1+L2): 10/11 retained keys (10 L1, 0 L2) in 117.9 ms (external_request_id=chatcmpl-b754072a8acd55e9-a9e05dcc, prefetch_request_id=-1) [3m(storage_manager.py:726:lmcache.v1.distributed.storage_manager)[0m
[32;20m[2026-09-29 17:04:52,628] LMCache INFO:[0m Prefetch request completed (L1+L2): 10/11 retained keys (10 L1, 0 L2) in 118.0 ms (external_request_id=chatcmpl-8cd6c3c78c6f0f5e-85bc6204, prefetch_request_id=-1) [3m(storage_manager.py:726:lmcache.v1.distributed.storage_manager)[0m
[32;20m[2026-09-29 17:04:52,628] LMCache INFO:[0m Prefetch request completed (L1+L2): 10/11 retained keys (10 L1, 0 L2) in 117.6 ms (external_request_id=chatcmpl-be0e38764cf03194-b2e98166, prefetch_request_id=-1) [3m(storage_manager.py:726:lmcache.v1.distributed.storage_manager)[0m
[32;20m[2026-09-29 17:04:52,628] LMCache INFO:[0m Prefetch request completed (L1+L2): 9/10 retained keys (9 L1, 0 L2) in 117.5 ms (external_request_id=chatcmpl-81eecf465b6ef32e-813f3e29, prefetch_request_id=-1) [3m(storage_manager.py:726:lmcache.v1.distributed.storage_manager)[0m
[32;20m[2026-09-29 17:04:52,629] LMCache INFO:[0m Prefetch request completed (L1+L2): 9/10 retained keys (9 L1, 0 L2) in 117.3 ms (external_request_id=chatcmpl-884fc46803aec026-815ceb90, prefetch_request_id=-1) [3m(storage_manager.py:726:lmcache.v1.distributed.storage_manager)[0m
[32;20m[2026-09-29 17:04:52,629] LMCache INFO:[0m Prefetch request completed (L1+L2): 9/9 retained keys (9 L1, 0 L2) in 116.9 ms (external_request_id=chatcmpl-8bf150c493150930-b0d18429, prefetch_request_id=-1) [3m(storage_manager.py:726:lmcache.v1.distributed.storage_manager)[0m
[32;20m[2026-09-29 17:04:52,629] LMCache INFO:[0m Prefetch request completed (L1+L2): 10/11 retained keys (10 L1, 0 L2) in 117.0 ms (external_request_id=chatcmpl-85ae45df449846be-87cb2ede, prefetch_request_id=-1) [3m(storage_manager.py:726:lmcache.v1.distributed.storage_manager)[0m
[32;20m[2026-09-29 17:04:52,629] LMCache INFO:[0m Prefetch request completed (L1+L2): 9/11 retained keys (9 L1, 0 L2) in 116.5 ms (external_request_id=chatcmpl-a0f38086fcdaa621-9926fb34, prefetch_request_id=-1) [3m(storage_manager.py:726:lmcache.v1.distributed.storage_manager)[0m
[32;20m[2026-09-29 17:04:52,630] LMCache INFO:[0m Prefetch request completed (L1+L2): 9/10 retained keys (9 L1, 0 L2) in 116.6 ms (external_request_id=chatcmpl-81e0c6446f0a1d56-bce0bb8e, prefetch_request_id=-1) [3m(storage_manager.py:726:lmcache.v1.distributed.storage_manager)[0m
[32;20m[2026-09-29 17:04:52,630] LMCache INFO:[0m Prefetch request completed (L1+L2): 9/10 retained keys (9 L1, 0 L2) in 116.4 ms (external_request_id=chatcmpl-a13b99520bb7539c-819fd4bb, prefetch_request_id=-1) [3m(storage_manager.py:726:lmcache.v1.distributed.storage_manager)[0m
[32;20m[2026-09-29 17:04:52,630] LMCache INFO:[0m Prefetch request completed (L1+L2): 9/10 retained keys (9 L1, 0 L2) in 116.1 ms (external_request_id=chatcmpl-a09594481ac10ada-9d309008, prefetch_request_id=-1) [3m(storage_manager.py:726:lmcache.v1.distributed.storage_manager)[0m
[32;20m[2026-09-29 17:04:52,630] LMCache INFO:[0m Prefetch request completed (L1+L2): 9/10 retained keys (9 L1, 0 L2) in 115.9 ms (external_request_id=chatcmpl-92e2ff1b8e3a8898-8885bdd5, prefetch_request_id=-1) [3m(storage_manager.py:726:lmcache.v1.distributed.storage_manager)[0m
[32;20m[2026-09-29 17:04:52,630] LMCache INFO:[0m Prefetch request completed (L1+L2): 10/13 retained keys (10 L1, 0 L2) in 115.6 ms (external_request_id=chatcmpl-9e6cd69ba08781df-ac4e0013, prefetch_request_id=-1) [3m(storage_manager.py:726:lmcache.v1.distributed.storage_manager)[0m
[32;20m[2026-09-29 17:04:52,631] LMCache INFO:[0m Prefetch request completed (L1+L2): 9/9 retained keys (9 L1, 0 L2) in 114.8 ms (external_request_id=chatcmpl-888c62a43d1c1361-86e9e415, prefetch_request_id=-1) [3m(storage_manager.py:726:lmcache.v1.distributed.storage_manager)[0m
[32;20m[2026-09-29 17:04:52,631] LMCache INFO:[0m Prefetch request completed (L1+L2): 12/13 retained keys (12 L1, 0 L2) in 114.7 ms (external_request_id=chatcmpl-baad6ac9db64ea77-9a93886a, prefetch_request_id=-1) [3m(storage_manager.py:726:lmcache.v1.distributed.storage_manager)[0m
[32;20m[2026-09-29 17:04:52,631] LMCache INFO:[0m Prefetch request completed (L1+L2): 9/11 retained keys (9 L1, 0 L2) in 114.7 ms (external_request_id=chatcmpl-bde0937d8abedb91-8dbc5549, prefetch_request_id=-1) [3m(storage_manager.py:726:lmcache.v1.distributed.storage_manager)[0m
[32;20m[2026-09-29 17:04:52,631] LMCache INFO:[0m Prefetch request completed (L1+L2): 10/10 retained keys (10 L1, 0 L2) in 114.8 ms (external_request_id=chatcmpl-9647e3337725a07f-b7546382, prefetch_request_id=-1) [3m(storage_manager.py:726:lmcache.v1.distributed.storage_manager)[0m
[32;20m[2026-09-29 17:04:52,631] LMCache INFO:[0m Prefetch request completed (L1+L2): 12/13 retained keys (12 L1, 0 L2) in 114.8 ms (external_request_id=chatcmpl-a0f7c91dc14563eb-aa8f74f1, prefetch_request_id=-1) [3m(storage_manager.py:726:lmcache.v1.distributed.storage_manager)[0m
[32;20m[2026-09-29 17:04:52,961] LMCache INFO:[0m Stored 256 tokens in 0.001 seconds [3m(lmcache_driven_transfer.py:1276:lmcache.v1.multiprocess.modules.lmcache_driven_transfer)[0m
[32;20m[2026-09-29 17:04:53,013] LMCache INFO:[0m L1 memory usage 0.81 above watermark 0.80; triggering eviction. [3m(eviction_controller.py:179:lmcache.v1.distributed.storage_controllers.eviction_controller)[0m
[32;20m[2026-09-29 17:04:53,025] LMCache INFO:[0m Stored 256 tokens in 0.002 seconds [3m(lmcache_driven_transfer.py:1276:lmcache.v1.multiprocess.modules.lmcache_driven_transfer)[0m
[32;20m[2026-09-29 17:04:53,027] LMCache INFO:[0m Stored 256 tokens in 0.001 seconds [3m(lmcache_driven_transfer.py:1276:lmcache.v1.multiprocess.modules.lmcache_driven_transfer)[0m
[32;20m[2026-09-29 17:04:53,255] LMCache INFO:[0m Stored 256 tokens in 0.001 seconds [3m(lmcache_driven_transfer.py:1276:lmcache.v1.multiprocess.modules.lmcache_driven_transfer)[0m
[32;20m[2026-09-29 17:04:53,399] LMCache INFO:[0m Stored 256 tokens in 0.001 seconds [3m(lmcache_driven_transfer.py:1276:lmcache.v1.multiprocess.modules.lmcache_driven_transfer)[0m
[32;20m[2026-09-29 17:04:53,510] LMCache INFO:[0m Stored 256 tokens in 0.001 seconds [3m(lmcache_driven_transfer.py:1276:lmcache.v1.multiprocess.modules.lmcache_driven_transfer)[0m
[32;20m[2026-09-29 17:04:53,512] LMCache INFO:[0m Stored 256 tokens in 0.001 seconds [3m(lmcache_driven_transfer.py:1276:lmcache.v1.multiprocess.modules.lmcache_driven_transfer)[0m
[32;20m[2026-09-29 17:04:53,694] LMCache INFO:[0m Stored 256 tokens in 0.002 seconds [3m(lmcache_driven_transfer.py:1276:lmcache.v1.multiprocess.modules.lmcache_driven_transfer)[0m
[32;20m[2026-09-29 17:04:53,695] LMCache INFO:[0m Stored 256 tokens in 0.001 seconds [3m(lmcache_driven_transfer.py:1276:lmcache.v1.multiprocess.modules.lmcache_driven_transfer)[0m
[32;20m[2026-09-29 17:04:53,896] LMCache INFO:[0m Stored 256 tokens in 0.001 seconds [3m(lmcache_driven_transfer.py:1276:lmcache.v1.multiprocess.modules.lmcache_driven_transfer)[0m
[32;20m[2026-09-29 17:04:54,182] LMCache INFO:[0m Stored 256 tokens in 0.002 seconds [3m(lmcache_driven_transfer.py:1276:lmcache.v1.multiprocess.modules.lmcache_driven_transfer)[0m
[32;20m[2026-09-29 17:04:54,269] LMCache INFO:[0m Stored 512 tokens in 0.002 seconds [3m(lmcache_driven_transfer.py:1276:lmcache.v1.multiprocess.modules.lmcache_driven_transfer)[0m
[32;20m[2026-09-29 17:04:54,399] LMCache INFO:[0m Stored 256 tokens in 0.001 seconds [3m(lmcache_driven_transfer.py:1276:lmcache.v1.multiprocess.modules.lmcache_driven_transfer)[0m
[32;20m[2026-09-29 17:04:54,430] LMCache INFO:[0m Stored 256 tokens in 0.002 seconds [3m(lmcache_driven_transfer.py:1276:lmcache.v1.multiprocess.modules.lmcache_driven_transfer)[0m
[32;20m[2026-09-29 17:04:54,464] LMCache INFO:[0m Stored 256 tokens in 0.001 seconds [3m(lmcache_driven_transfer.py:1276:lmcache.v1.multiprocess.modules.lmcache_driven_transfer)[0m
[32;20m[2026-09-29 17:04:54,678] LMCache INFO:[0m Stored 256 tokens in 0.001 seconds [3m(lmcache_driven_transfer.py:1276:lmcache.v1.multiprocess.modules.lmcache_driven_transfer)[0m
[32;20m[2026-09-29 17:04:54,786] LMCache INFO:[0m Stored 768 tokens in 0.002 seconds [3m(lmcache_driven_transfer.py:1276:lmcache.v1.multiprocess.modules.lmcache_driven_transfer)[0m
[32;20m[2026-09-29 17:04:54,896] LMCache INFO:[0m Stored 256 tokens in 0.001 seconds [3m(lmcache_driven_transfer.py:1276:lmcache.v1.multiprocess.modules.lmcache_driven_transfer)[0m
[32;20m[2026-09-29 17:04:55,162] LMCache INFO:[0m Stored 512 tokens in 0.002 seconds [3m(lmcache_driven_transfer.py:1276:lmcache.v1.multiprocess.modules.lmcache_driven_transfer)[0m
[32;20m[2026-09-29 17:04:55,164] LMCache INFO:[0m Stored 256 tokens in 0.001 seconds [3m(lmcache_driven_transfer.py:1276:lmcache.v1.multiprocess.modules.lmcache_driven_transfer)[0m
[32;20m[2026-09-29 17:04:55,333] LMCache INFO:[0m Stored 256 tokens in 0.001 seconds [3m(lmcache_driven_transfer.py:1276:lmcache.v1.multiprocess.modules.lmcache_driven_transfer)[0m
[32;20m[2026-09-29 17:04:55,354] LMCache INFO:[0m Stored 256 tokens in 0.001 seconds [3m(lmcache_driven_transfer.py:1276:lmcache.v1.multiprocess.modules.lmcache_driven_transfer)[0m
[32;20m[2026-09-29 17:04:55,417] LMCache INFO:[0m Prefetch request completed (L1+L2): 10/11 retained keys (10 L1, 0 L2) in 2785.0 ms (external_request_id=chatcmpl-a05388b89723a49a-9ec4115e, prefetch_request_id=-1) [3m(storage_manager.py:726:lmcache.v1.distributed.storage_manager)[0m
[32;20m[2026-09-29 17:04:55,417] LMCache INFO:[0m Prefetch request completed (L1+L2): 11/12 retained keys (11 L1, 0 L2) in 2784.6 ms (external_request_id=chatcmpl-b7208a670dc960a5-a54fe177, prefetch_request_id=-1) [3m(storage_manager.py:726:lmcache.v1.distributed.storage_manager)[0m
[32;20m[2026-09-29 17:04:55,465] LMCache INFO:[0m Stored 256 tokens in 0.003 seconds [3m(lmcache_driven_transfer.py:1276:lmcache.v1.multiprocess.modules.lmcache_driven_transfer)[0m
[32;20m[2026-09-29 17:04:55,496] LMCache INFO:[0m Stored 256 tokens in 0.001 seconds [3m(lmcache_driven_transfer.py:1276:lmcache.v1.multiprocess.modules.lmcache_driven_transfer)[0m
[32;20m[2026-09-29 17:04:55,593] LMCache INFO:[0m Prefetch request completed (L1+L2): 10/11 retained keys (10 L1, 0 L2) in 174.7 ms (external_request_id=chatcmpl-aaf3ba413bbba58d-8ab05342, prefetch_request_id=-1) [3m(storage_manager.py:726:lmcache.v1.distributed.storage_manager)[0m
[32;20m[2026-09-29 17:04:55,593] LMCache INFO:[0m Prefetch request completed (L1+L2): 10/12 retained keys (10 L1, 0 L2) in 174.9 ms (external_request_id=chatcmpl-966d28925264e77a-b8820ae3, prefetch_request_id=-1) [3m(storage_manager.py:726:lmcache.v1.distributed.storage_manager)[0m
[32;20m[2026-09-29 17:04:55,593] LMCache INFO:[0m Prefetch request completed (L1+L2): 10/12 retained keys (10 L1, 0 L2) in 174.3 ms (external_request_id=chatcmpl-bd845914a3c062e9-a5b9be94, prefetch_request_id=-1) [3m(storage_manager.py:726:lmcache.v1.distributed.storage_manager)[0m
[32;20m[2026-09-29 17:04:55,594] LMCache INFO:[0m Prefetch request completed (L1+L2): 9/10 retained keys (9 L1, 0 L2) in 174.3 ms (external_request_id=chatcmpl-94c84195e9a5a112-a4b68a7b, prefetch_request_id=-1) [3m(storage_manager.py:726:lmcache.v1.distributed.storage_manager)[0m
[32;20m[2026-09-29 17:04:55,594] LMCache INFO:[0m Prefetch request completed (L1+L2): 9/12 retained keys (9 L1, 0 L2) in 174.1 ms (external_request_id=chatcmpl-bf17e539ff8cdbdc-80f28376, prefetch_request_id=-1) [3m(storage_manager.py:726:lmcache.v1.distributed.storage_manager)[0m
[32;20m[2026-09-29 17:04:55,594] LMCache INFO:[0m Prefetch request completed (L1+L2): 9/11 retained keys (9 L1, 0 L2) in 173.8 ms (external_request_id=chatcmpl-9a9aca79251391e1-93f0d8f7, prefetch_request_id=-1) [3m(storage_manager.py:726:lmcache.v1.distributed.storage_manager)[0m
[32;20m[2026-09-29 17:04:55,594] LMCache INFO:[0m Prefetch request completed (L1+L2): 10/11 retained keys (10 L1, 0 L2) in 173.7 ms (external_request_id=chatcmpl-ac2f7f46f011c353-822d914f, prefetch_request_id=-1) [3m(storage_manager.py:726:lmcache.v1.distributed.storage_manager)[0m
[32;20m[2026-09-29 17:04:55,594] LMCache INFO:[0m Prefetch request completed (L1+L2): 9/9 retained keys (9 L1, 0 L2) in 173.3 ms (external_request_id=chatcmpl-b56a8ff8f4335f45-933e13c7, prefetch_request_id=-1) [3m(storage_manager.py:726:lmcache.v1.distributed.storage_manager)[0m
[32;20m[2026-09-29 17:04:55,594] LMCache INFO:[0m Prefetch request completed (L1+L2): 9/10 retained keys (9 L1, 0 L2) in 173.1 ms (external_request_id=chatcmpl-8cca639f875195c4-8226506b, prefetch_request_id=-1) [3m(storage_manager.py:726:lmcache.v1.distributed.storage_manager)[0m
[32;20m[2026-09-29 17:04:55,594] LMCache INFO:[0m Prefetch request completed (L1+L2): 9/10 retained keys (9 L1, 0 L2) in 172.4 ms (external_request_id=chatcmpl-a9b29a63a62c6b9d-a8dd1f88, prefetch_request_id=-1) [3m(storage_manager.py:726:lmcache.v1.distributed.storage_manager)[0m
[32;20m[2026-09-29 17:04:55,595] LMCache INFO:[0m Prefetch request completed (L1+L2): 9/10 retained keys (9 L1, 0 L2) in 172.5 ms (external_request_id=chatcmpl-b094a63f40401c4a-835a3156, prefetch_request_id=-1) [3m(storage_manager.py:726:lmcache.v1.distributed.storage_manager)[0m
[32;20m[2026-09-29 17:04:55,595] LMCache INFO:[0m Prefetch request completed (L1+L2): 9/11 retained keys (9 L1, 0 L2) in 172.4 ms (external_request_id=chatcmpl-b4f270b27d417ee1-ac31f55a, prefetch_request_id=-1) [3m(storage_manager.py:726:lmcache.v1.distributed.storage_manager)[0m
[32;20m[2026-09-29 17:04:55,595] LMCache INFO:[0m Prefetch request completed (L1+L2): 10/12 retained keys (10 L1, 0 L2) in 172.3 ms (external_request_id=chatcmpl-89b969e7cb8dab1e-b71dc130, prefetch_request_id=-1) [3m(storage_manager.py:726:lmcache.v1.distributed.storage_manager)[0m
[32;20m[2026-09-29 17:04:55,596] LMCache INFO:[0m Prefetch request completed (L1+L2): 9/12 retained keys (9 L1, 0 L2) in 172.0 ms (external_request_id=chatcmpl-a976b13b3ceed4d5-9f4013d4, prefetch_request_id=-1) [3m(storage_manager.py:726:lmcache.v1.distributed.storage_manager)[0m
[32;20m[2026-09-29 17:04:55,596] LMCache INFO:[0m Prefetch request completed (L1+L2): 12/13 retained keys (12 L1, 0 L2) in 171.6 ms (external_request_id=chatcmpl-993f7c3d04e4bbb4-913413a9, prefetch_request_id=-1) [3m(storage_manager.py:726:lmcache.v1.distributed.storage_manager)[0m
[32;20m[2026-09-29 17:04:55,596] LMCache INFO:[0m Prefetch request completed (L1+L2): 9/10 retained keys (9 L1, 0 L2) in 171.3 ms (external_request_id=chatcmpl-a7c590e6bd6e3b7c-9d9671e7, prefetch_request_id=-1) [3m(storage_manager.py:726:lmcache.v1.distributed.storage_manager)[0m
[32;20m[2026-09-29 17:04:55,596] LMCache INFO:[0m Prefetch request completed (L1+L2): 10/10 retained keys (10 L1, 0 L2) in 171.5 ms (external_request_id=chatcmpl-bbbcad59994844d3-96a93f6d, prefetch_request_id=-1) [3m(storage_manager.py:726:lmcache.v1.distributed.storage_manager)[0m
[32;20m[2026-09-29 17:04:55,597] LMCache INFO:[0m Prefetch request completed (L1+L2): 12/13 retained keys (12 L1, 0 L2) in 171.2 ms (external_request_id=chatcmpl-90e3a9420c9f2bb5-9e0f7b16, prefetch_request_id=-1) [3m(storage_manager.py:726:lmcache.v1.distributed.storage_manager)[0m
[32;20m[2026-09-29 17:04:55,597] LMCache INFO:[0m Prefetch request completed (L1+L2): 10/12 retained keys (10 L1, 0 L2) in 170.7 ms (external_request_id=chatcmpl-b2e85edcaf350574-a67c6d39, prefetch_request_id=-1) [3m(storage_manager.py:726:lmcache.v1.distributed.storage_manager)[0m
[32;20m[2026-09-29 17:04:55,597] LMCache INFO:[0m Prefetch request completed (L1+L2): 11/11 retained keys (11 L1, 0 L2) in 170.5 ms (external_request_id=chatcmpl-a8e1b07929e8af5b-93fdc209, prefetch_request_id=-1) [3m(storage_manager.py:726:lmcache.v1.distributed.storage_manager)[0m
[32;20m[2026-09-29 17:04:55,597] LMCache INFO:[0m Prefetch request completed (L1+L2): 10/10 retained keys (10 L1, 0 L2) in 169.9 ms (external_request_id=chatcmpl-9843f499f63a7444-a1eeed38, prefetch_request_id=-1) [3m(storage_manager.py:726:lmcache.v1.distributed.storage_manager)[0m
[32;20m[2026-09-29 17:04:55,597] LMCache INFO:[0m Prefetch request completed (L1+L2): 10/12 retained keys (10 L1, 0 L2) in 169.8 ms (external_request_id=chatcmpl-968bb07b4b13439c-871267d4, prefetch_request_id=-1) [3m(storage_manager.py:726:lmcache.v1.distributed.storage_manager)[0m
[32;20m[2026-09-29 17:04:55,641] LMCache INFO:[0m Stored 256 tokens in 0.002 seconds [3m(lmcache_driven_transfer.py:1276:lmcache.v1.multiprocess.modules.lmcache_driven_transfer)[0m
[32;20m[2026-09-29 17:04:55,753] LMCache INFO:[0m Stored 512 tokens in 0.002 seconds [3m(lmcache_driven_transfer.py:1276:lmcache.v1.multiprocess.modules.lmcache_driven_transfer)[0m
[32;20m[2026-09-29 17:04:55,906] LMCache INFO:[0m Stored 256 tokens in 0.001 seconds [3m(lmcache_driven_transfer.py:1276:lmcache.v1.multiprocess.modules.lmcache_driven_transfer)[0m
[32;20m[2026-09-29 17:04:55,977] LMCache INFO:[0m Stored 512 tokens in 0.002 seconds [3m(lmcache_driven_transfer.py:1276:lmcache.v1.multiprocess.modules.lmcache_driven_transfer)[0m
[32;20m[2026-09-29 17:04:56,011] LMCache INFO:[0m Stored 256 tokens in 0.001 seconds [3m(lmcache_driven_transfer.py:1276:lmcache.v1.multiprocess.modules.lmcache_driven_transfer)[0m
[32;20m[2026-09-29 17:04:56,277] LMCache INFO:[0m Stored 768 tokens in 0.002 seconds [3m(lmcache_driven_transfer.py:1276:lmcache.v1.multiprocess.modules.lmcache_driven_transfer)[0m
[32;20m[2026-09-29 17:04:56,439] LMCache INFO:[0m Stored 512 tokens in 0.002 seconds [3m(lmcache_driven_transfer.py:1276:lmcache.v1.multiprocess.modules.lmcache_driven_transfer)[0m
[32;20m[2026-09-29 17:04:56,610] LMCache INFO:[0m Stored 256 tokens in 0.001 seconds [3m(lmcache_driven_transfer.py:1276:lmcache.v1.multiprocess.modules.lmcache_driven_transfer)[0m
[32;20m[2026-09-29 17:04:56,611] LMCache INFO:[0m Stored 256 tokens in 0.001 seconds [3m(lmcache_driven_transfer.py:1276:lmcache.v1.multiprocess.modules.lmcache_driven_transfer)[0m
[32;20m[2026-09-29 17:04:56,748] LMCache INFO:[0m Stored 256 tokens in 0.002 seconds [3m(lmcache_driven_transfer.py:1276:lmcache.v1.multiprocess.modules.lmcache_driven_transfer)[0m
[32;20m[2026-09-29 17:04:56,836] LMCache INFO:[0m Stored 256 tokens in 0.001 seconds [3m(lmcache_driven_transfer.py:1276:lmcache.v1.multiprocess.modules.lmcache_driven_transfer)[0m
[32;20m[2026-09-29 17:04:57,137] LMCache INFO:[0m Stored 512 tokens in 0.002 seconds [3m(lmcache_driven_transfer.py:1276:lmcache.v1.multiprocess.modules.lmcache_driven_transfer)[0m
[32;20m[2026-09-29 17:04:57,243] LMCache INFO:[0m Stored 512 tokens in 0.001 seconds [3m(lmcache_driven_transfer.py:1276:lmcache.v1.multiprocess.modules.lmcache_driven_transfer)[0m
[32;20m[2026-09-29 17:04:57,370] LMCache INFO:[0m Stored 768 tokens in 0.002 seconds [3m(lmcache_driven_transfer.py:1276:lmcache.v1.multiprocess.modules.lmcache_driven_transfer)[0m
[32;20m[2026-09-29 17:04:57,472] LMCache INFO:[0m Stored 256 tokens in 0.001 seconds [3m(lmcache_driven_transfer.py:1276:lmcache.v1.multiprocess.modules.lmcache_driven_transfer)[0m
[32;20m[2026-09-29 17:04:57,756] LMCache INFO:[0m Stored 256 tokens in 0.001 seconds [3m(lmcache_driven_transfer.py:1276:lmcache.v1.multiprocess.modules.lmcache_driven_transfer)[0m
[32;20m[2026-09-29 17:04:57,928] LMCache INFO:[0m Stored 256 tokens in 0.002 seconds [3m(lmcache_driven_transfer.py:1276:lmcache.v1.multiprocess.modules.lmcache_driven_transfer)[0m
[32;20m[2026-09-29 17:04:57,979] LMCache INFO:[0m Stored 512 tokens in 0.003 seconds [3m(lmcache_driven_transfer.py:1276:lmcache.v1.multiprocess.modules.lmcache_driven_transfer)[0m
[32;20m[2026-09-29 17:04:58,069] LMCache INFO:[0m Stored 512 tokens in 0.001 seconds [3m(lmcache_driven_transfer.py:1276:lmcache.v1.multiprocess.modules.lmcache_driven_transfer)[0m
[32;20m[2026-09-29 17:04:58,142] LMCache INFO:[0m Stored 256 tokens in 0.001 seconds [3m(lmcache_driven_transfer.py:1276:lmcache.v1.multiprocess.modules.lmcache_driven_transfer)[0m
[32;20m[2026-09-29 17:04:58,262] LMCache INFO:[0m Prefetch request completed (L1+L2): 10/13 retained keys (10 L1, 0 L2) in 2664.8 ms (external_request_id=chatcmpl-818f07c86f4cf3b1-9735d669, prefetch_request_id=-1) [3m(storage_manager.py:726:lmcache.v1.distributed.storage_manager)[0m
[32;20m[2026-09-29 17:04:58,263] LMCache INFO:[0m Prefetch request completed (L1+L2): 9/10 retained keys (9 L1, 0 L2) in 2664.5 ms (external_request_id=chatcmpl-ab45d681ffd7e8a3-9ac2624e, prefetch_request_id=-1) [3m(storage_manager.py:726:lmcache.v1.distributed.storage_manager)[0m
[32;20m[2026-09-29 17:04:58,312] LMCache INFO:[0m Stored 768 tokens in 0.002 seconds [3m(lmcache_driven_transfer.py:1276:lmcache.v1.multiprocess.modules.lmcache_driven_transfer)[0m
[32;20m[2026-09-29 17:04:58,399] LMCache INFO:[0m Stored 256 tokens in 0.001 seconds [3m(lmcache_driven_transfer.py:1276:lmcache.v1.multiprocess.modules.lmcache_driven_transfer)[0m
[32;20m[2026-09-29 17:04:58,658] LMCache INFO:[0m Prefetch request completed (L1+L2): 9/12 retained keys (9 L1, 0 L2) in 394.8 ms (external_request_id=chatcmpl-88c3a947da1e477d-a2bdb9fd, prefetch_request_id=-1) [3m(storage_manager.py:726:lmcache.v1.distributed.storage_manager)[0m
[32;20m[2026-09-29 17:04:58,658] LMCache INFO:[0m Prefetch request completed (L1+L2): 9/11 retained keys (9 L1, 0 L2) in 394.6 ms (external_request_id=chatcmpl-ae3f1ff835ebd016-b2a64659, prefetch_request_id=-1) [3m(storage_manager.py:726:lmcache.v1.distributed.storage_manager)[0m
[32;20m[2026-09-29 17:04:58,659] LMCache INFO:[0m Prefetch request completed (L1+L2): 10/11 retained keys (10 L1, 0 L2) in 394.4 ms (external_request_id=chatcmpl-80661fb88acdb62b-9d1d2bce, prefetch_request_id=-1) [3m(storage_manager.py:726:lmcache.v1.distributed.storage_manager)[0m
[32;20m[2026-09-29 17:04:58,659] LMCache INFO:[0m Prefetch request completed (L1+L2): 9/10 retained keys (9 L1, 0 L2) in 394.0 ms (external_request_id=chatcmpl-9978be534ede4dfd-8af4e6af, prefetch_request_id=-1) [3m(storage_manager.py:726:lmcache.v1.distributed.storage_manager)[0m
[32;20m[2026-09-29 17:04:58,659] LMCache INFO:[0m Prefetch request completed (L1+L2): 9/10 retained keys (9 L1, 0 L2) in 394.1 ms (external_request_id=chatcmpl-81a0d6e2493a2444-a78fe782, prefetch_request_id=-1) [3m(storage_manager.py:726:lmcache.v1.distributed.storage_manager)[0m
[32;20m[2026-09-29 17:04:58,659] LMCache INFO:[0m Prefetch request completed (L1+L2): 9/11 retained keys (9 L1, 0 L2) in 393.7 ms (external_request_id=chatcmpl-9a4c5e74dadb1a06-bf4a10c8, prefetch_request_id=-1) [3m(storage_manager.py:726:lmcache.v1.distributed.storage_manager)[0m
[32;20m[2026-09-29 17:04:58,659] LMCache INFO:[0m Prefetch request completed (L1+L2): 9/10 retained keys (9 L1, 0 L2) in 393.3 ms (external_request_id=chatcmpl-a99772b8a6dcfd4b-ae9b759d, prefetch_request_id=-1) [3m(storage_manager.py:726:lmcache.v1.distributed.storage_manager)[0m
[32;20m[2026-09-29 17:04:58,659] LMCache INFO:[0m Prefetch request completed (L1+L2): 9/10 retained keys (9 L1, 0 L2) in 393.2 ms (external_request_id=chatcmpl-bc5323a34551391b-80324f9d, prefetch_request_id=-1) [3m(storage_manager.py:726:lmcache.v1.distributed.storage_manager)[0m
[32;20m[2026-09-29 17:04:58,660] LMCache INFO:[0m Prefetch request completed (L1+L2): 10/11 retained keys (10 L1, 0 L2) in 392.8 ms (external_request_id=chatcmpl-ade1daf62b35205d-889de414, prefetch_request_id=-1) [3m(storage_manager.py:726:lmcache.v1.distributed.storage_manager)[0m
[32;20m[2026-09-29 17:04:58,660] LMCache INFO:[0m Prefetch request completed (L1+L2): 9/11 retained keys (9 L1, 0 L2) in 392.5 ms (external_request_id=chatcmpl-9d611c7f424d194b-b357b644, prefetch_request_id=-1) [3m(storage_manager.py:726:lmcache.v1.distributed.storage_manager)[0m
[32;20m[2026-09-29 17:04:58,660] LMCache INFO:[0m Prefetch request completed (L1+L2): 12/14 retained keys (12 L1, 0 L2) in 392.3 ms (external_request_id=chatcmpl-9643ce6cc3302c00-94ec2c75, prefetch_request_id=-1) [3m(storage_manager.py:726:lmcache.v1.distributed.storage_manager)[0m
[32;20m[2026-09-29 17:04:58,660] LMCache INFO:[0m Prefetch request completed (L1+L2): 9/12 retained keys (9 L1, 0 L2) in 392.0 ms (external_request_id=chatcmpl-aad4b38d134d4c96-979a34a1, prefetch_request_id=-1) [3m(storage_manager.py:726:lmcache.v1.distributed.storage_manager)[0m
[32;20m[2026-09-29 17:04:58,660] LMCache INFO:[0m Prefetch request completed (L1+L2): 10/11 retained keys (10 L1, 0 L2) in 391.8 ms (external_request_id=chatcmpl-9f69a6d9453090e0-9b180ec5, prefetch_request_id=-1) [3m(storage_manager.py:726:lmcache.v1.distributed.storage_manager)[0m
[32;20m[2026-09-29 17:04:58,660] LMCache INFO:[0m Prefetch request completed (L1+L2): 12/13 retained keys (12 L1, 0 L2) in 391.5 ms (external_request_id=chatcmpl-8c3761a3b612150d-8306071d, prefetch_request_id=-1) [3m(storage_manager.py:726:lmcache.v1.distributed.storage_manager)[0m
[32;20m[2026-09-29 17:04:58,661] LMCache INFO:[0m Prefetch request completed (L1+L2): 10/10 retained keys (10 L1, 0 L2) in 391.2 ms (external_request_id=chatcmpl-b484f3f2baa82569-94c9c54a, prefetch_request_id=-1) [3m(storage_manager.py:726:lmcache.v1.distributed.storage_manager)[0m
[32;20m[2026-09-29 17:04:58,661] LMCache INFO:[0m Prefetch request completed (L1+L2): 11/12 retained keys (11 L1, 0 L2) in 391.0 ms (external_request_id=chatcmpl-b40000cf56d833d4-b73bdf15, prefetch_request_id=-1) [3m(storage_manager.py:726:lmcache.v1.distributed.storage_manager)[0m
[32;20m[2026-09-29 17:04:58,661] LMCache INFO:[0m Prefetch request completed (L1+L2): 10/13 retained keys (10 L1, 0 L2) in 390.7 ms (external_request_id=chatcmpl-9f9e0cdb8e3c071c-88aea5a4, prefetch_request_id=-1) [3m(storage_manager.py:726:lmcache.v1.distributed.storage_manager)[0m
[32;20m[2026-09-29 17:04:58,661] LMCache INFO:[0m Prefetch request completed (L1+L2): 10/12 retained keys (10 L1, 0 L2) in 390.5 ms (external_request_id=chatcmpl-a5ea54d35c649a8e-a22f4d5a, prefetch_request_id=-1) [3m(storage_manager.py:726:lmcache.v1.distributed.storage_manager)[0m
[32;20m[2026-09-29 17:04:58,661] LMCache INFO:[0m Prefetch request completed (L1+L2): 10/13 retained keys (10 L1, 0 L2) in 390.3 ms (external_request_id=chatcmpl-94207e626be35e9c-8a25ee81, prefetch_request_id=-1) [3m(storage_manager.py:726:lmcache.v1.distributed.storage_manager)[0m
[32;20m[2026-09-29 17:04:58,661] LMCache INFO:[0m Prefetch request completed (L1+L2): 9/11 retained keys (9 L1, 0 L2) in 390.0 ms (external_request_id=chatcmpl-993230ab2d85e5e9-8dddac21, prefetch_request_id=-1) [3m(storage_manager.py:726:lmcache.v1.distributed.storage_manager)[0m
[32;20m[2026-09-29 17:04:58,662] LMCache INFO:[0m Prefetch request completed (L1+L2): 9/11 retained keys (9 L1, 0 L2) in 389.9 ms (external_request_id=chatcmpl-a923d01f5da9645d-b748a6f6, prefetch_request_id=-1) [3m(storage_manager.py:726:lmcache.v1.distributed.storage_manager)[0m
[32;20m[2026-09-29 17:04:58,662] LMCache INFO:[0m Prefetch request completed (L1+L2): 9/12 retained keys (9 L1, 0 L2) in 389.8 ms (external_request_id=chatcmpl-bdaba49eab7597aa-acb8079f, prefetch_request_id=-1) [3m(storage_manager.py:726:lmcache.v1.distributed.storage_manager)[0m
[32;20m[2026-09-29 17:04:58,708] LMCache INFO:[0m Stored 768 tokens in 0.003 seconds [3m(lmcache_driven_transfer.py:1276:lmcache.v1.multiprocess.modules.lmcache_driven_transfer)[0m
[32;20m[2026-09-29 17:04:58,750] LMCache INFO:[0m Stored 512 tokens in 0.001 seconds [3m(lmcache_driven_transfer.py:1276:lmcache.v1.multiprocess.modules.lmcache_driven_transfer)[0m
[32;20m[2026-09-29 17:04:59,041] LMCache INFO:[0m Stored 256 tokens in 0.001 seconds [3m(lmcache_driven_transfer.py:1276:lmcache.v1.multiprocess.modules.lmcache_driven_transfer)[0m
[32;20m[2026-09-29 17:04:59,042] LMCache INFO:[0m Stored 256 tokens in 0.001 seconds [3m(lmcache_driven_transfer.py:1276:lmcache.v1.multiprocess.modules.lmcache_driven_transfer)[0m
[32;20m[2026-09-29 17:04:59,145] LMCache INFO:[0m Stored 256 tokens in 0.001 seconds [3m(lmcache_driven_transfer.py:1276:lmcache.v1.multiprocess.modules.lmcache_driven_transfer)[0m
[32;20m[2026-09-29 17:04:59,211] LMCache INFO:[0m Stored 512 tokens in 0.001 seconds [3m(lmcache_driven_transfer.py:1276:lmcache.v1.multiprocess.modules.lmcache_driven_transfer)[0m
[32;20m[2026-09-29 17:04:59,377] LMCache INFO:[0m Stored 256 tokens in 0.002 seconds [3m(lmcache_driven_transfer.py:1276:lmcache.v1.multiprocess.modules.lmcache_driven_transfer)[0m
[32;20m[2026-09-29 17:04:59,408] LMCache INFO:[0m Stored 256 tokens in 0.003 seconds [3m(lmcache_driven_transfer.py:1276:lmcache.v1.multiprocess.modules.lmcache_driven_transfer)[0m
[32;20m[2026-09-29 17:04:59,440] LMCache INFO:[0m Stored 256 tokens in 0.001 seconds [3m(lmcache_driven_transfer.py:1276:lmcache.v1.multiprocess.modules.lmcache_driven_transfer)[0m
[32;20m[2026-09-29 17:04:59,620] LMCache INFO:[0m Stored 512 tokens in 0.001 seconds [3m(lmcache_driven_transfer.py:1276:lmcache.v1.multiprocess.modules.lmcache_driven_transfer)[0m
[32;20m[2026-09-29 17:04:59,691] LMCache INFO:[0m Stored 256 tokens in 0.001 seconds [3m(lmcache_driven_transfer.py:1276:lmcache.v1.multiprocess.modules.lmcache_driven_transfer)[0m
[32;20m[2026-09-29 17:04:59,805] LMCache INFO:[0m Stored 512 tokens in 0.002 seconds [3m(lmcache_driven_transfer.py:1276:lmcache.v1.multiprocess.modules.lmcache_driven_transfer)[0m
[32;20m[2026-09-29 17:04:59,953] LMCache INFO:[0m Stored 768 tokens in 0.004 seconds [3m(lmcache_driven_transfer.py:1276:lmcache.v1.multiprocess.modules.lmcache_driven_transfer)[0m
[32;20m[2026-09-29 17:04:59,954] LMCache INFO:[0m Stored 256 tokens in 0.001 seconds [3m(lmcache_driven_transfer.py:1276:lmcache.v1.multiprocess.modules.lmcache_driven_transfer)[0m
[32;20m[2026-09-29 17:05:00,006] LMCache INFO:[0m Stored 256 tokens in 0.001 seconds [3m(lmcache_driven_transfer.py:1276:lmcache.v1.multiprocess.modules.lmcache_driven_transfer)[0m
[32;20m[2026-09-29 17:05:00,262] LMCache INFO:[0m Stored 256 tokens in 0.001 seconds [3m(lmcache_driven_transfer.py:1276:lmcache.v1.multiprocess.modules.lmcache_driven_transfer)[0m
[32;20m[2026-09-29 17:05:00,311] LMCache INFO:[0m Stored 256 tokens in 0.001 seconds [3m(lmcache_driven_transfer.py:1276:lmcache.v1.multiprocess.modules.lmcache_driven_transfer)[0m
[32;20m[2026-09-29 17:05:00,425] LMCache INFO:[0m Stored 768 tokens in 0.003 seconds [3m(lmcache_driven_transfer.py:1276:lmcache.v1.multiprocess.modules.lmcache_driven_transfer)[0m
[32;20m[2026-09-29 17:05:00,467] LMCache INFO:[0m Stored 512 tokens in 0.001 seconds [3m(lmcache_driven_transfer.py:1276:lmcache.v1.multiprocess.modules.lmcache_driven_transfer)[0m
[32;20m[2026-09-29 17:05:00,653] LMCache INFO:[0m Stored 768 tokens in 0.001 seconds [3m(lmcache_driven_transfer.py:1276:lmcache.v1.multiprocess.modules.lmcache_driven_transfer)[0m
[32;20m[2026-09-29 17:05:00,839] LMCache INFO:[0m Stored 512 tokens in 0.001 seconds [3m(lmcache_driven_transfer.py:1276:lmcache.v1.multiprocess.modules.lmcache_driven_transfer)[0m
[32;20m[2026-09-29 17:05:00,967] LMCache INFO:[0m Stored 512 tokens in 0.001 seconds [3m(lmcache_driven_transfer.py:1276:lmcache.v1.multiprocess.modules.lmcache_driven_transfer)[0m
[32;20m[2026-09-29 17:05:01,137] LMCache INFO:[0m Stored 768 tokens in 0.001 seconds [3m(lmcache_driven_transfer.py:1276:lmcache.v1.multiprocess.modules.lmcache_driven_transfer)[0m
[32;20m[2026-09-29 17:05:01,211] LMCache INFO:[0m Prefetch request completed (L1+L2): 10/11 retained keys (10 L1, 0 L2) in 2548.5 ms (external_request_id=chatcmpl-b81d2c2a9af24912-9d7d0088, prefetch_request_id=-1) [3m(storage_manager.py:726:lmcache.v1.distributed.storage_manager)[0m
[32;20m[2026-09-29 17:05:01,211] LMCache INFO:[0m Prefetch request completed (L1+L2): 9/9 retained keys (9 L1, 0 L2) in 2548.5 ms (external_request_id=chatcmpl-a7abc0e4f9c5e779-b9f94d9e, prefetch_request_id=-1) [3m(storage_manager.py:726:lmcache.v1.distributed.storage_manager)[0m
[32;20m[2026-09-29 17:05:01,265] LMCache INFO:[0m Stored 256 tokens in 0.001 seconds [3m(lmcache_driven_transfer.py:1276:lmcache.v1.multiprocess.modules.lmcache_driven_transfer)[0m
[32;20m[2026-09-29 17:05:01,373] LMCache INFO:[0m Prefetch request completed (L1+L2): 9/11 retained keys (9 L1, 0 L2) in 161.6 ms (external_request_id=chatcmpl-8d8cca9895e26643-9bdc677f, prefetch_request_id=-1) [3m(storage_manager.py:726:lmcache.v1.distributed.storage_manager)[0m
[32;20m[2026-09-29 17:05:01,373] LMCache INFO:[0m Prefetch request completed (L1+L2): 9/9 retained keys (9 L1, 0 L2) in 161.8 ms (external_request_id=chatcmpl-8dbe5923a43a548b-b6ce30f0, prefetch_request_id=-1) [3m(storage_manager.py:726:lmcache.v1.distributed.storage_manager)[0m
[32;20m[2026-09-29 17:05:01,374] LMCache INFO:[0m Prefetch request completed (L1+L2): 9/11 retained keys (9 L1, 0 L2) in 161.4 ms (external_request_id=chatcmpl-adcd021ab5cb8892-b02d1e29, prefetch_request_id=-1) [3m(storage_manager.py:726:lmcache.v1.distributed.storage_manager)[0m
[32;20m[2026-09-29 17:05:01,374] LMCache INFO:[0m Prefetch request completed (L1+L2): 9/10 retained keys (9 L1, 0 L2) in 161.3 ms (external_request_id=chatcmpl-97f992c6eca09fec-8ae4265f, prefetch_request_id=-1) [3m(storage_manager.py:726:lmcache.v1.distributed.storage_manager)[0m
[32;20m[2026-09-29 17:05:01,374] LMCache INFO:[0m Prefetch request completed (L1+L2): 10/12 retained keys (10 L1, 0 L2) in 160.4 ms (external_request_id=chatcmpl-aac88395ede40f0d-a92b7153, prefetch_request_id=-1) [3m(storage_manager.py:726:lmcache.v1.distributed.storage_manager)[0m
[32;20m[2026-09-29 17:05:01,374] LMCache INFO:[0m Prefetch request completed (L1+L2): 9/10 retained keys (9 L1, 0 L2) in 160.2 ms (external_request_id=chatcmpl-96d8da4d06fba252-b5e722d6, prefetch_request_id=-1) [3m(storage_manager.py:726:lmcache.v1.distributed.storage_manager)[0m
[32;20m[2026-09-29 17:05:01,374] LMCache INFO:[0m Prefetch request completed (L1+L2): 12/12 retained keys (12 L1, 0 L2) in 160.0 ms (external_request_id=chatcmpl-b1eee500868efc72-bf93f465, prefetch_request_id=-1) [3m(storage_manager.py:726:lmcache.v1.distributed.storage_manager)[0m
[32;20m[2026-09-29 17:05:01,375] LMCache INFO:[0m Prefetch request completed (L1+L2): 9/10 retained keys (9 L1, 0 L2) in 160.1 ms (external_request_id=chatcmpl-b3b576bdb6967d5b-8d4f11bf, prefetch_request_id=-1) [3m(storage_manager.py:726:lmcache.v1.distributed.storage_manager)[0m
[32;20m[2026-09-29 17:05:01,375] LMCache INFO:[0m Prefetch request completed (L1+L2): 10/11 retained keys (10 L1, 0 L2) in 159.8 ms (external_request_id=chatcmpl-8d626d081c13b630-b81ac4bf, prefetch_request_id=-1) [3m(storage_manager.py:726:lmcache.v1.distributed.storage_manager)[0m
[32;20m[2026-09-29 17:05:01,375] LMCache INFO:[0m Prefetch request completed (L1+L2): 12/12 retained keys (12 L1, 0 L2) in 159.3 ms (external_request_id=chatcmpl-aa8fa15994aefe1d-974ab4cd, prefetch_request_id=-1) [3m(storage_manager.py:726:lmcache.v1.distributed.storage_manager)[0m
[32;20m[2026-09-29 17:05:01,375] LMCache INFO:[0m Prefetch request completed (L1+L2): 10/12 retained keys (10 L1, 0 L2) in 159.0 ms (external_request_id=chatcmpl-8ae8af94627c277f-91c9282c, prefetch_request_id=-1) [3m(storage_manager.py:726:lmcache.v1.distributed.storage_manager)[0m
[32;20m[2026-09-29 17:05:01,375] LMCache INFO:[0m Prefetch request completed (L1+L2): 11/13 retained keys (11 L1, 0 L2) in 158.5 ms (external_request_id=chatcmpl-8637333e799f191b-af0718c7, prefetch_request_id=-1) [3m(storage_manager.py:726:lmcache.v1.distributed.storage_manager)[0m
[32;20m[2026-09-29 17:05:01,375] LMCache INFO:[0m Prefetch request completed (L1+L2): 10/11 retained keys (10 L1, 0 L2) in 158.1 ms (external_request_id=chatcmpl-bbee3fecf40b3697-817c98be, prefetch_request_id=-1) [3m(storage_manager.py:726:lmcache.v1.distributed.storage_manager)[0m
[32;20m[2026-09-29 17:05:01,376] LMCache INFO:[0m Prefetch request completed (L1+L2): 10/12 retained keys (10 L1, 0 L2) in 158.1 ms (external_request_id=chatcmpl-b9ed79f0f3d03fce-993d75d9, prefetch_request_id=-1) [3m(storage_manager.py:726:lmcache.v1.distributed.storage_manager)[0m
[32;20m[2026-09-29 17:05:01,376] LMCache INFO:[0m Prefetch request completed (L1+L2): 10/13 retained keys (10 L1, 0 L2) in 157.6 ms (external_request_id=chatcmpl-83b0ae63890c07c2-a0f668ac, prefetch_request_id=-1) [3m(storage_manager.py:726:lmcache.v1.distributed.storage_manager)[0m
[32;20m[2026-09-29 17:05:01,376] LMCache INFO:[0m Prefetch request completed (L1+L2): 9/11 retained keys (9 L1, 0 L2) in 157.4 ms (external_request_id=chatcmpl-a5bc9bad20e587cd-af86d43c, prefetch_request_id=-1) [3m(storage_manager.py:726:lmcache.v1.distributed.storage_manager)[0m
[32;20m[2026-09-29 17:05:01,376] LMCache INFO:[0m Prefetch request completed (L1+L2): 9/11 retained keys (9 L1, 0 L2) in 157.1 ms (external_request_id=chatcmpl-b2e674fa45f5d169-92834bdd, prefetch_request_id=-1) [3m(storage_manager.py:726:lmcache.v1.distributed.storage_manager)[0m
[32;20m[2026-09-29 17:05:01,376] LMCache INFO:[0m Prefetch request completed (L1+L2): 9/9 retained keys (9 L1, 0 L2) in 156.9 ms (external_request_id=chatcmpl-b3f00f35319fcabc-b19eb97f, prefetch_request_id=-1) [3m(storage_manager.py:726:lmcache.v1.distributed.storage_manager)[0m
[32;20m[2026-09-29 17:05:01,376] LMCache INFO:[0m Prefetch request completed (L1+L2): 10/11 retained keys (10 L1, 0 L2) in 156.7 ms (external_request_id=chatcmpl-af8a24ceb243cd81-8e30c015, prefetch_request_id=-1) [3m(storage_manager.py:726:lmcache.v1.distributed.storage_manager)[0m
[32;20m[2026-09-29 17:05:01,377] LMCache INFO:[0m Prefetch request completed (L1+L2): 9/10 retained keys (9 L1, 0 L2) in 156.3 ms (external_request_id=chatcmpl-b1b5bafc4e9653db-a4b410b3, prefetch_request_id=-1) [3m(storage_manager.py:726:lmcache.v1.distributed.storage_manager)[0m
[32;20m[2026-09-29 17:05:01,377] LMCache INFO:[0m Prefetch request completed (L1+L2): 9/10 retained keys (9 L1, 0 L2) in 156.2 ms (external_request_id=chatcmpl-9ced7b71110a67da-a10a2349, prefetch_request_id=-1) [3m(storage_manager.py:726:lmcache.v1.distributed.storage_manager)[0m
[32;20m[2026-09-29 17:05:01,377] LMCache INFO:[0m Prefetch request completed (L1+L2): 9/11 retained keys (9 L1, 0 L2) in 156.2 ms (external_request_id=chatcmpl-bd60986145e49c33-bf8bb58d, prefetch_request_id=-1) [3m(storage_manager.py:726:lmcache.v1.distributed.storage_manager)[0m
[32;20m[2026-09-29 17:05:01,419] LMCache INFO:[0m Stored 512 tokens in 0.001 seconds [3m(lmcache_driven_transfer.py:1276:lmcache.v1.multiprocess.modules.lmcache_driven_transfer)[0m
[32;20m[2026-09-29 17:05:01,656] LMCache INFO:[0m Stored 512 tokens in 0.001 seconds [3m(lmcache_driven_transfer.py:1276:lmcache.v1.multiprocess.modules.lmcache_driven_transfer)[0m
[32;20m[2026-09-29 17:05:01,764] LMCache INFO:[0m Stored 256 tokens in 0.002 seconds [3m(lmcache_driven_transfer.py:1276:lmcache.v1.multiprocess.modules.lmcache_driven_transfer)[0m
[32;20m[2026-09-29 17:05:01,767] LMCache INFO:[0m Stored 256 tokens in 0.001 seconds [3m(lmcache_driven_transfer.py:1276:lmcache.v1.multiprocess.modules.lmcache_driven_transfer)[0m
[32;20m[2026-09-29 17:05:01,917] LMCache INFO:[0m Stored 512 tokens in 0.001 seconds [3m(lmcache_driven_transfer.py:1276:lmcache.v1.multiprocess.modules.lmcache_driven_transfer)[0m
[32;20m[2026-09-29 17:05:01,918] LMCache INFO:[0m Stored 256 tokens in 0.001 seconds [3m(lmcache_driven_transfer.py:1276:lmcache.v1.multiprocess.modules.lmcache_driven_transfer)[0m
[32;20m[2026-09-29 17:05:02,016] LMCache INFO:[0m L1 memory usage 0.81 above watermark 0.80; triggering eviction. [3m(eviction_controller.py:179:lmcache.v1.distributed.storage_controllers.eviction_controller)[0m
[32;20m[2026-09-29 17:05:02,097] LMCache INFO:[0m Stored 256 tokens in 0.002 seconds [3m(lmcache_driven_transfer.py:1276:lmcache.v1.multiprocess.modules.lmcache_driven_transfer)[0m
[32;20m[2026-09-29 17:05:02,274] LMCache INFO:[0m Stored 256 tokens in 0.001 seconds [3m(lmcache_driven_transfer.py:1276:lmcache.v1.multiprocess.modules.lmcache_driven_transfer)[0m
[32;20m[2026-09-29 17:05:02,376] LMCache INFO:[0m Stored 512 tokens in 0.002 seconds [3m(lmcache_driven_transfer.py:1276:lmcache.v1.multiprocess.modules.lmcache_driven_transfer)[0m
[32;20m[2026-09-29 17:05:02,656] LMCache INFO:[0m Stored 512 tokens in 0.002 seconds [3m(lmcache_driven_transfer.py:1276:lmcache.v1.multiprocess.modules.lmcache_driven_transfer)[0m
[32;20m[2026-09-29 17:05:02,686] LMCache INFO:[0m Stored 256 tokens in 0.001 seconds [3m(lmcache_driven_transfer.py:1276:lmcache.v1.multiprocess.modules.lmcache_driven_transfer)[0m
INFO:     172.26.132.42:17142 - "GET /metrics HTTP/1.1" 200 OK
[32;20m[2026-09-29 17:05:02,811] LMCache INFO:[0m Stored 512 tokens in 0.001 seconds [3m(lmcache_driven_transfer.py:1276:lmcache.v1.multiprocess.modules.lmcache_driven_transfer)[0m
[32;20m[2026-09-29 17:05:02,812] LMCache INFO:[0m Stored 256 tokens in 0.001 seconds [3m(lmcache_driven_transfer.py:1276:lmcache.v1.multiprocess.modules.lmcache_driven_transfer)[0m
[32;20m[2026-09-29 17:05:03,080] LMCache INFO:[0m Stored 768 tokens in 0.001 seconds [3m(lmcache_driven_transfer.py:1276:lmcache.v1.multiprocess.modules.lmcache_driven_transfer)[0m
[32;20m[2026-09-29 17:05:03,244] LMCache INFO:[0m Stored 512 tokens in 0.001 seconds [3m(lmcache_driven_transfer.py:1276:lmcache.v1.multiprocess.modules.lmcache_driven_transfer)[0m
[32;20m[2026-09-29 17:05:03,311] LMCache INFO:[0m Stored 512 tokens in 0.001 seconds [3m(lmcache_driven_transfer.py:1276:lmcache.v1.multiprocess.modules.lmcache_driven_transfer)[0m
[32;20m[2026-09-29 17:05:03,494] LMCache INFO:[0m Stored 256 tokens in 0.001 seconds [3m(lmcache_driven_transfer.py:1276:lmcache.v1.multiprocess.modules.lmcache_driven_transfer)[0m
[32;20m[2026-09-29 17:05:03,565] LMCache INFO:[0m Stored 256 tokens in 0.002 seconds [3m(lmcache_driven_transfer.py:1276:lmcache.v1.multiprocess.modules.lmcache_driven_transfer)[0m
[32;20m[2026-09-29 17:05:03,568] LMCache INFO:[0m Stored 256 tokens in 0.001 seconds [3m(lmcache_driven_transfer.py:1276:lmcache.v1.multiprocess.modules.lmcache_driven_transfer)[0m
[32;20m[2026-09-29 17:05:03,634] LMCache INFO:[0m Stored 256 tokens in 0.001 seconds [3m(lmcache_driven_transfer.py:1276:lmcache.v1.multiprocess.modules.lmcache_driven_transfer)[0m
[32;20m[2026-09-29 17:05:03,724] LMCache INFO:[0m Stored 512 tokens in 0.001 seconds [3m(lmcache_driven_transfer.py:1276:lmcache.v1.multiprocess.modules.lmcache_driven_transfer)[0m
[32;20m[2026-09-29 17:05:03,876] LMCache INFO:[0m Prefetch request completed (L1+L2): 9/11 retained keys (9 L1, 0 L2) in 2498.3 ms (external_request_id=chatcmpl-905cc4ff9871b713-b1f6aae9, prefetch_request_id=-1) [3m(storage_manager.py:726:lmcache.v1.distributed.storage_manager)[0m
[32;20m[2026-09-29 17:05:03,876] LMCache INFO:[0m Prefetch request completed (L1+L2): 9/10 retained keys (9 L1, 0 L2) in 2498.3 ms (external_request_id=chatcmpl-93028c898258ec46-85b79cb0, prefetch_request_id=-1) [3m(storage_manager.py:726:lmcache.v1.distributed.storage_manager)[0m
[32;20m[2026-09-29 17:05:03,924] LMCache INFO:[0m Stored 512 tokens in 0.001 seconds [3m(lmcache_driven_transfer.py:1276:lmcache.v1.multiprocess.modules.lmcache_driven_transfer)[0m
[32;20m[2026-09-29 17:05:03,926] LMCache INFO:[0m Stored 256 tokens in 0.001 seconds [3m(lmcache_driven_transfer.py:1276:lmcache.v1.multiprocess.modules.lmcache_driven_transfer)[0m
[32;20m[2026-09-29 17:05:04,055] LMCache INFO:[0m Prefetch request completed (L1+L2): 10/11 retained keys (10 L1, 0 L2) in 177.7 ms (external_request_id=chatcmpl-b6d32c4b9a407934-952674dc, prefetch_request_id=-1) [3m(storage_manager.py:726:lmcache.v1.distributed.storage_manager)[0m
[32;20m[2026-09-29 17:05:04,055] LMCache INFO:[0m Prefetch request completed (L1+L2): 9/11 retained keys (9 L1, 0 L2) in 177.5 ms (external_request_id=chatcmpl-8127681f2740796d-91435fc1, prefetch_request_id=-1) [3m(storage_manager.py:726:lmcache.v1.distributed.storage_manager)[0m
[32;20m[2026-09-29 17:05:04,055] LMCache INFO:[0m Prefetch request completed (L1+L2): 12/13 retained keys (12 L1, 0 L2) in 177.3 ms (external_request_id=chatcmpl-ac0f9b5286799fda-82c1fb36, prefetch_request_id=-1) [3m(storage_manager.py:726:lmcache.v1.distributed.storage_manager)[0m
[32;20m[2026-09-29 17:05:04,055] LMCache INFO:[0m Prefetch request completed (L1+L2): 9/11 retained keys (9 L1, 0 L2) in 176.0 ms (external_request_id=chatcmpl-a91977657139cd3b-8778fb20, prefetch_request_id=-1) [3m(storage_manager.py:726:lmcache.v1.distributed.storage_manager)[0m
[32;20m[2026-09-29 17:05:04,055] LMCache INFO:[0m Prefetch request completed (L1+L2): 10/12 retained keys (10 L1, 0 L2) in 176.0 ms (external_request_id=chatcmpl-a5331ba4cfa9e6a3-95c381ac, prefetch_request_id=-1) [3m(storage_manager.py:726:lmcache.v1.distributed.storage_manager)[0m
[32;20m[2026-09-29 17:05:04,056] LMCache INFO:[0m Prefetch request completed (L1+L2): 12/13 retained keys (12 L1, 0 L2) in 175.9 ms (external_request_id=chatcmpl-82c1f38065bef25d-9942d804, prefetch_request_id=-1) [3m(storage_manager.py:726:lmcache.v1.distributed.storage_manager)[0m
[32;20m[2026-09-29 17:05:04,056] LMCache INFO:[0m Prefetch request completed (L1+L2): 10/12 retained keys (10 L1, 0 L2) in 175.7 ms (external_request_id=chatcmpl-8e55a80b67f8863a-92f226f2, prefetch_request_id=-1) [3m(storage_manager.py:726:lmcache.v1.distributed.storage_manager)[0m
[32;20m[2026-09-29 17:05:04,056] LMCache INFO:[0m Prefetch request completed (L1+L2): 11/12 retained keys (11 L1, 0 L2) in 175.7 ms (external_request_id=chatcmpl-9184a2903ba2b685-a240e71a, prefetch_request_id=-1) [3m(storage_manager.py:726:lmcache.v1.distributed.storage_manager)[0m
[32;20m[2026-09-29 17:05:04,056] LMCache INFO:[0m Prefetch request completed (L1+L2): 10/12 retained keys (10 L1, 0 L2) in 175.5 ms (external_request_id=chatcmpl-b32af8676006f460-8d7222d6, prefetch_request_id=-1) [3m(storage_manager.py:726:lmcache.v1.distributed.storage_manager)[0m
[32;20m[2026-09-29 17:05:04,056] LMCache INFO:[0m Prefetch request completed (L1+L2): 10/12 retained keys (10 L1, 0 L2) in 175.8 ms (external_request_id=chatcmpl-a68d23c0c2d240b0-892c67b2, prefetch_request_id=-1) [3m(storage_manager.py:726:lmcache.v1.distributed.storage_manager)[0m
[32;20m[2026-09-29 17:05:04,057] LMCache INFO:[0m Prefetch request completed (L1+L2): 10/12 retained keys (10 L1, 0 L2) in 175.6 ms (external_request_id=chatcmpl-aff9849d9921c30a-b9cdec2c, prefetch_request_id=-1) [3m(storage_manager.py:726:lmcache.v1.distributed.storage_manager)[0m
[32;20m[2026-09-29 17:05:04,057] LMCache INFO:[0m Prefetch request completed (L1+L2): 9/10 retained keys (9 L1, 0 L2) in 175.2 ms (external_request_id=chatcmpl-8682ebd0fea226f1-a9ab6705, prefetch_request_id=-1) [3m(storage_manager.py:726:lmcache.v1.distributed.storage_manager)[0m
[32;20m[2026-09-29 17:05:04,057] LMCache INFO:[0m Prefetch request completed (L1+L2): 9/10 retained keys (9 L1, 0 L2) in 174.8 ms (external_request_id=chatcmpl-9f1ad76cc95b2ea1-88ab5b46, prefetch_request_id=-1) [3m(storage_manager.py:726:lmcache.v1.distributed.storage_manager)[0m
[32;20m[2026-09-29 17:05:04,057] LMCache INFO:[0m Prefetch request completed (L1+L2): 9/9 retained keys (9 L1, 0 L2) in 174.5 ms (external_request_id=chatcmpl-9582aa2226d44ab7-a6398ef1, prefetch_request_id=-1) [3m(storage_manager.py:726:lmcache.v1.distributed.storage_manager)[0m
[32;20m[2026-09-29 17:05:04,057] LMCache INFO:[0m Prefetch request completed (L1+L2): 10/12 retained keys (10 L1, 0 L2) in 173.8 ms (external_request_id=chatcmpl-90f6b0e1c1309d10-8d3d8f99, prefetch_request_id=-1) [3m(storage_manager.py:726:lmcache.v1.distributed.storage_manager)[0m
[32;20m[2026-09-29 17:05:04,057] LMCache INFO:[0m Prefetch request completed (L1+L2): 9/10 retained keys (9 L1, 0 L2) in 173.6 ms (external_request_id=chatcmpl-82965ae78db4dafb-be882e76, prefetch_request_id=-1) [3m(storage_manager.py:726:lmcache.v1.distributed.storage_manager)[0m
[32;20m[2026-09-29 17:05:04,057] LMCache INFO:[0m Prefetch request completed (L1+L2): 9/11 retained keys (9 L1, 0 L2) in 173.5 ms (external_request_id=chatcmpl-b17c96e17518d812-b4284a0b, prefetch_request_id=-1) [3m(storage_manager.py:726:lmcache.v1.distributed.storage_manager)[0m
[32;20m[2026-09-29 17:05:04,057] LMCache INFO:[0m Prefetch request completed (L1+L2): 9/9 retained keys (9 L1, 0 L2) in 173.2 ms (external_request_id=chatcmpl-8b64d5a89b21f81a-98de87e5, prefetch_request_id=-1) [3m(storage_manager.py:726:lmcache.v1.distributed.storage_manager)[0m
[32;20m[2026-09-29 17:05:04,057] LMCache INFO:[0m Prefetch request completed (L1+L2): 9/11 retained keys (9 L1, 0 L2) in 172.8 ms (external_request_id=chatcmpl-8fbcef347b83fd89-bbc66a4d, prefetch_request_id=-1) [3m(storage_manager.py:726:lmcache.v1.distributed.storage_manager)[0m
[32;20m[2026-09-29 17:05:04,057] LMCache INFO:[0m Prefetch request completed (L1+L2): 9/10 retained keys (9 L1, 0 L2) in 172.2 ms (external_request_id=chatcmpl-8462578abb7ad182-99d38e8b, prefetch_request_id=-1) [3m(storage_manager.py:726:lmcache.v1.distributed.storage_manager)[0m
[32;20m[2026-09-29 17:05:04,057] LMCache INFO:[0m Prefetch request completed (L1+L2): 10/12 retained keys (10 L1, 0 L2) in 172.1 ms (external_request_id=chatcmpl-8a41aded6a0988dd-9ee2c32b, prefetch_request_id=-1) [3m(storage_manager.py:726:lmcache.v1.distributed.storage_manager)[0m
[32;20m[2026-09-29 17:05:04,058] LMCache INFO:[0m Prefetch request completed (L1+L2): 9/11 retained keys (9 L1, 0 L2) in 172.3 ms (external_request_id=chatcmpl-a92589f96eda64fa-a3ac201c, prefetch_request_id=-1) [3m(storage_manager.py:726:lmcache.v1.distributed.storage_manager)[0m
[32;20m[2026-09-29 17:05:04,101] LMCache INFO:[0m Stored 256 tokens in 0.001 seconds [3m(lmcache_driven_transfer.py:1276:lmcache.v1.multiprocess.modules.lmcache_driven_transfer)[0m
[32;20m[2026-09-29 17:05:04,153] LMCache INFO:[0m Stored 512 tokens in 0.001 seconds [3m(lmcache_driven_transfer.py:1276:lmcache.v1.multiprocess.modules.lmcache_driven_transfer)[0m
[32;20m[2026-09-29 17:05:04,493] LMCache INFO:[0m Stored 256 tokens in 0.001 seconds [3m(lmcache_driven_transfer.py:1276:lmcache.v1.multiprocess.modules.lmcache_driven_transfer)[0m
[32;20m[2026-09-29 17:05:04,629] LMCache INFO:[0m Stored 256 tokens in 0.001 seconds [3m(lmcache_driven_transfer.py:1276:lmcache.v1.multiprocess.modules.lmcache_driven_transfer)[0m
[32;20m[2026-09-29 17:05:04,679] LMCache INFO:[0m Stored 512 tokens in 0.001 seconds [3m(lmcache_driven_transfer.py:1276:lmcache.v1.multiprocess.modules.lmcache_driven_transfer)[0m
[32;20m[2026-09-29 17:05:04,786] LMCache INFO:[0m Stored 512 tokens in 0.002 seconds [3m(lmcache_driven_transfer.py:1276:lmcache.v1.multiprocess.modules.lmcache_driven_transfer)[0m
[32;20m[2026-09-29 17:05:04,818] LMCache INFO:[0m Stored 256 tokens in 0.001 seconds [3m(lmcache_driven_transfer.py:1276:lmcache.v1.multiprocess.modules.lmcache_driven_transfer)[0m
[32;20m[2026-09-29 17:05:04,946] LMCache INFO:[0m Stored 512 tokens in 0.001 seconds [3m(lmcache_driven_transfer.py:1276:lmcache.v1.multiprocess.modules.lmcache_driven_transfer)[0m
[32;20m[2026-09-29 17:05:05,034] LMCache INFO:[0m Stored 256 tokens in 0.003 seconds [3m(lmcache_driven_transfer.py:1276:lmcache.v1.multiprocess.modules.lmcache_driven_transfer)[0m
[32;20m[2026-09-29 17:05:05,065] LMCache INFO:[0m Stored 512 tokens in 0.001 seconds [3m(lmcache_driven_transfer.py:1276:lmcache.v1.multiprocess.modules.lmcache_driven_transfer)[0m
[32;20m[2026-09-29 17:05:05,184] LMCache INFO:[0m Stored 512 tokens in 0.001 seconds [3m(lmcache_driven_transfer.py:1276:lmcache.v1.multiprocess.modules.lmcache_driven_transfer)[0m
[32;20m[2026-09-29 17:05:05,529] LMCache INFO:[0m Stored 512 tokens in 0.001 seconds [3m(lmcache_driven_transfer.py:1276:lmcache.v1.multiprocess.modules.lmcache_driven_transfer)[0m
[32;20m[2026-09-29 17:05:05,717] LMCache INFO:[0m Stored 256 tokens in 0.002 seconds [3m(lmcache_driven_transfer.py:1276:lmcache.v1.multiprocess.modules.lmcache_driven_transfer)[0m
[32;20m[2026-09-29 17:05:05,719] LMCache INFO:[0m Stored 256 tokens in 0.002 seconds [3m(lmcache_driven_transfer.py:1276:lmcache.v1.multiprocess.modules.lmcache_driven_transfer)[0m
[32;20m[2026-09-29 17:05:05,782] LMCache INFO:[0m Stored 512 tokens in 0.001 seconds [3m(lmcache_driven_transfer.py:1276:lmcache.v1.multiprocess.modules.lmcache_driven_transfer)[0m
[32;20m[2026-09-29 17:05:05,946] LMCache INFO:[0m Stored 256 tokens in 0.001 seconds [3m(lmcache_driven_transfer.py:1276:lmcache.v1.multiprocess.modules.lmcache_driven_transfer)[0m
[32;20m[2026-09-29 17:05:06,055] LMCache INFO:[0m Stored 256 tokens in 0.001 seconds [3m(lmcache_driven_transfer.py:1276:lmcache.v1.multiprocess.modules.lmcache_driven_transfer)[0m
[32;20m[2026-09-29 17:05:06,126] LMCache INFO:[0m Stored 512 tokens in 0.003 seconds [3m(lmcache_driven_transfer.py:1276:lmcache.v1.multiprocess.modules.lmcache_driven_transfer)[0m
[32;20m[2026-09-29 17:05:06,185] LMCache INFO:[0m Stored 256 tokens in 0.001 seconds [3m(lmcache_driven_transfer.py:1276:lmcache.v1.multiprocess.modules.lmcache_driven_transfer)[0m
[32;20m[2026-09-29 17:05:06,501] LMCache INFO:[0m Stored 512 tokens in 0.002 seconds [3m(lmcache_driven_transfer.py:1276:lmcache.v1.multiprocess.modules.lmcache_driven_transfer)[0m
[32;20m[2026-09-29 17:05:06,568] LMCache INFO:[0m Stored 256 tokens in 0.002 seconds [3m(lmcache_driven_transfer.py:1276:lmcache.v1.multiprocess.modules.lmcache_driven_transfer)[0m
[32;20m[2026-09-29 17:05:06,601] LMCache INFO:[0m Stored 512 tokens in 0.001 seconds [3m(lmcache_driven_transfer.py:1276:lmcache.v1.multiprocess.modules.lmcache_driven_transfer)[0m
[32;20m[2026-09-29 17:05:07,029] LMCache INFO:[0m Prefetch request completed (L1+L2): 12/13 retained keys (12 L1, 0 L2) in 2970.2 ms (external_request_id=chatcmpl-8e7ec8ff70250997-9e4fffe6, prefetch_request_id=-1) [3m(storage_manager.py:726:lmcache.v1.distributed.storage_manager)[0m
[32;20m[2026-09-29 17:05:07,029] LMCache INFO:[0m Prefetch request completed (L1+L2): 9/11 retained keys (9 L1, 0 L2) in 2970.0 ms (external_request_id=chatcmpl-9676d76ca08195d5-b3ee387a, prefetch_request_id=-1) [3m(storage_manager.py:726:lmcache.v1.distributed.storage_manager)[0m
[32;20m[2026-09-29 17:05:07,065] LMCache INFO:[0m Stored 512 tokens in 0.002 seconds [3m(lmcache_driven_transfer.py:1276:lmcache.v1.multiprocess.modules.lmcache_driven_transfer)[0m
[32;20m[2026-09-29 17:05:07,095] LMCache INFO:[0m Stored 256 tokens in 0.001 seconds [3m(lmcache_driven_transfer.py:1276:lmcache.v1.multiprocess.modules.lmcache_driven_transfer)[0m
[32;20m[2026-09-29 17:05:07,144] LMCache INFO:[0m Stored 512 tokens in 0.001 seconds [3m(lmcache_driven_transfer.py:1276:lmcache.v1.multiprocess.modules.lmcache_driven_transfer)[0m
[32;20m[2026-09-29 17:05:07,161] LMCache INFO:[0m Prefetch request completed (L1+L2): 10/11 retained keys (10 L1, 0 L2) in 131.3 ms (external_request_id=chatcmpl-b6e0bc2612bb2663-a2eea983, prefetch_request_id=-1) [3m(storage_manager.py:726:lmcache.v1.distributed.storage_manager)[0m
[32;20m[2026-09-29 17:05:07,161] LMCache INFO:[0m Prefetch request completed (L1+L2): 12/13 retained keys (12 L1, 0 L2) in 130.9 ms (external_request_id=chatcmpl-9d6110210636ce10-a320d049, prefetch_request_id=-1) [3m(storage_manager.py:726:lmcache.v1.distributed.storage_manager)[0m
[32;20m[2026-09-29 17:05:07,161] LMCache INFO:[0m Prefetch request completed (L1+L2): 10/10 retained keys (10 L1, 0 L2) in 131.0 ms (external_request_id=chatcmpl-945d1cbdaa63c812-97d04840, prefetch_request_id=-1) [3m(storage_manager.py:726:lmcache.v1.distributed.storage_manager)[0m
[32;20m[2026-09-29 17:05:07,161] LMCache INFO:[0m Prefetch request completed (L1+L2): 11/12 retained keys (11 L1, 0 L2) in 130.6 ms (external_request_id=chatcmpl-9d2d6ee7cbdd02bc-bab1352c, prefetch_request_id=-1) [3m(storage_manager.py:726:lmcache.v1.distributed.storage_manager)[0m
[32;20m[2026-09-29 17:05:07,162] LMCache INFO:[0m Prefetch request completed (L1+L2): 10/11 retained keys (10 L1, 0 L2) in 130.5 ms (external_request_id=chatcmpl-b21c74c646e83f76-b7995b9f, prefetch_request_id=-1) [3m(storage_manager.py:726:lmcache.v1.distributed.storage_manager)[0m
[32;20m[2026-09-29 17:05:07,162] LMCache INFO:[0m Prefetch request completed (L1+L2): 10/13 retained keys (10 L1, 0 L2) in 130.2 ms (external_request_id=chatcmpl-aa192a28de4df54b-949fc635, prefetch_request_id=-1) [3m(storage_manager.py:726:lmcache.v1.distributed.storage_manager)[0m
[32;20m[2026-09-29 17:05:07,162] LMCache INFO:[0m Prefetch request completed (L1+L2): 10/13 retained keys (10 L1, 0 L2) in 128.7 ms (external_request_id=chatcmpl-857345402996828c-94ae14c3, prefetch_request_id=-1) [3m(storage_manager.py:726:lmcache.v1.distributed.storage_manager)[0m
[32;20m[2026-09-29 17:05:07,162] LMCache INFO:[0m Prefetch request completed (L1+L2): 9/12 retained keys (9 L1, 0 L2) in 128.7 ms (external_request_id=chatcmpl-87f1c3067e45aed3-b8e14690, prefetch_request_id=-1) [3m(storage_manager.py:726:lmcache.v1.distributed.storage_manager)[0m
[32;20m[2026-09-29 17:05:07,162] LMCache INFO:[0m Prefetch request completed (L1+L2): 9/10 retained keys (9 L1, 0 L2) in 128.6 ms (external_request_id=chatcmpl-92811d4a2ab9f16c-a2955809, prefetch_request_id=-1) [3m(storage_manager.py:726:lmcache.v1.distributed.storage_manager)[0m
[32;20m[2026-09-29 17:05:07,162] LMCache INFO:[0m Prefetch request completed (L1+L2): 9/10 retained keys (9 L1, 0 L2) in 128.6 ms (external_request_id=chatcmpl-90f01430b18f0d21-9a9a3730, prefetch_request_id=-1) [3m(storage_manager.py:726:lmcache.v1.distributed.storage_manager)[0m
[32;20m[2026-09-29 17:05:07,163] LMCache INFO:[0m Prefetch request completed (L1+L2): 10/13 retained keys (10 L1, 0 L2) in 128.6 ms (external_request_id=chatcmpl-a542ad788f36c00b-8e34b5ce, prefetch_request_id=-1) [3m(storage_manager.py:726:lmcache.v1.distributed.storage_manager)[0m
[32;20m[2026-09-29 17:05:07,163] LMCache INFO:[0m Prefetch request completed (L1+L2): 9/9 retained keys (9 L1, 0 L2) in 128.6 ms (external_request_id=chatcmpl-8cc5e2400a6609e3-a0b06952, prefetch_request_id=-1) [3m(storage_manager.py:726:lmcache.v1.distributed.storage_manager)[0m
[32;20m[2026-09-29 17:05:07,163] LMCache INFO:[0m Prefetch request completed (L1+L2): 9/11 retained keys (9 L1, 0 L2) in 128.6 ms (external_request_id=chatcmpl-b803d6da05ec7035-bf34458d, prefetch_request_id=-1) [3m(storage_manager.py:726:lmcache.v1.distributed.storage_manager)[0m
[32;20m[2026-09-29 17:05:07,163] LMCache INFO:[0m Prefetch request completed (L1+L2): 9/10 retained keys (9 L1, 0 L2) in 128.5 ms (external_request_id=chatcmpl-9b9a5042d39e519c-824d3db8, prefetch_request_id=-1) [3m(storage_manager.py:726:lmcache.v1.distributed.storage_manager)[0m
[32;20m[2026-09-29 17:05:07,163] LMCache INFO:[0m Prefetch request completed (L1+L2): 9/11 retained keys (9 L1, 0 L2) in 128.1 ms (external_request_id=chatcmpl-9efa951f7fcb47e9-afb674a7, prefetch_request_id=-1) [3m(storage_manager.py:726:lmcache.v1.distributed.storage_manager)[0m
[32;20m[2026-09-29 17:05:07,163] LMCache INFO:[0m Prefetch request completed (L1+L2): 9/10 retained keys (9 L1, 0 L2) in 128.1 ms (external_request_id=chatcmpl-b0af9bda8539bd6b-9ac3795c, prefetch_request_id=-1) [3m(storage_manager.py:726:lmcache.v1.distributed.storage_manager)[0m
[32;20m[2026-09-29 17:05:07,164] LMCache INFO:[0m Prefetch request completed (L1+L2): 10/11 retained keys (10 L1, 0 L2) in 127.7 ms (external_request_id=chatcmpl-bca29ca42688514d-a60a82a4, prefetch_request_id=-1) [3m(storage_manager.py:726:lmcache.v1.distributed.storage_manager)[0m
[32;20m[2026-09-29 17:05:07,164] LMCache INFO:[0m Prefetch request completed (L1+L2): 9/12 retained keys (9 L1, 0 L2) in 127.4 ms (external_request_id=chatcmpl-9830cdcf9317f31e-8b203cd8, prefetch_request_id=-1) [3m(storage_manager.py:726:lmcache.v1.distributed.storage_manager)[0m
[32;20m[2026-09-29 17:05:07,164] LMCache INFO:[0m Prefetch request completed (L1+L2): 12/12 retained keys (12 L1, 0 L2) in 127.3 ms (external_request_id=chatcmpl-9a09ef0ed72b5650-be453a89, prefetch_request_id=-1) [3m(storage_manager.py:726:lmcache.v1.distributed.storage_manager)[0m
[32;20m[2026-09-29 17:05:07,164] LMCache INFO:[0m Prefetch request completed (L1+L2): 9/11 retained keys (9 L1, 0 L2) in 126.9 ms (external_request_id=chatcmpl-bc6b81a1007247bb-b2253ce0, prefetch_request_id=-1) [3m(storage_manager.py:726:lmcache.v1.distributed.storage_manager)[0m
[32;20m[2026-09-29 17:05:07,164] LMCache INFO:[0m Prefetch request completed (L1+L2): 10/11 retained keys (10 L1, 0 L2) in 126.9 ms (external_request_id=chatcmpl-8285cccd7fdb7f70-9445b84a, prefetch_request_id=-1) [3m(storage_manager.py:726:lmcache.v1.distributed.storage_manager)[0m
[32;20m[2026-09-29 17:05:07,257] LMCache INFO:[0m Stored 256 tokens in 0.003 seconds [3m(lmcache_driven_transfer.py:1276:lmcache.v1.multiprocess.modules.lmcache_driven_transfer)[0m
[32;20m[2026-09-29 17:05:07,289] LMCache INFO:[0m Stored 256 tokens in 0.001 seconds [3m(lmcache_driven_transfer.py:1276:lmcache.v1.multiprocess.modules.lmcache_driven_transfer)[0m
[32;20m[2026-09-29 17:05:07,486] LMCache INFO:[0m Stored 256 tokens in 0.001 seconds [3m(lmcache_driven_transfer.py:1276:lmcache.v1.multiprocess.modules.lmcache_driven_transfer)[0m
[32;20m[2026-09-29 17:05:07,675] LMCache INFO:[0m Stored 256 tokens in 0.001 seconds [3m(lmcache_driven_transfer.py:1276:lmcache.v1.multiprocess.modules.lmcache_driven_transfer)[0m
[32;20m[2026-09-29 17:05:07,822] LMCache INFO:[0m Stored 768 tokens in 0.002 seconds [3m(lmcache_driven_transfer.py:1276:lmcache.v1.multiprocess.modules.lmcache_driven_transfer)[0m
[32;20m[2026-09-29 17:05:07,854] LMCache INFO:[0m Stored 768 tokens in 0.001 seconds [3m(lmcache_driven_transfer.py:1276:lmcache.v1.multiprocess.modules.lmcache_driven_transfer)[0m
[32;20m[2026-09-29 17:05:08,175] LMCache INFO:[0m Stored 768 tokens in 0.002 seconds [3m(lmcache_driven_transfer.py:1276:lmcache.v1.multiprocess.modules.lmcache_driven_transfer)[0m
[32;20m[2026-09-29 17:05:08,276] LMCache INFO:[0m Stored 256 tokens in 0.001 seconds [3m(lmcache_driven_transfer.py:1276:lmcache.v1.multiprocess.modules.lmcache_driven_transfer)[0m
[32;20m[2026-09-29 17:05:08,426] LMCache INFO:[0m Stored 256 tokens in 0.001 seconds [3m(lmcache_driven_transfer.py:1276:lmcache.v1.multiprocess.modules.lmcache_driven_transfer)[0m
[32;20m[2026-09-29 17:05:08,675] LMCache INFO:[0m Stored 768 tokens in 0.002 seconds [3m(lmcache_driven_transfer.py:1276:lmcache.v1.multiprocess.modules.lmcache_driven_transfer)[0m
[32;20m[2026-09-29 17:05:08,908] LMCache INFO:[0m Stored 512 tokens in 0.001 seconds [3m(lmcache_driven_transfer.py:1276:lmcache.v1.multiprocess.modules.lmcache_driven_transfer)[0m
[32;20m[2026-09-29 17:05:09,097] LMCache INFO:[0m Stored 256 tokens in 0.002 seconds [3m(lmcache_driven_transfer.py:1276:lmcache.v1.multiprocess.modules.lmcache_driven_transfer)[0m
[32;20m[2026-09-29 17:05:09,190] LMCache INFO:[0m Stored 512 tokens in 0.002 seconds [3m(lmcache_driven_transfer.py:1276:lmcache.v1.multiprocess.modules.lmcache_driven_transfer)[0m
[32;20m[2026-09-29 17:05:09,191] LMCache INFO:[0m Stored 256 tokens in 0.001 seconds [3m(lmcache_driven_transfer.py:1276:lmcache.v1.multiprocess.modules.lmcache_driven_transfer)[0m
[32;20m[2026-09-29 17:05:09,470] LMCache INFO:[0m Stored 256 tokens in 0.001 seconds [3m(lmcache_driven_transfer.py:1276:lmcache.v1.multiprocess.modules.lmcache_driven_transfer)[0m
[32;20m[2026-09-29 17:05:09,582] LMCache INFO:[0m Stored 768 tokens in 0.001 seconds [3m(lmcache_driven_transfer.py:1276:lmcache.v1.multiprocess.modules.lmcache_driven_transfer)[0m
[32;20m[2026-09-29 17:05:09,764] LMCache INFO:[0m Stored 512 tokens in 0.001 seconds [3m(lmcache_driven_transfer.py:1276:lmcache.v1.multiprocess.modules.lmcache_driven_transfer)[0m
[32;20m[2026-09-29 17:05:09,870] LMCache INFO:[0m Stored 256 tokens in 0.001 seconds [3m(lmcache_driven_transfer.py:1276:lmcache.v1.multiprocess.modules.lmcache_driven_transfer)[0m
[32;20m[2026-09-29 17:05:09,873] LMCache INFO:[0m Prefetch request completed (L1+L2): 12/14 retained keys (12 L1, 0 L2) in 2708.0 ms (external_request_id=chatcmpl-ab4a7840d463344e-b514cd93, prefetch_request_id=-1) [3m(storage_manager.py:726:lmcache.v1.distributed.storage_manager)[0m
[32;20m[2026-09-29 17:05:09,874] LMCache INFO:[0m Prefetch request completed (L1+L2): 10/11 retained keys (10 L1, 0 L2) in 2708.2 ms (external_request_id=chatcmpl-a68f155a3bf168fc-bb6de9f8, prefetch_request_id=-1) [3m(storage_manager.py:726:lmcache.v1.distributed.storage_manager)[0m
[32;20m[2026-09-29 17:05:09,874] LMCache INFO:[0m Prefetch request completed (L1+L2): 11/12 retained keys (11 L1, 0 L2) in 2707.9 ms (external_request_id=chatcmpl-ae797db1879aa461-ae215616, prefetch_request_id=-1) [3m(storage_manager.py:726:lmcache.v1.distributed.storage_manager)[0m
[32;20m[2026-09-29 17:05:09,935] LMCache INFO:[0m Stored 512 tokens in 0.002 seconds [3m(lmcache_driven_transfer.py:1276:lmcache.v1.multiprocess.modules.lmcache_driven_transfer)[0m
[32;20m[2026-09-29 17:05:10,123] LMCache INFO:[0m Stored 256 tokens in 0.001 seconds [3m(lmcache_driven_transfer.py:1276:lmcache.v1.multiprocess.modules.lmcache_driven_transfer)[0m
[32;20m[2026-09-29 17:05:10,215] LMCache INFO:[0m Stored 256 tokens in 0.001 seconds [3m(lmcache_driven_transfer.py:1276:lmcache.v1.multiprocess.modules.lmcache_driven_transfer)[0m
[32;20m[2026-09-29 17:05:10,296] LMCache INFO:[0m Prefetch request completed (L1+L2): 10/10 retained keys (10 L1, 0 L2) in 422.3 ms (external_request_id=chatcmpl-a4b1ebbfdaad213a-8f9704b7, prefetch_request_id=-1) [3m(storage_manager.py:726:lmcache.v1.distributed.storage_manager)[0m
[32;20m[2026-09-29 17:05:10,296] LMCache INFO:[0m Prefetch request completed (L1+L2): 10/12 retained keys (10 L1, 0 L2) in 422.3 ms (external_request_id=chatcmpl-a6efc556d40e4aa2-9d340e8d, prefetch_request_id=-1) [3m(storage_manager.py:726:lmcache.v1.distributed.storage_manager)[0m
[32;20m[2026-09-29 17:05:10,297] LMCache INFO:[0m Prefetch request completed (L1+L2): 10/11 retained keys (10 L1, 0 L2) in 422.1 ms (external_request_id=chatcmpl-a70ae1f16eb48919-86248b63, prefetch_request_id=-1) [3m(storage_manager.py:726:lmcache.v1.distributed.storage_manager)[0m
[32;20m[2026-09-29 17:05:10,297] LMCache INFO:[0m Prefetch request completed (L1+L2): 9/12 retained keys (9 L1, 0 L2) in 421.8 ms (external_request_id=chatcmpl-bbcdc0733f73003d-a1c3e465, prefetch_request_id=-1) [3m(storage_manager.py:726:lmcache.v1.distributed.storage_manager)[0m
[32;20m[2026-09-29 17:05:10,297] LMCache INFO:[0m Prefetch request completed (L1+L2): 9/12 retained keys (9 L1, 0 L2) in 421.3 ms (external_request_id=chatcmpl-806d59b2a1557d2c-8447b5c2, prefetch_request_id=-1) [3m(storage_manager.py:726:lmcache.v1.distributed.storage_manager)[0m
[32;20m[2026-09-29 17:05:10,297] LMCache INFO:[0m Prefetch request completed (L1+L2): 9/9 retained keys (9 L1, 0 L2) in 421.4 ms (external_request_id=chatcmpl-b728c51d94fdae10-b4d188f0, prefetch_request_id=-1) [3m(storage_manager.py:726:lmcache.v1.distributed.storage_manager)[0m
[32;20m[2026-09-29 17:05:10,297] LMCache INFO:[0m Prefetch request completed (L1+L2): 10/12 retained keys (10 L1, 0 L2) in 421.0 ms (external_request_id=chatcmpl-b1596723d86c3cf0-a9d75130, prefetch_request_id=-1) [3m(storage_manager.py:726:lmcache.v1.distributed.storage_manager)[0m
[32;20m[2026-09-29 17:05:10,297] LMCache INFO:[0m Prefetch request completed (L1+L2): 9/9 retained keys (9 L1, 0 L2) in 420.3 ms (external_request_id=chatcmpl-b4b79d5383137f5e-ac070f86, prefetch_request_id=-1) [3m(storage_manager.py:726:lmcache.v1.distributed.storage_manager)[0m
[32;20m[2026-09-29 17:05:10,298] LMCache INFO:[0m Prefetch request completed (L1+L2): 9/11 retained keys (9 L1, 0 L2) in 419.2 ms (external_request_id=chatcmpl-968f9c4272e4c67c-857c068e, prefetch_request_id=-1) [3m(storage_manager.py:726:lmcache.v1.distributed.storage_manager)[0m
[32;20m[2026-09-29 17:05:10,298] LMCache INFO:[0m Prefetch request completed (L1+L2): 9/11 retained keys (9 L1, 0 L2) in 419.1 ms (external_request_id=chatcmpl-a54d517dd5bdf0a6-9b5f1ae0, prefetch_request_id=-1) [3m(storage_manager.py:726:lmcache.v1.distributed.storage_manager)[0m
[32;20m[2026-09-29 17:05:10,298] LMCache INFO:[0m Prefetch request completed (L1+L2): 9/11 retained keys (9 L1, 0 L2) in 419.1 ms (external_request_id=chatcmpl-a7ae736a68dbf1f7-a12f2353, prefetch_request_id=-1) [3m(storage_manager.py:726:lmcache.v1.distributed.storage_manager)[0m
[32;20m[2026-09-29 17:05:10,298] LMCache INFO:[0m Prefetch request completed (L1+L2): 9/10 retained keys (9 L1, 0 L2) in 418.9 ms (external_request_id=chatcmpl-a4c304d3ffe1d4c3-b50a5099, prefetch_request_id=-1) [3m(storage_manager.py:726:lmcache.v1.distributed.storage_manager)[0m
[32;20m[2026-09-29 17:05:10,298] LMCache INFO:[0m Prefetch request completed (L1+L2): 10/12 retained keys (10 L1, 0 L2) in 418.6 ms (external_request_id=chatcmpl-85bd3da52043bd48-b4b4aeb0, prefetch_request_id=-1) [3m(storage_manager.py:726:lmcache.v1.distributed.storage_manager)[0m
[32;20m[2026-09-29 17:05:10,299] LMCache INFO:[0m Prefetch request completed (L1+L2): 9/10 retained keys (9 L1, 0 L2) in 418.4 ms (external_request_id=chatcmpl-80de06d538da01a8-a370198f, prefetch_request_id=-1) [3m(storage_manager.py:726:lmcache.v1.distributed.storage_manager)[0m
[32;20m[2026-09-29 17:05:10,299] LMCache INFO:[0m Prefetch request completed (L1+L2): 12/13 retained keys (12 L1, 0 L2) in 417.6 ms (external_request_id=chatcmpl-a3ceccb8616a59c3-af1940db, prefetch_request_id=-1) [3m(storage_manager.py:726:lmcache.v1.distributed.storage_manager)[0m
[32;20m[2026-09-29 17:05:10,299] LMCache INFO:[0m Prefetch request completed (L1+L2): 9/10 retained keys (9 L1, 0 L2) in 417.5 ms (external_request_id=chatcmpl-ad668778df1d238a-91aaeaaf, prefetch_request_id=-1) [3m(storage_manager.py:726:lmcache.v1.distributed.storage_manager)[0m
[32;20m[2026-09-29 17:05:10,299] LMCache INFO:[0m Prefetch request completed (L1+L2): 10/12 retained keys (10 L1, 0 L2) in 417.4 ms (external_request_id=chatcmpl-a42b646f66ef36cf-a54be29a, prefetch_request_id=-1) [3m(storage_manager.py:726:lmcache.v1.distributed.storage_manager)[0m
[32;20m[2026-09-29 17:05:10,299] LMCache INFO:[0m Prefetch request completed (L1+L2): 12/13 retained keys (12 L1, 0 L2) in 417.4 ms (external_request_id=chatcmpl-8d83f35c89a605a1-8bd0cce5, prefetch_request_id=-1) [3m(storage_manager.py:726:lmcache.v1.distributed.storage_manager)[0m
[32;20m[2026-09-29 17:05:10,299] LMCache INFO:[0m Prefetch request completed (L1+L2): 10/13 retained keys (10 L1, 0 L2) in 417.1 ms (external_request_id=chatcmpl-933cc909a47ae3f9-81225169, prefetch_request_id=-1) [3m(storage_manager.py:726:lmcache.v1.distributed.storage_manager)[0m
[32;20m[2026-09-29 17:05:10,299] LMCache INFO:[0m Prefetch request completed (L1+L2): 11/12 retained keys (11 L1, 0 L2) in 416.7 ms (external_request_id=chatcmpl-a0733bf5e376f244-9ec54399, prefetch_request_id=-1) [3m(storage_manager.py:726:lmcache.v1.distributed.storage_manager)[0m
[32;20m[2026-09-29 17:05:10,300] LMCache INFO:[0m Prefetch request completed (L1+L2): 10/11 retained keys (10 L1, 0 L2) in 416.8 ms (external_request_id=chatcmpl-b1fdf19eaaf88a02-ba135ba0, prefetch_request_id=-1) [3m(storage_manager.py:726:lmcache.v1.distributed.storage_manager)[0m
[32;20m[2026-09-29 17:05:10,473] LMCache INFO:[0m Stored 512 tokens in 0.001 seconds [3m(lmcache_driven_transfer.py:1276:lmcache.v1.multiprocess.modules.lmcache_driven_transfer)[0m
[32;20m[2026-09-29 17:05:10,560] LMCache INFO:[0m Stored 256 tokens in 0.002 seconds [3m(lmcache_driven_transfer.py:1276:lmcache.v1.multiprocess.modules.lmcache_driven_transfer)[0m
[32;20m[2026-09-29 17:05:10,718] LMCache INFO:[0m Stored 256 tokens in 0.001 seconds [3m(lmcache_driven_transfer.py:1276:lmcache.v1.multiprocess.modules.lmcache_driven_transfer)[0m
[32;20m[2026-09-29 17:05:10,789] LMCache INFO:[0m Stored 768 tokens in 0.002 seconds [3m(lmcache_driven_transfer.py:1276:lmcache.v1.multiprocess.modules.lmcache_driven_transfer)[0m
[32;20m[2026-09-29 17:05:10,959] LMCache INFO:[0m Stored 768 tokens in 0.003 seconds [3m(lmcache_driven_transfer.py:1276:lmcache.v1.multiprocess.modules.lmcache_driven_transfer)[0m
[32;20m[2026-09-29 17:05:11,019] LMCache INFO:[0m L1 memory usage 0.80 above watermark 0.80; triggering eviction. [3m(eviction_controller.py:179:lmcache.v1.distributed.storage_controllers.eviction_controller)[0m
[32;20m[2026-09-29 17:05:11,049] LMCache INFO:[0m Stored 256 tokens in 0.001 seconds [3m(lmcache_driven_transfer.py:1276:lmcache.v1.multiprocess.modules.lmcache_driven_transfer)[0m
[32;20m[2026-09-29 17:05:11,158] LMCache INFO:[0m Stored 512 tokens in 0.001 seconds [3m(lmcache_driven_transfer.py:1276:lmcache.v1.multiprocess.modules.lmcache_driven_transfer)[0m
[32;20m[2026-09-29 17:05:11,385] LMCache INFO:[0m Stored 512 tokens in 0.001 seconds [3m(lmcache_driven_transfer.py:1276:lmcache.v1.multiprocess.modules.lmcache_driven_transfer)[0m
[32;20m[2026-09-29 17:05:11,532] LMCache INFO:[0m Stored 512 tokens in 0.001 seconds [3m(lmcache_driven_transfer.py:1276:lmcache.v1.multiprocess.modules.lmcache_driven_transfer)[0m
[32;20m[2026-09-29 17:05:11,680] LMCache INFO:[0m Stored 512 tokens in 0.001 seconds [3m(lmcache_driven_transfer.py:1276:lmcache.v1.multiprocess.modules.lmcache_driven_transfer)[0m
[32;20m[2026-09-29 17:05:11,792] LMCache INFO:[0m Stored 256 tokens in 0.003 seconds [3m(lmcache_driven_transfer.py:1276:lmcache.v1.multiprocess.modules.lmcache_driven_transfer)[0m
[32;20m[2026-09-29 17:05:11,793] LMCache INFO:[0m Stored 512 tokens in 0.001 seconds [3m(lmcache_driven_transfer.py:1276:lmcache.v1.multiprocess.modules.lmcache_driven_transfer)[0m
[32;20m[2026-09-29 17:05:11,824] LMCache INFO:[0m Stored 256 tokens in 0.001 seconds [3m(lmcache_driven_transfer.py:1276:lmcache.v1.multiprocess.modules.lmcache_driven_transfer)[0m
[32;20m[2026-09-29 17:05:12,203] LMCache INFO:[0m Stored 256 tokens in 0.001 seconds [3m(lmcache_driven_transfer.py:1276:lmcache.v1.multiprocess.modules.lmcache_driven_transfer)[0m
[32;20m[2026-09-29 17:05:12,328] LMCache INFO:[0m Stored 256 tokens in 0.001 seconds [3m(lmcache_driven_transfer.py:1276:lmcache.v1.multiprocess.modules.lmcache_driven_transfer)[0m
[32;20m[2026-09-29 17:05:12,402] LMCache INFO:[0m Stored 512 tokens in 0.003 seconds [3m(lmcache_driven_transfer.py:1276:lmcache.v1.multiprocess.modules.lmcache_driven_transfer)[0m
[32;20m[2026-09-29 17:05:12,434] LMCache INFO:[0m Stored 256 tokens in 0.001 seconds [3m(lmcache_driven_transfer.py:1276:lmcache.v1.multiprocess.modules.lmcache_driven_transfer)[0m
[32;20m[2026-09-29 17:05:12,601] LMCache INFO:[0m Stored 768 tokens in 0.002 seconds [3m(lmcache_driven_transfer.py:1276:lmcache.v1.multiprocess.modules.lmcache_driven_transfer)[0m
[32;20m[2026-09-29 17:05:12,603] LMCache INFO:[0m Stored 256 tokens in 0.002 seconds [3m(lmcache_driven_transfer.py:1276:lmcache.v1.multiprocess.modules.lmcache_driven_transfer)[0m
[32;20m[2026-09-29 17:05:12,657] LMCache INFO:[0m Stored 256 tokens in 0.001 seconds [3m(lmcache_driven_transfer.py:1276:lmcache.v1.multiprocess.modules.lmcache_driven_transfer)[0m
[32;20m[2026-09-29 17:05:12,765] LMCache INFO:[0m Prefetch request completed (L1+L2): 10/12 retained keys (10 L1, 0 L2) in 2465.3 ms (external_request_id=chatcmpl-8e324ae55e3e607d-a39f8a49, prefetch_request_id=-1) [3m(storage_manager.py:726:lmcache.v1.distributed.storage_manager)[0m
[32;20m[2026-09-29 17:05:12,766] LMCache INFO:[0m Prefetch request completed (L1+L2): 10/12 retained keys (10 L1, 0 L2) in 2464.9 ms (external_request_id=chatcmpl-9958c6ca4ef280b7-8c6a3d27, prefetch_request_id=-1) [3m(storage_manager.py:726:lmcache.v1.distributed.storage_manager)[0m
[32;20m[2026-09-29 17:05:12,766] LMCache INFO:[0m Prefetch request completed (L1+L2): 9/11 retained keys (9 L1, 0 L2) in 2465.1 ms (external_request_id=chatcmpl-874fa602996cff05-9930fcb8, prefetch_request_id=-1) [3m(storage_manager.py:726:lmcache.v1.distributed.storage_manager)[0m
[32;20m[2026-09-29 17:05:12,813] LMCache INFO:[0m Stored 512 tokens in 0.001 seconds [3m(lmcache_driven_transfer.py:1276:lmcache.v1.multiprocess.modules.lmcache_driven_transfer)[0m
[32;20m[2026-09-29 17:05:12,993] LMCache INFO:[0m Stored 256 tokens in 0.001 seconds [3m(lmcache_driven_transfer.py:1276:lmcache.v1.multiprocess.modules.lmcache_driven_transfer)[0m
[32;20m[2026-09-29 17:05:13,063] LMCache INFO:[0m Stored 512 tokens in 0.001 seconds [3m(lmcache_driven_transfer.py:1276:lmcache.v1.multiprocess.modules.lmcache_driven_transfer)[0m
[32;20m[2026-09-29 17:05:13,174] LMCache INFO:[0m Stored 512 tokens in 0.001 seconds [3m(lmcache_driven_transfer.py:1276:lmcache.v1.multiprocess.modules.lmcache_driven_transfer)[0m
[32;20m[2026-09-29 17:05:13,293] LMCache INFO:[0m Prefetch request completed (L1+L2): 9/10 retained keys (9 L1, 0 L2) in 526.6 ms (external_request_id=chatcmpl-976a4f2b49b9b61b-b170ffdc, prefetch_request_id=-1) [3m(storage_manager.py:726:lmcache.v1.distributed.storage_manager)[0m
[32;20m[2026-09-29 17:05:13,293] LMCache INFO:[0m Prefetch request completed (L1+L2): 9/9 retained keys (9 L1, 0 L2) in 526.5 ms (external_request_id=chatcmpl-899aad6b0000cced-8f3a750e, prefetch_request_id=-1) [3m(storage_manager.py:726:lmcache.v1.distributed.storage_manager)[0m
[32;20m[2026-09-29 17:05:13,293] LMCache INFO:[0m Prefetch request completed (L1+L2): 10/11 retained keys (10 L1, 0 L2) in 526.3 ms (external_request_id=chatcmpl-9f7e80f3eaf30172-8accc5b6, prefetch_request_id=-1) [3m(storage_manager.py:726:lmcache.v1.distributed.storage_manager)[0m
[32;20m[2026-09-29 17:05:13,294] LMCache INFO:[0m Prefetch request completed (L1+L2): 9/11 retained keys (9 L1, 0 L2) in 526.1 ms (external_request_id=chatcmpl-8a6876b8bbfd5546-a4de4f20, prefetch_request_id=-1) [3m(storage_manager.py:726:lmcache.v1.distributed.storage_manager)[0m
[32;20m[2026-09-29 17:05:13,294] LMCache INFO:[0m Prefetch request completed (L1+L2): 9/10 retained keys (9 L1, 0 L2) in 525.9 ms (external_request_id=chatcmpl-a2326aead1bfa712-aca2ac54, prefetch_request_id=-1) [3m(storage_manager.py:726:lmcache.v1.distributed.storage_manager)[0m
[32;20m[2026-09-29 17:05:13,294] LMCache INFO:[0m Prefetch request completed (L1+L2): 9/10 retained keys (9 L1, 0 L2) in 525.7 ms (external_request_id=chatcmpl-8ba3a8ec1c42dde3-b2e8adce, prefetch_request_id=-1) [3m(storage_manager.py:726:lmcache.v1.distributed.storage_manager)[0m
[32;20m[2026-09-29 17:05:13,294] LMCache INFO:[0m Prefetch request completed (L1+L2): 9/10 retained keys (9 L1, 0 L2) in 525.4 ms (external_request_id=chatcmpl-a0ac5d4e1ee65f46-920562bf, prefetch_request_id=-1) [3m(storage_manager.py:726:lmcache.v1.distributed.storage_manager)[0m
[32;20m[2026-09-29 17:05:13,294] LMCache INFO:[0m Prefetch request completed (L1+L2): 9/10 retained keys (9 L1, 0 L2) in 525.2 ms (external_request_id=chatcmpl-8ffeda99c7ef3fb9-9250793e, prefetch_request_id=-1) [3m(storage_manager.py:726:lmcache.v1.distributed.storage_manager)[0m
[32;20m[2026-09-29 17:05:13,294] LMCache INFO:[0m Prefetch request completed (L1+L2): 10/12 retained keys (10 L1, 0 L2) in 524.7 ms (external_request_id=chatcmpl-847e408b82a0d640-bf1e73c2, prefetch_request_id=-1) [3m(storage_manager.py:726:lmcache.v1.distributed.storage_manager)[0m
[32;20m[2026-09-29 17:05:13,295] LMCache INFO:[0m Prefetch request completed (L1+L2): 9/10 retained keys (9 L1, 0 L2) in 524.7 ms (external_request_id=chatcmpl-a2ff5bf331e9e3f9-bfae7d35, prefetch_request_id=-1) [3m(storage_manager.py:726:lmcache.v1.distributed.storage_manager)[0m
[32;20m[2026-09-29 17:05:13,295] LMCache INFO:[0m Prefetch request completed (L1+L2): 12/14 retained keys (12 L1, 0 L2) in 524.4 ms (external_request_id=chatcmpl-b6abc50a40bf1f2e-a08650c8, prefetch_request_id=-1) [3m(storage_manager.py:726:lmcache.v1.distributed.storage_manager)[0m
[32;20m[2026-09-29 17:05:13,295] LMCache INFO:[0m Prefetch request completed (L1+L2): 9/11 retained keys (9 L1, 0 L2) in 524.0 ms (external_request_id=chatcmpl-b2b01ff1c43fee7e-a90d04f7, prefetch_request_id=-1) [3m(storage_manager.py:726:lmcache.v1.distributed.storage_manager)[0m
[32;20m[2026-09-29 17:05:13,295] LMCache INFO:[0m Prefetch request completed (L1+L2): 10/12 retained keys (10 L1, 0 L2) in 523.8 ms (external_request_id=chatcmpl-b18cc84b3274de74-93c5aa82, prefetch_request_id=-1) [3m(storage_manager.py:726:lmcache.v1.distributed.storage_manager)[0m
[32;20m[2026-09-29 17:05:13,295] LMCache INFO:[0m Prefetch request completed (L1+L2): 12/15 retained keys (12 L1, 0 L2) in 523.3 ms (external_request_id=chatcmpl-bf456b6bc29b5a1e-a720b0a6, prefetch_request_id=-1) [3m(storage_manager.py:726:lmcache.v1.distributed.storage_manager)[0m
[32;20m[2026-09-29 17:05:13,295] LMCache INFO:[0m Prefetch request completed (L1+L2): 10/12 retained keys (10 L1, 0 L2) in 523.3 ms (external_request_id=chatcmpl-834abefc15fd5517-a0f9ced5, prefetch_request_id=-1) [3m(storage_manager.py:726:lmcache.v1.distributed.storage_manager)[0m
[32;20m[2026-09-29 17:05:13,296] LMCache INFO:[0m Prefetch request completed (L1+L2): 11/11 retained keys (11 L1, 0 L2) in 523.0 ms (external_request_id=chatcmpl-aae3c725cfcc7dbf-84bc46fc, prefetch_request_id=-1) [3m(storage_manager.py:726:lmcache.v1.distributed.storage_manager)[0m
[32;20m[2026-09-29 17:05:13,296] LMCache INFO:[0m Prefetch request completed (L1+L2): 10/10 retained keys (10 L1, 0 L2) in 522.8 ms (external_request_id=chatcmpl-91d10820a1420703-960b1085, prefetch_request_id=-1) [3m(storage_manager.py:726:lmcache.v1.distributed.storage_manager)[0m
[32;20m[2026-09-29 17:05:13,296] LMCache INFO:[0m Prefetch request completed (L1+L2): 10/11 retained keys (10 L1, 0 L2) in 522.1 ms (external_request_id=chatcmpl-b3a439d2e962bd43-9e57b795, prefetch_request_id=-1) [3m(storage_manager.py:726:lmcache.v1.distributed.storage_manager)[0m
[32;20m[2026-09-29 17:05:13,296] LMCache INFO:[0m Prefetch request completed (L1+L2): 10/13 retained keys (10 L1, 0 L2) in 522.0 ms (external_request_id=chatcmpl-930c40c40b5822cf-87717213, prefetch_request_id=-1) [3m(storage_manager.py:726:lmcache.v1.distributed.storage_manager)[0m
[32;20m[2026-09-29 17:05:13,296] LMCache INFO:[0m Prefetch request completed (L1+L2): 9/10 retained keys (9 L1, 0 L2) in 522.0 ms (external_request_id=chatcmpl-bf9be1bb26ee7768-a37e1069, prefetch_request_id=-1) [3m(storage_manager.py:726:lmcache.v1.distributed.storage_manager)[0m
[32;20m[2026-09-29 17:05:13,296] LMCache INFO:[0m Prefetch request completed (L1+L2): 9/11 retained keys (9 L1, 0 L2) in 522.0 ms (external_request_id=chatcmpl-9bac5219ecd246cc-86eafefb, prefetch_request_id=-1) [3m(storage_manager.py:726:lmcache.v1.distributed.storage_manager)[0m
[32;20m[2026-09-29 17:05:13,340] LMCache INFO:[0m Stored 256 tokens in 0.001 seconds [3m(lmcache_driven_transfer.py:1276:lmcache.v1.multiprocess.modules.lmcache_driven_transfer)[0m
[32;20m[2026-09-29 17:05:13,400] LMCache INFO:[0m Stored 256 tokens in 0.001 seconds [3m(lmcache_driven_transfer.py:1276:lmcache.v1.multiprocess.modules.lmcache_driven_transfer)[0m
[32;20m[2026-09-29 17:05:13,461] LMCache INFO:[0m Stored 256 tokens in 0.001 seconds [3m(lmcache_driven_transfer.py:1276:lmcache.v1.multiprocess.modules.lmcache_driven_transfer)[0m
[32;20m[2026-09-29 17:05:13,623] LMCache INFO:[0m Stored 256 tokens in 0.001 seconds [3m(lmcache_driven_transfer.py:1276:lmcache.v1.multiprocess.modules.lmcache_driven_transfer)[0m
[32;20m[2026-09-29 17:05:13,757] LMCache INFO:[0m Stored 512 tokens in 0.002 seconds [3m(lmcache_driven_transfer.py:1276:lmcache.v1.multiprocess.modules.lmcache_driven_transfer)[0m
[32;20m[2026-09-29 17:05:13,758] LMCache INFO:[0m Stored 256 tokens in 0.001 seconds [3m(lmcache_driven_transfer.py:1276:lmcache.v1.multiprocess.modules.lmcache_driven_transfer)[0m
[32;20m[2026-09-29 17:05:13,760] LMCache INFO:[0m Stored 256 tokens in 0.001 seconds [3m(lmcache_driven_transfer.py:1276:lmcache.v1.multiprocess.modules.lmcache_driven_transfer)[0m
[32;20m[2026-09-29 17:05:13,907] LMCache INFO:[0m Stored 256 tokens in 0.001 seconds [3m(lmcache_driven_transfer.py:1276:lmcache.v1.multiprocess.modules.lmcache_driven_transfer)[0m
[32;20m[2026-09-29 17:05:13,908] LMCache INFO:[0m Stored 256 tokens in 0.001 seconds [3m(lmcache_driven_transfer.py:1276:lmcache.v1.multiprocess.modules.lmcache_driven_transfer)[0m
[32;20m[2026-09-29 17:05:13,999] LMCache INFO:[0m Stored 256 tokens in 0.001 seconds [3m(lmcache_driven_transfer.py:1276:lmcache.v1.multiprocess.modules.lmcache_driven_transfer)[0m
[32;20m[2026-09-29 17:05:14,303] LMCache INFO:[0m Stored 512 tokens in 0.001 seconds [3m(lmcache_driven_transfer.py:1276:lmcache.v1.multiprocess.modules.lmcache_driven_transfer)[0m
[32;20m[2026-09-29 17:05:14,304] LMCache INFO:[0m Stored 256 tokens in 0.001 seconds [3m(lmcache_driven_transfer.py:1276:lmcache.v1.multiprocess.modules.lmcache_driven_transfer)[0m
[32;20m[2026-09-29 17:05:14,560] LMCache INFO:[0m Stored 512 tokens in 0.002 seconds [3m(lmcache_driven_transfer.py:1276:lmcache.v1.multiprocess.modules.lmcache_driven_transfer)[0m
[32;20m[2026-09-29 17:05:14,649] LMCache INFO:[0m Stored 512 tokens in 0.003 seconds [3m(lmcache_driven_transfer.py:1276:lmcache.v1.multiprocess.modules.lmcache_driven_transfer)[0m
[32;20m[2026-09-29 17:05:14,939] LMCache INFO:[0m Stored 512 tokens in 0.002 seconds [3m(lmcache_driven_transfer.py:1276:lmcache.v1.multiprocess.modules.lmcache_driven_transfer)[0m
[32;20m[2026-09-29 17:05:14,940] LMCache INFO:[0m Stored 768 tokens in 0.001 seconds [3m(lmcache_driven_transfer.py:1276:lmcache.v1.multiprocess.modules.lmcache_driven_transfer)[0m
[32;20m[2026-09-29 17:05:15,145] LMCache INFO:[0m Stored 512 tokens in 0.001 seconds [3m(lmcache_driven_transfer.py:1276:lmcache.v1.multiprocess.modules.lmcache_driven_transfer)[0m
[32;20m[2026-09-29 17:05:15,465] LMCache INFO:[0m Stored 256 tokens in 0.001 seconds [3m(lmcache_driven_transfer.py:1276:lmcache.v1.multiprocess.modules.lmcache_driven_transfer)[0m
[32;20m[2026-09-29 17:05:15,518] LMCache INFO:[0m Stored 768 tokens in 0.001 seconds [3m(lmcache_driven_transfer.py:1276:lmcache.v1.multiprocess.modules.lmcache_driven_transfer)[0m
[32;20m[2026-09-29 17:05:15,602] LMCache INFO:[0m Stored 256 tokens in 0.001 seconds [3m(lmcache_driven_transfer.py:1276:lmcache.v1.multiprocess.modules.lmcache_driven_transfer)[0m
[32;20m[2026-09-29 17:05:15,706] LMCache INFO:[0m Stored 256 tokens in 0.001 seconds [3m(lmcache_driven_transfer.py:1276:lmcache.v1.multiprocess.modules.lmcache_driven_transfer)[0m
[32;20m[2026-09-29 17:05:15,838] LMCache INFO:[0m Stored 512 tokens in 0.001 seconds [3m(lmcache_driven_transfer.py:1276:lmcache.v1.multiprocess.modules.lmcache_driven_transfer)[0m
[32;20m[2026-09-29 17:05:15,934] LMCache INFO:[0m Prefetch request completed (L1+L2): 9/12 retained keys (9 L1, 0 L2) in 2637.5 ms (external_request_id=chatcmpl-a70895e9eec0f0f4-8939beb7, prefetch_request_id=-1) [3m(storage_manager.py:726:lmcache.v1.distributed.storage_manager)[0m
[32;20m[2026-09-29 17:05:15,935] LMCache INFO:[0m Prefetch request completed (L1+L2): 10/12 retained keys (10 L1, 0 L2) in 2637.3 ms (external_request_id=chatcmpl-b85c0f0c129fc8a3-a8f896a8, prefetch_request_id=-1) [3m(storage_manager.py:726:lmcache.v1.distributed.storage_manager)[0m
[32;20m[2026-09-29 17:05:15,935] LMCache INFO:[0m Prefetch request completed (L1+L2): 9/10 retained keys (9 L1, 0 L2) in 2636.9 ms (external_request_id=chatcmpl-a35d0189c73b83b6-b1d8f27b, prefetch_request_id=-1) [3m(storage_manager.py:726:lmcache.v1.distributed.storage_manager)[0m
[32;20m[2026-09-29 17:05:15,984] LMCache INFO:[0m Stored 768 tokens in 0.002 seconds [3m(lmcache_driven_transfer.py:1276:lmcache.v1.multiprocess.modules.lmcache_driven_transfer)[0m
[32;20m[2026-09-29 17:05:16,205] LMCache INFO:[0m Stored 512 tokens in 0.002 seconds [3m(lmcache_driven_transfer.py:1276:lmcache.v1.multiprocess.modules.lmcache_driven_transfer)[0m
[32;20m[2026-09-29 17:05:16,237] LMCache INFO:[0m Stored 256 tokens in 0.002 seconds [3m(lmcache_driven_transfer.py:1276:lmcache.v1.multiprocess.modules.lmcache_driven_transfer)[0m
[32;20m[2026-09-29 17:05:16,240] LMCache INFO:[0m Prefetch request completed (L1+L2): 9/9 retained keys (9 L1, 0 L2) in 305.1 ms (external_request_id=chatcmpl-b544dfb325ec2b6b-ba5a3c99, prefetch_request_id=-1) [3m(storage_manager.py:726:lmcache.v1.distributed.storage_manager)[0m
[32;20m[2026-09-29 17:05:16,241] LMCache INFO:[0m Prefetch request completed (L1+L2): 9/11 retained keys (9 L1, 0 L2) in 305.1 ms (external_request_id=chatcmpl-8d139c876b236963-88ce6975, prefetch_request_id=-1) [3m(storage_manager.py:726:lmcache.v1.distributed.storage_manager)[0m
[32;20m[2026-09-29 17:05:16,241] LMCache INFO:[0m Prefetch request completed (L1+L2): 9/11 retained keys (9 L1, 0 L2) in 304.8 ms (external_request_id=chatcmpl-9270f9ebdfcddcbe-a538d72f, prefetch_request_id=-1) [3m(storage_manager.py:726:lmcache.v1.distributed.storage_manager)[0m
[32;20m[2026-09-29 17:05:16,241] LMCache INFO:[0m Prefetch request completed (L1+L2): 9/12 retained keys (9 L1, 0 L2) in 304.6 ms (external_request_id=chatcmpl-8e36623d28f9cc6e-a9369a8f, prefetch_request_id=-1) [3m(storage_manager.py:726:lmcache.v1.distributed.storage_manager)[0m
[32;20m[2026-09-29 17:05:16,241] LMCache INFO:[0m Prefetch request completed (L1+L2): 10/12 retained keys (10 L1, 0 L2) in 304.3 ms (external_request_id=chatcmpl-90444a9c4dfd4017-8fe69c0d, prefetch_request_id=-1) [3m(storage_manager.py:726:lmcache.v1.distributed.storage_manager)[0m
[32;20m[2026-09-29 17:05:16,241] LMCache INFO:[0m Prefetch request completed (L1+L2): 9/11 retained keys (9 L1, 0 L2) in 304.1 ms (external_request_id=chatcmpl-a9da1d5ad723ae2f-95ce22d8, prefetch_request_id=-1) [3m(storage_manager.py:726:lmcache.v1.distributed.storage_manager)[0m
[32;20m[2026-09-29 17:05:16,242] LMCache INFO:[0m Prefetch request completed (L1+L2): 12/12 retained keys (12 L1, 0 L2) in 303.9 ms (external_request_id=chatcmpl-9c91a52ad7f89b60-8c4603ef, prefetch_request_id=-1) [3m(storage_manager.py:726:lmcache.v1.distributed.storage_manager)[0m
[32;20m[2026-09-29 17:05:16,242] LMCache INFO:[0m Prefetch request completed (L1+L2): 9/11 retained keys (9 L1, 0 L2) in 303.8 ms (external_request_id=chatcmpl-bf9e5c3229bf29b1-bda5a94f, prefetch_request_id=-1) [3m(storage_manager.py:726:lmcache.v1.distributed.storage_manager)[0m
[32;20m[2026-09-29 17:05:16,242] LMCache INFO:[0m Prefetch request completed (L1+L2): 10/11 retained keys (10 L1, 0 L2) in 302.6 ms (external_request_id=chatcmpl-a451193bcfb28a34-9f5d3f5d, prefetch_request_id=-1) [3m(storage_manager.py:726:lmcache.v1.distributed.storage_manager)[0m
[32;20m[2026-09-29 17:05:16,242] LMCache INFO:[0m Prefetch request completed (L1+L2): 12/13 retained keys (12 L1, 0 L2) in 302.5 ms (external_request_id=chatcmpl-87e8cc2ead4b7e6a-be69ddd3, prefetch_request_id=-1) [3m(storage_manager.py:726:lmcache.v1.distributed.storage_manager)[0m
[32;20m[2026-09-29 17:05:16,242] LMCache INFO:[0m Prefetch request completed (L1+L2): 10/11 retained keys (10 L1, 0 L2) in 302.4 ms (external_request_id=chatcmpl-9d278ee8470349e8-a55f8397, prefetch_request_id=-1) [3m(storage_manager.py:726:lmcache.v1.distributed.storage_manager)[0m
[32;20m[2026-09-29 17:05:16,242] LMCache INFO:[0m Prefetch request completed (L1+L2): 11/11 retained keys (11 L1, 0 L2) in 302.6 ms (external_request_id=chatcmpl-bb1cdd7665f2facf-a2741477, prefetch_request_id=-1) [3m(storage_manager.py:726:lmcache.v1.distributed.storage_manager)[0m
[32;20m[2026-09-29 17:05:16,243] LMCache INFO:[0m Prefetch request completed (L1+L2): 10/11 retained keys (10 L1, 0 L2) in 302.6 ms (external_request_id=chatcmpl-b74627627c458ac7-aa349f5a, prefetch_request_id=-1) [3m(storage_manager.py:726:lmcache.v1.distributed.storage_manager)[0m
[32;20m[2026-09-29 17:05:16,243] LMCache INFO:[0m Prefetch request completed (L1+L2): 10/11 retained keys (10 L1, 0 L2) in 302.5 ms (external_request_id=chatcmpl-815b228ee29697d9-972d08df, prefetch_request_id=-1) [3m(storage_manager.py:726:lmcache.v1.distributed.storage_manager)[0m
[32;20m[2026-09-29 17:05:16,243] LMCache INFO:[0m Prefetch request completed (L1+L2): 10/12 retained keys (10 L1, 0 L2) in 302.7 ms (external_request_id=chatcmpl-b36bb581c7a39ef5-81a5054a, prefetch_request_id=-1) [3m(storage_manager.py:726:lmcache.v1.distributed.storage_manager)[0m
[32;20m[2026-09-29 17:05:16,243] LMCache INFO:[0m Prefetch request completed (L1+L2): 9/9 retained keys (9 L1, 0 L2) in 302.2 ms (external_request_id=chatcmpl-ac40222376a703e5-a0db1f3d, prefetch_request_id=-1) [3m(storage_manager.py:726:lmcache.v1.distributed.storage_manager)[0m
[32;20m[2026-09-29 17:05:16,243] LMCache INFO:[0m Prefetch request completed (L1+L2): 9/10 retained keys (9 L1, 0 L2) in 302.1 ms (external_request_id=chatcmpl-a4903ea6006efe81-b1999e47, prefetch_request_id=-1) [3m(storage_manager.py:726:lmcache.v1.distributed.storage_manager)[0m
[32;20m[2026-09-29 17:05:16,243] LMCache INFO:[0m Prefetch request completed (L1+L2): 9/9 retained keys (9 L1, 0 L2) in 301.7 ms (external_request_id=chatcmpl-989bbbe0f21b3d95-a53af57c, prefetch_request_id=-1) [3m(storage_manager.py:726:lmcache.v1.distributed.storage_manager)[0m
[32;20m[2026-09-29 17:05:16,243] LMCache INFO:[0m Prefetch request completed (L1+L2): 10/12 retained keys (10 L1, 0 L2) in 301.2 ms (external_request_id=chatcmpl-9ed2999aac7b4964-9e3e13b8, prefetch_request_id=-1) [3m(storage_manager.py:726:lmcache.v1.distributed.storage_manager)[0m
[32;20m[2026-09-29 17:05:16,243] LMCache INFO:[0m Prefetch request completed (L1+L2): 9/10 retained keys (9 L1, 0 L2) in 301.1 ms (external_request_id=chatcmpl-be7384b77f3b740e-9d254cc9, prefetch_request_id=-1) [3m(storage_manager.py:726:lmcache.v1.distributed.storage_manager)[0m
[32;20m[2026-09-29 17:05:16,244] LMCache INFO:[0m Prefetch request completed (L1+L2): 9/11 retained keys (9 L1, 0 L2) in 301.0 ms (external_request_id=chatcmpl-b16ca12e92f21edf-86833076, prefetch_request_id=-1) [3m(storage_manager.py:726:lmcache.v1.distributed.storage_manager)[0m
[32;20m[2026-09-29 17:05:16,326] LMCache INFO:[0m Stored 512 tokens in 0.001 seconds [3m(lmcache_driven_transfer.py:1276:lmcache.v1.multiprocess.modules.lmcache_driven_transfer)[0m
[32;20m[2026-09-29 17:05:16,327] LMCache INFO:[0m Stored 512 tokens in 0.001 seconds [3m(lmcache_driven_transfer.py:1276:lmcache.v1.multiprocess.modules.lmcache_driven_transfer)[0m
[32;20m[2026-09-29 17:05:16,601] LMCache INFO:[0m Stored 768 tokens in 0.002 seconds [3m(lmcache_driven_transfer.py:1276:lmcache.v1.multiprocess.modules.lmcache_driven_transfer)[0m
[32;20m[2026-09-29 17:05:16,825] LMCache INFO:[0m Stored 512 tokens in 0.001 seconds [3m(lmcache_driven_transfer.py:1276:lmcache.v1.multiprocess.modules.lmcache_driven_transfer)[0m
[32;20m[2026-09-29 17:05:17,028] LMCache INFO:[0m Stored 512 tokens in 0.001 seconds [3m(lmcache_driven_transfer.py:1276:lmcache.v1.multiprocess.modules.lmcache_driven_transfer)[0m
[32;20m[2026-09-29 17:05:17,240] LMCache INFO:[0m Stored 512 tokens in 0.001 seconds [3m(lmcache_driven_transfer.py:1276:lmcache.v1.multiprocess.modules.lmcache_driven_transfer)[0m
[32;20m[2026-09-29 17:05:17,385] LMCache INFO:[0m Stored 256 tokens in 0.002 seconds [3m(lmcache_driven_transfer.py:1276:lmcache.v1.multiprocess.modules.lmcache_driven_transfer)[0m
[32;20m[2026-09-29 17:05:17,471] LMCache INFO:[0m Stored 256 tokens in 0.001 seconds [3m(lmcache_driven_transfer.py:1276:lmcache.v1.multiprocess.modules.lmcache_driven_transfer)[0m
[32;20m[2026-09-29 17:05:17,545] LMCache INFO:[0m Stored 256 tokens in 0.001 seconds [3m(lmcache_driven_transfer.py:1276:lmcache.v1.multiprocess.modules.lmcache_driven_transfer)[0m
[32;20m[2026-09-29 17:05:17,546] LMCache INFO:[0m Stored 256 tokens in 0.001 seconds [3m(lmcache_driven_transfer.py:1276:lmcache.v1.multiprocess.modules.lmcache_driven_transfer)[0m
INFO:     172.26.132.42:36151 - "GET /metrics HTTP/1.1" 200 OK
[32;20m[2026-09-29 17:05:17,774] LMCache INFO:[0m Stored 256 tokens in 0.001 seconds [3m(lmcache_driven_transfer.py:1276:lmcache.v1.multiprocess.modules.lmcache_driven_transfer)[0m
[32;20m[2026-09-29 17:05:18,003] LMCache INFO:[0m Stored 256 tokens in 0.002 seconds [3m(lmcache_driven_transfer.py:1276:lmcache.v1.multiprocess.modules.lmcache_driven_transfer)[0m
[32;20m[2026-09-29 17:05:18,004] LMCache INFO:[0m Stored 512 tokens in 0.001 seconds [3m(lmcache_driven_transfer.py:1276:lmcache.v1.multiprocess.modules.lmcache_driven_transfer)[0m
[32;20m[2026-09-29 17:05:18,225] LMCache INFO:[0m Stored 256 tokens in 0.003 seconds [3m(lmcache_driven_transfer.py:1276:lmcache.v1.multiprocess.modules.lmcache_driven_transfer)[0m
[32;20m[2026-09-29 17:05:18,257] LMCache INFO:[0m Stored 512 tokens in 0.001 seconds [3m(lmcache_driven_transfer.py:1276:lmcache.v1.multiprocess.modules.lmcache_driven_transfer)[0m
[32;20m[2026-09-29 17:05:18,258] LMCache INFO:[0m Stored 256 tokens in 0.001 seconds [3m(lmcache_driven_transfer.py:1276:lmcache.v1.multiprocess.modules.lmcache_driven_transfer)[0m
[32;20m[2026-09-29 17:05:18,356] LMCache INFO:[0m Stored 256 tokens in 0.001 seconds [3m(lmcache_driven_transfer.py:1276:lmcache.v1.multiprocess.modules.lmcache_driven_transfer)[0m
[32;20m[2026-09-29 17:05:18,358] LMCache INFO:[0m Stored 512 tokens in 0.001 seconds [3m(lmcache_driven_transfer.py:1276:lmcache.v1.multiprocess.modules.lmcache_driven_transfer)[0m
[32;20m[2026-09-29 17:05:18,494] LMCache INFO:[0m Prefetch request completed (L1+L2): 9/11 retained keys (9 L1, 0 L2) in 2249.1 ms (external_request_id=chatcmpl-9506c1a0a4f516b8-905be684, prefetch_request_id=-1) [3m(storage_manager.py:726:lmcache.v1.distributed.storage_manager)[0m
[32;20m[2026-09-29 17:05:18,494] LMCache INFO:[0m Prefetch request completed (L1+L2): 9/11 retained keys (9 L1, 0 L2) in 2249.1 ms (external_request_id=chatcmpl-8904c94d51d5b5fd-9bdc374b, prefetch_request_id=-1) [3m(storage_manager.py:726:lmcache.v1.distributed.storage_manager)[0m
[32;20m[2026-09-29 17:05:18,494] LMCache INFO:[0m Prefetch request completed (L1+L2): 9/10 retained keys (9 L1, 0 L2) in 2248.8 ms (external_request_id=chatcmpl-9d7c42b17feaa7f8-a41d9513, prefetch_request_id=-1) [3m(storage_manager.py:726:lmcache.v1.distributed.storage_manager)[0m
[32;20m[2026-09-29 17:05:18,540] LMCache INFO:[0m Stored 512 tokens in 0.002 seconds [3m(lmcache_driven_transfer.py:1276:lmcache.v1.multiprocess.modules.lmcache_driven_transfer)[0m
[32;20m[2026-09-29 17:05:18,847] LMCache INFO:[0m Stored 512 tokens in 0.002 seconds [3m(lmcache_driven_transfer.py:1276:lmcache.v1.multiprocess.modules.lmcache_driven_transfer)[0m
[32;20m[2026-09-29 17:05:18,879] LMCache INFO:[0m Stored 256 tokens in 0.001 seconds [3m(lmcache_driven_transfer.py:1276:lmcache.v1.multiprocess.modules.lmcache_driven_transfer)[0m
[32;20m[2026-09-29 17:05:19,027] LMCache INFO:[0m Prefetch request completed (L1+L2): 10/12 retained keys (10 L1, 0 L2) in 532.9 ms (external_request_id=chatcmpl-87fa25a647dadb61-92ec0972, prefetch_request_id=-1) [3m(storage_manager.py:726:lmcache.v1.distributed.storage_manager)[0m
[32;20m[2026-09-29 17:05:19,027] LMCache INFO:[0m Prefetch request completed (L1+L2): 9/9 retained keys (9 L1, 0 L2) in 532.9 ms (external_request_id=chatcmpl-92dc3b11db61c589-be3c82e7, prefetch_request_id=-1) [3m(storage_manager.py:726:lmcache.v1.distributed.storage_manager)[0m
[32;20m[2026-09-29 17:05:19,027] LMCache INFO:[0m Prefetch request completed (L1+L2): 12/12 retained keys (12 L1, 0 L2) in 532.8 ms (external_request_id=chatcmpl-8fd5aa519264ec6e-bfde6f78, prefetch_request_id=-1) [3m(storage_manager.py:726:lmcache.v1.distributed.storage_manager)[0m
[32;20m[2026-09-29 17:05:19,028] LMCache INFO:[0m Prefetch request completed (L1+L2): 9/11 retained keys (9 L1, 0 L2) in 532.9 ms (external_request_id=chatcmpl-9519e389ca5e8d13-af38fc5a, prefetch_request_id=-1) [3m(storage_manager.py:726:lmcache.v1.distributed.storage_manager)[0m
[32;20m[2026-09-29 17:05:19,028] LMCache INFO:[0m Prefetch request completed (L1+L2): 10/12 retained keys (10 L1, 0 L2) in 532.6 ms (external_request_id=chatcmpl-ac47dd94c1ecd973-bbaedfac, prefetch_request_id=-1) [3m(storage_manager.py:726:lmcache.v1.distributed.storage_manager)[0m
[32;20m[2026-09-29 17:05:19,028] LMCache INFO:[0m Prefetch request completed (L1+L2): 12/14 retained keys (12 L1, 0 L2) in 532.1 ms (external_request_id=chatcmpl-b5b5aaf2435be1ad-9da1da11, prefetch_request_id=-1) [3m(storage_manager.py:726:lmcache.v1.distributed.storage_manager)[0m
[32;20m[2026-09-29 17:05:19,028] LMCache INFO:[0m Prefetch request completed (L1+L2): 10/12 retained keys (10 L1, 0 L2) in 531.8 ms (external_request_id=chatcmpl-be1279e2404690d4-b46d28a9, prefetch_request_id=-1) [3m(storage_manager.py:726:lmcache.v1.distributed.storage_manager)[0m
[32;20m[2026-09-29 17:05:19,028] LMCache INFO:[0m Prefetch request completed (L1+L2): 11/11 retained keys (11 L1, 0 L2) in 531.3 ms (external_request_id=chatcmpl-93437a4285acbe60-93d50a48, prefetch_request_id=-1) [3m(storage_manager.py:726:lmcache.v1.distributed.storage_manager)[0m
[32;20m[2026-09-29 17:05:19,028] LMCache INFO:[0m Prefetch request completed (L1+L2): 10/10 retained keys (10 L1, 0 L2) in 531.4 ms (external_request_id=chatcmpl-9151ad5516f0a8cf-a9fd3139, prefetch_request_id=-1) [3m(storage_manager.py:726:lmcache.v1.distributed.storage_manager)[0m
[32;20m[2026-09-29 17:05:19,029] LMCache INFO:[0m Prefetch request completed (L1+L2): 10/13 retained keys (10 L1, 0 L2) in 531.0 ms (external_request_id=chatcmpl-b9c1ad4e4acf118a-b7356cf5, prefetch_request_id=-1) [3m(storage_manager.py:726:lmcache.v1.distributed.storage_manager)[0m
[32;20m[2026-09-29 17:05:19,029] LMCache INFO:[0m Prefetch request completed (L1+L2): 10/12 retained keys (10 L1, 0 L2) in 529.9 ms (external_request_id=chatcmpl-b801680b20110a67-bbecf9c4, prefetch_request_id=-1) [3m(storage_manager.py:726:lmcache.v1.distributed.storage_manager)[0m
[32;20m[2026-09-29 17:05:19,029] LMCache INFO:[0m Prefetch request completed (L1+L2): 9/12 retained keys (9 L1, 0 L2) in 529.9 ms (external_request_id=chatcmpl-83eb61db6ca3aaa4-beb8c695, prefetch_request_id=-1) [3m(storage_manager.py:726:lmcache.v1.distributed.storage_manager)[0m
[32;20m[2026-09-29 17:05:19,029] LMCache INFO:[0m Prefetch request completed (L1+L2): 9/12 retained keys (9 L1, 0 L2) in 529.9 ms (external_request_id=chatcmpl-934a5cadd6df19d5-a8b15529, prefetch_request_id=-1) [3m(storage_manager.py:726:lmcache.v1.distributed.storage_manager)[0m
[32;20m[2026-09-29 17:05:19,029] LMCache INFO:[0m Prefetch request completed (L1+L2): 9/11 retained keys (9 L1, 0 L2) in 529.7 ms (external_request_id=chatcmpl-853ea09d69d37717-a7089bbb, prefetch_request_id=-1) [3m(storage_manager.py:726:lmcache.v1.distributed.storage_manager)[0m
[32;20m[2026-09-29 17:05:19,029] LMCache INFO:[0m Prefetch request completed (L1+L2): 10/12 retained keys (10 L1, 0 L2) in 529.6 ms (external_request_id=chatcmpl-82440c694753b3b9-aa837a08, prefetch_request_id=-1) [3m(storage_manager.py:726:lmcache.v1.distributed.storage_manager)[0m
[32;20m[2026-09-29 17:05:19,029] LMCache INFO:[0m Prefetch request completed (L1+L2): 9/10 retained keys (9 L1, 0 L2) in 529.5 ms (external_request_id=chatcmpl-87e3e93819312a73-823b9075, prefetch_request_id=-1) [3m(storage_manager.py:726:lmcache.v1.distributed.storage_manager)[0m
[32;20m[2026-09-29 17:05:19,030] LMCache INFO:[0m Prefetch request completed (L1+L2): 9/10 retained keys (9 L1, 0 L2) in 529.5 ms (external_request_id=chatcmpl-9e049e4bad25cb98-8433018c, prefetch_request_id=-1) [3m(storage_manager.py:726:lmcache.v1.distributed.storage_manager)[0m
[32;20m[2026-09-29 17:05:19,030] LMCache INFO:[0m Prefetch request completed (L1+L2): 9/10 retained keys (9 L1, 0 L2) in 529.2 ms (external_request_id=chatcmpl-838eed3bf9d771fb-be6dc9ea, prefetch_request_id=-1) [3m(storage_manager.py:726:lmcache.v1.distributed.storage_manager)[0m
[32;20m[2026-09-29 17:05:19,030] LMCache INFO:[0m Prefetch request completed (L1+L2): 9/12 retained keys (9 L1, 0 L2) in 529.1 ms (external_request_id=chatcmpl-953d031d65ca8261-afcbdcb0, prefetch_request_id=-1) [3m(storage_manager.py:726:lmcache.v1.distributed.storage_manager)[0m
[32;20m[2026-09-29 17:05:19,030] LMCache INFO:[0m Prefetch request completed (L1+L2): 9/12 retained keys (9 L1, 0 L2) in 528.7 ms (external_request_id=chatcmpl-9c70dfb38f288137-bc8a0e05, prefetch_request_id=-1) [3m(storage_manager.py:726:lmcache.v1.distributed.storage_manager)[0m
[32;20m[2026-09-29 17:05:19,030] LMCache INFO:[0m Prefetch request completed (L1+L2): 10/11 retained keys (10 L1, 0 L2) in 528.4 ms (external_request_id=chatcmpl-a998023485037f8c-8a578eae, prefetch_request_id=-1) [3m(storage_manager.py:726:lmcache.v1.distributed.storage_manager)[0m
[32;20m[2026-09-29 17:05:19,075] LMCache INFO:[0m Stored 512 tokens in 0.001 seconds [3m(lmcache_driven_transfer.py:1276:lmcache.v1.multiprocess.modules.lmcache_driven_transfer)[0m
[32;20m[2026-09-29 17:05:19,273] LMCache INFO:[0m Stored 512 tokens in 0.001 seconds [3m(lmcache_driven_transfer.py:1276:lmcache.v1.multiprocess.modules.lmcache_driven_transfer)[0m
[32;20m[2026-09-29 17:05:19,358] LMCache INFO:[0m Stored 512 tokens in 0.001 seconds [3m(lmcache_driven_transfer.py:1276:lmcache.v1.multiprocess.modules.lmcache_driven_transfer)[0m
[32;20m[2026-09-29 17:05:19,545] LMCache INFO:[0m Stored 512 tokens in 0.001 seconds [3m(lmcache_driven_transfer.py:1276:lmcache.v1.multiprocess.modules.lmcache_driven_transfer)[0m
[32;20m[2026-09-29 17:05:19,612] LMCache INFO:[0m Stored 512 tokens in 0.002 seconds [3m(lmcache_driven_transfer.py:1276:lmcache.v1.multiprocess.modules.lmcache_driven_transfer)[0m
[32;20m[2026-09-29 17:05:20,022] LMCache INFO:[0m L1 memory usage 0.80 above watermark 0.80; triggering eviction. [3m(eviction_controller.py:179:lmcache.v1.distributed.storage_controllers.eviction_controller)[0m
[32;20m[2026-09-29 17:05:20,098] LMCache INFO:[0m Stored 768 tokens in 0.002 seconds [3m(lmcache_driven_transfer.py:1276:lmcache.v1.multiprocess.modules.lmcache_driven_transfer)[0m
[32;20m[2026-09-29 17:05:20,228] LMCache INFO:[0m Stored 512 tokens in 0.001 seconds [3m(lmcache_driven_transfer.py:1276:lmcache.v1.multiprocess.modules.lmcache_driven_transfer)[0m
[32;20m[2026-09-29 17:05:20,355] LMCache INFO:[0m Stored 768 tokens in 0.002 seconds [3m(lmcache_driven_transfer.py:1276:lmcache.v1.multiprocess.modules.lmcache_driven_transfer)[0m
[32;20m[2026-09-29 17:05:20,499] LMCache INFO:[0m Stored 768 tokens in 0.001 seconds [3m(lmcache_driven_transfer.py:1276:lmcache.v1.multiprocess.modules.lmcache_driven_transfer)[0m
[32;20m[2026-09-29 17:05:20,669] LMCache INFO:[0m Stored 512 tokens in 0.001 seconds [3m(lmcache_driven_transfer.py:1276:lmcache.v1.multiprocess.modules.lmcache_driven_transfer)[0m
[32;20m[2026-09-29 17:05:20,779] LMCache INFO:[0m Stored 512 tokens in 0.001 seconds [3m(lmcache_driven_transfer.py:1276:lmcache.v1.multiprocess.modules.lmcache_driven_transfer)[0m
[32;20m[2026-09-29 17:05:20,946] LMCache INFO:[0m Stored 256 tokens in 0.001 seconds [3m(lmcache_driven_transfer.py:1276:lmcache.v1.multiprocess.modules.lmcache_driven_transfer)[0m
[32;20m[2026-09-29 17:05:21,032] LMCache INFO:[0m Stored 256 tokens in 0.001 seconds [3m(lmcache_driven_transfer.py:1276:lmcache.v1.multiprocess.modules.lmcache_driven_transfer)[0m
[32;20m[2026-09-29 17:05:21,220] LMCache INFO:[0m Stored 256 tokens in 0.002 seconds [3m(lmcache_driven_transfer.py:1276:lmcache.v1.multiprocess.modules.lmcache_driven_transfer)[0m
[32;20m[2026-09-29 17:05:21,254] LMCache INFO:[0m Stored 768 tokens in 0.001 seconds [3m(lmcache_driven_transfer.py:1276:lmcache.v1.multiprocess.modules.lmcache_driven_transfer)[0m
[32;20m[2026-09-29 17:05:21,394] LMCache INFO:[0m Stored 768 tokens in 0.001 seconds [3m(lmcache_driven_transfer.py:1276:lmcache.v1.multiprocess.modules.lmcache_driven_transfer)[0m
[32;20m[2026-09-29 17:05:21,473] LMCache INFO:[0m Stored 256 tokens in 0.001 seconds [3m(lmcache_driven_transfer.py:1276:lmcache.v1.multiprocess.modules.lmcache_driven_transfer)[0m
[32;20m[2026-09-29 17:05:21,681] LMCache INFO:[0m Stored 256 tokens in 0.002 seconds [3m(lmcache_driven_transfer.py:1276:lmcache.v1.multiprocess.modules.lmcache_driven_transfer)[0m
[32;20m[2026-09-29 17:05:21,683] LMCache INFO:[0m Stored 256 tokens in 0.001 seconds [3m(lmcache_driven_transfer.py:1276:lmcache.v1.multiprocess.modules.lmcache_driven_transfer)[0m
[32;20m[2026-09-29 17:05:21,803] LMCache INFO:[0m Prefetch request completed (L1+L2): 9/11 retained keys (9 L1, 0 L2) in 2772.1 ms (external_request_id=chatcmpl-98740bab62fcfece-8297aa5b, prefetch_request_id=-1) [3m(storage_manager.py:726:lmcache.v1.distributed.storage_manager)[0m
[32;20m[2026-09-29 17:05:21,803] LMCache INFO:[0m Prefetch request completed (L1+L2): 12/12 retained keys (12 L1, 0 L2) in 2771.9 ms (external_request_id=chatcmpl-baaeed0073171462-abc37a11, prefetch_request_id=-1) [3m(storage_manager.py:726:lmcache.v1.distributed.storage_manager)[0m
[32;20m[2026-09-29 17:05:21,803] LMCache INFO:[0m Prefetch request completed (L1+L2): 9/9 retained keys (9 L1, 0 L2) in 2771.5 ms (external_request_id=chatcmpl-bd10d3e3b75184ba-b0c4ba3b, prefetch_request_id=-1) [3m(storage_manager.py:726:lmcache.v1.distributed.storage_manager)[0m
[32;20m[2026-09-29 17:05:21,849] LMCache INFO:[0m Stored 512 tokens in 0.001 seconds [3m(lmcache_driven_transfer.py:1276:lmcache.v1.multiprocess.modules.lmcache_driven_transfer)[0m
[32;20m[2026-09-29 17:05:21,939] LMCache INFO:[0m Prefetch request completed (L1+L2): 10/11 retained keys (10 L1, 0 L2) in 135.2 ms (external_request_id=chatcmpl-a1c7a1a9c96c0aa5-b59a69ff, prefetch_request_id=-1) [3m(storage_manager.py:726:lmcache.v1.distributed.storage_manager)[0m
[32;20m[2026-09-29 17:05:21,939] LMCache INFO:[0m Prefetch request completed (L1+L2): 12/13 retained keys (12 L1, 0 L2) in 135.1 ms (external_request_id=chatcmpl-970ed3e975442cec-8580a499, prefetch_request_id=-1) [3m(storage_manager.py:726:lmcache.v1.distributed.storage_manager)[0m
[32;20m[2026-09-29 17:05:21,939] LMCache INFO:[0m Prefetch request completed (L1+L2): 10/12 retained keys (10 L1, 0 L2) in 134.9 ms (external_request_id=chatcmpl-b21218f0e443132a-ab36f9d8, prefetch_request_id=-1) [3m(storage_manager.py:726:lmcache.v1.distributed.storage_manager)[0m
[32;20m[2026-09-29 17:05:21,939] LMCache INFO:[0m Prefetch request completed (L1+L2): 11/11 retained keys (11 L1, 0 L2) in 134.8 ms (external_request_id=chatcmpl-96c2252413ffb18b-a00e8321, prefetch_request_id=-1) [3m(storage_manager.py:726:lmcache.v1.distributed.storage_manager)[0m
[32;20m[2026-09-29 17:05:21,939] LMCache INFO:[0m Prefetch request completed (L1+L2): 10/11 retained keys (10 L1, 0 L2) in 134.6 ms (external_request_id=chatcmpl-bdbfc6e0970a53b9-8e6611c0, prefetch_request_id=-1) [3m(storage_manager.py:726:lmcache.v1.distributed.storage_manager)[0m
[32;20m[2026-09-29 17:05:21,939] LMCache INFO:[0m Prefetch request completed (L1+L2): 10/13 retained keys (10 L1, 0 L2) in 134.4 ms (external_request_id=chatcmpl-a5b9235e53503d6d-ab969c01, prefetch_request_id=-1) [3m(storage_manager.py:726:lmcache.v1.distributed.storage_manager)[0m
[32;20m[2026-09-29 17:05:21,939] LMCache INFO:[0m Prefetch request completed (L1+L2): 10/13 retained keys (10 L1, 0 L2) in 134.2 ms (external_request_id=chatcmpl-88755709253e82af-9aab7eb2, prefetch_request_id=-1) [3m(storage_manager.py:726:lmcache.v1.distributed.storage_manager)[0m
[32;20m[2026-09-29 17:05:21,939] LMCache INFO:[0m Prefetch request completed (L1+L2): 9/11 retained keys (9 L1, 0 L2) in 134.1 ms (external_request_id=chatcmpl-aa02075489cce915-a6dec684, prefetch_request_id=-1) [3m(storage_manager.py:726:lmcache.v1.distributed.storage_manager)[0m
[32;20m[2026-09-29 17:05:21,940] LMCache INFO:[0m Prefetch request completed (L1+L2): 9/11 retained keys (9 L1, 0 L2) in 133.8 ms (external_request_id=chatcmpl-b97736e13c4172c3-89f1e09b, prefetch_request_id=-1) [3m(storage_manager.py:726:lmcache.v1.distributed.storage_manager)[0m
[32;20m[2026-09-29 17:05:21,940] LMCache INFO:[0m Prefetch request completed (L1+L2): 9/10 retained keys (9 L1, 0 L2) in 133.4 ms (external_request_id=chatcmpl-b77d3980940951cb-b0473c48, prefetch_request_id=-1) [3m(storage_manager.py:726:lmcache.v1.distributed.storage_manager)[0m
[32;20m[2026-09-29 17:05:21,940] LMCache INFO:[0m Prefetch request completed (L1+L2): 10/12 retained keys (10 L1, 0 L2) in 133.2 ms (external_request_id=chatcmpl-a758055239554e28-a3898dc2, prefetch_request_id=-1) [3m(storage_manager.py:726:lmcache.v1.distributed.storage_manager)[0m
[32;20m[2026-09-29 17:05:21,940] LMCache INFO:[0m Prefetch request completed (L1+L2): 9/10 retained keys (9 L1, 0 L2) in 133.1 ms (external_request_id=chatcmpl-812018445705bf2d-9054308b, prefetch_request_id=-1) [3m(storage_manager.py:726:lmcache.v1.distributed.storage_manager)[0m
[32;20m[2026-09-29 17:05:21,940] LMCache INFO:[0m Prefetch request completed (L1+L2): 9/10 retained keys (9 L1, 0 L2) in 132.6 ms (external_request_id=chatcmpl-951562e90ea5b8ca-9bc2db68, prefetch_request_id=-1) [3m(storage_manager.py:726:lmcache.v1.distributed.storage_manager)[0m
[32;20m[2026-09-29 17:05:21,941] LMCache INFO:[0m Prefetch request completed (L1+L2): 9/9 retained keys (9 L1, 0 L2) in 131.7 ms (external_request_id=chatcmpl-a419fc34ca646f93-9568fe83, prefetch_request_id=-1) [3m(storage_manager.py:726:lmcache.v1.distributed.storage_manager)[0m
[32;20m[2026-09-29 17:05:21,941] LMCache INFO:[0m Prefetch request completed (L1+L2): 9/11 retained keys (9 L1, 0 L2) in 131.6 ms (external_request_id=chatcmpl-9178c39916778522-9c38f5b3, prefetch_request_id=-1) [3m(storage_manager.py:726:lmcache.v1.distributed.storage_manager)[0m
[32;20m[2026-09-29 17:05:21,941] LMCache INFO:[0m Prefetch request completed (L1+L2): 9/12 retained keys (9 L1, 0 L2) in 131.3 ms (external_request_id=chatcmpl-bded80fa76aac73b-bc19c504, prefetch_request_id=-1) [3m(storage_manager.py:726:lmcache.v1.distributed.storage_manager)[0m
[32;20m[2026-09-29 17:05:21,941] LMCache INFO:[0m Prefetch request completed (L1+L2): 10/11 retained keys (10 L1, 0 L2) in 131.2 ms (external_request_id=chatcmpl-9a72fdd793a7eaf0-bb4ba2b7, prefetch_request_id=-1) [3m(storage_manager.py:726:lmcache.v1.distributed.storage_manager)[0m
[32;20m[2026-09-29 17:05:21,941] LMCache INFO:[0m Prefetch request completed (L1+L2): 9/10 retained keys (9 L1, 0 L2) in 130.6 ms (external_request_id=chatcmpl-8d24a64930afbb91-9e271be5, prefetch_request_id=-1) [3m(storage_manager.py:726:lmcache.v1.distributed.storage_manager)[0m
[32;20m[2026-09-29 17:05:21,941] LMCache INFO:[0m Prefetch request completed (L1+L2): 12/13 retained keys (12 L1, 0 L2) in 130.4 ms (external_request_id=chatcmpl-8babe2322899209f-bcd0c469, prefetch_request_id=-1) [3m(storage_manager.py:726:lmcache.v1.distributed.storage_manager)[0m
[32;20m[2026-09-29 17:05:21,942] LMCache INFO:[0m Prefetch request completed (L1+L2): 9/10 retained keys (9 L1, 0 L2) in 129.8 ms (external_request_id=chatcmpl-9703a39680e76539-a7353cc1, prefetch_request_id=-1) [3m(storage_manager.py:726:lmcache.v1.distributed.storage_manager)[0m
[32;20m[2026-09-29 17:05:21,942] LMCache INFO:[0m Prefetch request completed (L1+L2): 10/11 retained keys (10 L1, 0 L2) in 129.7 ms (external_request_id=chatcmpl-82d959c5914095fb-bb1e8404, prefetch_request_id=-1) [3m(storage_manager.py:726:lmcache.v1.distributed.storage_manager)[0m
[32;20m[2026-09-29 17:05:22,005] LMCache INFO:[0m Stored 256 tokens in 0.001 seconds [3m(lmcache_driven_transfer.py:1276:lmcache.v1.multiprocess.modules.lmcache_driven_transfer)[0m
[32;20m[2026-09-29 17:05:22,006] LMCache INFO:[0m Stored 256 tokens in 0.001 seconds [3m(lmcache_driven_transfer.py:1276:lmcache.v1.multiprocess.modules.lmcache_driven_transfer)[0m
[32;20m[2026-09-29 17:05:22,128] LMCache INFO:[0m Stored 512 tokens in 0.002 seconds [3m(lmcache_driven_transfer.py:1276:lmcache.v1.multiprocess.modules.lmcache_driven_transfer)[0m
[32;20m[2026-09-29 17:05:22,243] LMCache INFO:[0m Stored 256 tokens in 0.001 seconds [3m(lmcache_driven_transfer.py:1276:lmcache.v1.multiprocess.modules.lmcache_driven_transfer)[0m
[32;20m[2026-09-29 17:05:22,579] LMCache INFO:[0m Stored 256 tokens in 0.001 seconds [3m(lmcache_driven_transfer.py:1276:lmcache.v1.multiprocess.modules.lmcache_driven_transfer)[0m
[32;20m[2026-09-29 17:05:22,666] LMCache INFO:[0m Stored 768 tokens in 0.001 seconds [3m(lmcache_driven_transfer.py:1276:lmcache.v1.multiprocess.modules.lmcache_driven_transfer)[0m
[32;20m[2026-09-29 17:05:22,755] LMCache INFO:[0m Stored 768 tokens in 0.002 seconds [3m(lmcache_driven_transfer.py:1276:lmcache.v1.multiprocess.modules.lmcache_driven_transfer)[0m
[32;20m[2026-09-29 17:05:22,856] LMCache INFO:[0m Stored 256 tokens in 0.001 seconds [3m(lmcache_driven_transfer.py:1276:lmcache.v1.multiprocess.modules.lmcache_driven_transfer)[0m
[32;20m[2026-09-29 17:05:22,989] LMCache INFO:[0m Stored 512 tokens in 0.002 seconds [3m(lmcache_driven_transfer.py:1276:lmcache.v1.multiprocess.modules.lmcache_driven_transfer)[0m
[32;20m[2026-09-29 17:05:23,020] LMCache INFO:[0m Stored 512 tokens in 0.001 seconds [3m(lmcache_driven_transfer.py:1276:lmcache.v1.multiprocess.modules.lmcache_driven_transfer)[0m
[32;20m[2026-09-29 17:05:23,087] LMCache INFO:[0m Stored 256 tokens in 0.001 seconds [3m(lmcache_driven_transfer.py:1276:lmcache.v1.multiprocess.modules.lmcache_driven_transfer)[0m
[32;20m[2026-09-29 17:05:23,272] LMCache INFO:[0m Stored 512 tokens in 0.001 seconds [3m(lmcache_driven_transfer.py:1276:lmcache.v1.multiprocess.modules.lmcache_driven_transfer)[0m
[32;20m[2026-09-29 17:05:23,417] LMCache INFO:[0m Stored 256 tokens in 0.003 seconds [3m(lmcache_driven_transfer.py:1276:lmcache.v1.multiprocess.modules.lmcache_driven_transfer)[0m
[32;20m[2026-09-29 17:05:23,487] LMCache INFO:[0m Stored 256 tokens in 0.001 seconds [3m(lmcache_driven_transfer.py:1276:lmcache.v1.multiprocess.modules.lmcache_driven_transfer)[0m
[32;20m[2026-09-29 17:05:23,697] LMCache INFO:[0m Stored 512 tokens in 0.001 seconds [3m(lmcache_driven_transfer.py:1276:lmcache.v1.multiprocess.modules.lmcache_driven_transfer)[0m
[32;20m[2026-09-29 17:05:23,846] LMCache INFO:[0m Stored 768 tokens in 0.001 seconds [3m(lmcache_driven_transfer.py:1276:lmcache.v1.multiprocess.modules.lmcache_driven_transfer)[0m
[32;20m[2026-09-29 17:05:23,947] LMCache INFO:[0m Stored 256 tokens in 0.001 seconds [3m(lmcache_driven_transfer.py:1276:lmcache.v1.multiprocess.modules.lmcache_driven_transfer)[0m
[32;20m[2026-09-29 17:05:24,017] LMCache INFO:[0m Stored 256 tokens in 0.001 seconds [3m(lmcache_driven_transfer.py:1276:lmcache.v1.multiprocess.modules.lmcache_driven_transfer)[0m
[32;20m[2026-09-29 17:05:24,147] LMCache INFO:[0m Stored 256 tokens in 0.001 seconds [3m(lmcache_driven_transfer.py:1276:lmcache.v1.multiprocess.modules.lmcache_driven_transfer)[0m
[32;20m[2026-09-29 17:05:24,148] LMCache INFO:[0m Stored 256 tokens in 0.001 seconds [3m(lmcache_driven_transfer.py:1276:lmcache.v1.multiprocess.modules.lmcache_driven_transfer)[0m
[32;20m[2026-09-29 17:05:24,409] LMCache INFO:[0m Stored 256 tokens in 0.002 seconds [3m(lmcache_driven_transfer.py:1276:lmcache.v1.multiprocess.modules.lmcache_driven_transfer)[0m
[32;20m[2026-09-29 17:05:24,465] LMCache INFO:[0m Stored 256 tokens in 0.001 seconds [3m(lmcache_driven_transfer.py:1276:lmcache.v1.multiprocess.modules.lmcache_driven_transfer)[0m
[32;20m[2026-09-29 17:05:24,487] LMCache INFO:[0m Prefetch request completed (L1+L2): 12/14 retained keys (12 L1, 0 L2) in 2544.7 ms (external_request_id=chatcmpl-80d7d0e1c066077c-9c732811, prefetch_request_id=-1) [3m(storage_manager.py:726:lmcache.v1.distributed.storage_manager)[0m
[32;20m[2026-09-29 17:05:24,487] LMCache INFO:[0m Prefetch request completed (L1+L2): 10/12 retained keys (10 L1, 0 L2) in 2544.3 ms (external_request_id=chatcmpl-ad6a3e916b40458b-ad3d5bbb, prefetch_request_id=-1) [3m(storage_manager.py:726:lmcache.v1.distributed.storage_manager)[0m
[32;20m[2026-09-29 17:05:24,487] LMCache INFO:[0m Prefetch request completed (L1+L2): 11/12 retained keys (11 L1, 0 L2) in 2544.0 ms (external_request_id=chatcmpl-8207e85a32745fce-a81c7f8e, prefetch_request_id=-1) [3m(storage_manager.py:726:lmcache.v1.distributed.storage_manager)[0m
[32;20m[2026-09-29 17:05:24,537] LMCache INFO:[0m Stored 512 tokens in 0.001 seconds [3m(lmcache_driven_transfer.py:1276:lmcache.v1.multiprocess.modules.lmcache_driven_transfer)[0m
[32;20m[2026-09-29 17:05:24,538] LMCache INFO:[0m Stored 512 tokens in 0.001 seconds [3m(lmcache_driven_transfer.py:1276:lmcache.v1.multiprocess.modules.lmcache_driven_transfer)[0m
[32;20m[2026-09-29 17:05:24,749] LMCache INFO:[0m Stored 256 tokens in 0.001 seconds [3m(lmcache_driven_transfer.py:1276:lmcache.v1.multiprocess.modules.lmcache_driven_transfer)[0m
[32;20m[2026-09-29 17:05:24,821] LMCache INFO:[0m Stored 256 tokens in 0.001 seconds [3m(lmcache_driven_transfer.py:1276:lmcache.v1.multiprocess.modules.lmcache_driven_transfer)[0m
[32;20m[2026-09-29 17:05:24,857] LMCache INFO:[0m Prefetch request completed (L1+L2): 10/10 retained keys (10 L1, 0 L2) in 369.1 ms (external_request_id=chatcmpl-bc85049bf1a7f153-abaf7475, prefetch_request_id=-1) [3m(storage_manager.py:726:lmcache.v1.distributed.storage_manager)[0m
[32;20m[2026-09-29 17:05:24,857] LMCache INFO:[0m Prefetch request completed (L1+L2): 10/13 retained keys (10 L1, 0 L2) in 368.9 ms (external_request_id=chatcmpl-a69b60e3946313f6-9d9e006d, prefetch_request_id=-1) [3m(storage_manager.py:726:lmcache.v1.distributed.storage_manager)[0m
[32;20m[2026-09-29 17:05:24,857] LMCache INFO:[0m Prefetch request completed (L1+L2): 10/11 retained keys (10 L1, 0 L2) in 368.5 ms (external_request_id=chatcmpl-9158fa142e50afaf-aa205483, prefetch_request_id=-1) [3m(storage_manager.py:726:lmcache.v1.distributed.storage_manager)[0m
[32;20m[2026-09-29 17:05:24,857] LMCache INFO:[0m Prefetch request completed (L1+L2): 9/11 retained keys (9 L1, 0 L2) in 368.2 ms (external_request_id=chatcmpl-a2dfeb2d54267076-964fbd27, prefetch_request_id=-1) [3m(storage_manager.py:726:lmcache.v1.distributed.storage_manager)[0m
[32;20m[2026-09-29 17:05:24,858] LMCache INFO:[0m Prefetch request completed (L1+L2): 9/10 retained keys (9 L1, 0 L2) in 368.0 ms (external_request_id=chatcmpl-bb70e9260f50cf62-9ae4fbd5, prefetch_request_id=-1) [3m(storage_manager.py:726:lmcache.v1.distributed.storage_manager)[0m
[32;20m[2026-09-29 17:05:24,858] LMCache INFO:[0m Prefetch request completed (L1+L2): 9/10 retained keys (9 L1, 0 L2) in 367.8 ms (external_request_id=chatcmpl-ac3a2f8dd5b91e25-87fab439, prefetch_request_id=-1) [3m(storage_manager.py:726:lmcache.v1.distributed.storage_manager)[0m
[32;20m[2026-09-29 17:05:24,858] LMCache INFO:[0m Prefetch request completed (L1+L2): 10/11 retained keys (10 L1, 0 L2) in 367.5 ms (external_request_id=chatcmpl-90caf6c7bb6d32ab-93d768ad, prefetch_request_id=-1) [3m(storage_manager.py:726:lmcache.v1.distributed.storage_manager)[0m
[32;20m[2026-09-29 17:05:24,858] LMCache INFO:[0m Prefetch request completed (L1+L2): 9/9 retained keys (9 L1, 0 L2) in 367.2 ms (external_request_id=chatcmpl-896d9042fe5cd295-8ebf4ccf, prefetch_request_id=-1) [3m(storage_manager.py:726:lmcache.v1.distributed.storage_manager)[0m
[32;20m[2026-09-29 17:05:24,858] LMCache INFO:[0m Prefetch request completed (L1+L2): 9/10 retained keys (9 L1, 0 L2) in 366.9 ms (external_request_id=chatcmpl-bb6afbcf43df35fb-9a9f3108, prefetch_request_id=-1) [3m(storage_manager.py:726:lmcache.v1.distributed.storage_manager)[0m
[32;20m[2026-09-29 17:05:24,858] LMCache INFO:[0m Prefetch request completed (L1+L2): 9/10 retained keys (9 L1, 0 L2) in 366.7 ms (external_request_id=chatcmpl-a904dc4402eb1545-870bbd9d, prefetch_request_id=-1) [3m(storage_manager.py:726:lmcache.v1.distributed.storage_manager)[0m
[32;20m[2026-09-29 17:05:24,859] LMCache INFO:[0m Prefetch request completed (L1+L2): 9/10 retained keys (9 L1, 0 L2) in 366.5 ms (external_request_id=chatcmpl-ad13ebfcb40ca103-9cc8fc64, prefetch_request_id=-1) [3m(storage_manager.py:726:lmcache.v1.distributed.storage_manager)[0m
[32;20m[2026-09-29 17:05:24,859] LMCache INFO:[0m Prefetch request completed (L1+L2): 9/10 retained keys (9 L1, 0 L2) in 365.6 ms (external_request_id=chatcmpl-8288965c32b89789-b87965df, prefetch_request_id=-1) [3m(storage_manager.py:726:lmcache.v1.distributed.storage_manager)[0m
[32;20m[2026-09-29 17:05:24,859] LMCache INFO:[0m Prefetch request completed (L1+L2): 10/12 retained keys (10 L1, 0 L2) in 365.6 ms (external_request_id=chatcmpl-9255faad2993186d-b116dffd, prefetch_request_id=-1) [3m(storage_manager.py:726:lmcache.v1.distributed.storage_manager)[0m
[32;20m[2026-09-29 17:05:24,859] LMCache INFO:[0m Prefetch request completed (L1+L2): 9/11 retained keys (9 L1, 0 L2) in 365.6 ms (external_request_id=chatcmpl-a778e4d76b06239e-8881eec3, prefetch_request_id=-1) [3m(storage_manager.py:726:lmcache.v1.distributed.storage_manager)[0m
[32;20m[2026-09-29 17:05:24,859] LMCache INFO:[0m Prefetch request completed (L1+L2): 12/14 retained keys (12 L1, 0 L2) in 365.5 ms (external_request_id=chatcmpl-87dc181ef325b7b7-8ddce4f1, prefetch_request_id=-1) [3m(storage_manager.py:726:lmcache.v1.distributed.storage_manager)[0m
[32;20m[2026-09-29 17:05:24,859] LMCache INFO:[0m Prefetch request completed (L1+L2): 9/11 retained keys (9 L1, 0 L2) in 365.4 ms (external_request_id=chatcmpl-b2502d0bc5312fbd-a7bda19e, prefetch_request_id=-1) [3m(storage_manager.py:726:lmcache.v1.distributed.storage_manager)[0m
[32;20m[2026-09-29 17:05:24,860] LMCache INFO:[0m Prefetch request completed (L1+L2): 10/12 retained keys (10 L1, 0 L2) in 365.2 ms (external_request_id=chatcmpl-bc7a2cbce6972753-beaa27cb, prefetch_request_id=-1) [3m(storage_manager.py:726:lmcache.v1.distributed.storage_manager)[0m
[32;20m[2026-09-29 17:05:24,860] LMCache INFO:[0m Prefetch request completed (L1+L2): 12/14 retained keys (12 L1, 0 L2) in 364.9 ms (external_request_id=chatcmpl-9e99a19c1c794d1a-a1cf07d0, prefetch_request_id=-1) [3m(storage_manager.py:726:lmcache.v1.distributed.storage_manager)[0m
[32;20m[2026-09-29 17:05:24,860] LMCache INFO:[0m Prefetch request completed (L1+L2): 10/10 retained keys (10 L1, 0 L2) in 364.9 ms (external_request_id=chatcmpl-98f3564052678b3e-a761b706, prefetch_request_id=-1) [3m(storage_manager.py:726:lmcache.v1.distributed.storage_manager)[0m
[32;20m[2026-09-29 17:05:24,860] LMCache INFO:[0m Prefetch request completed (L1+L2): 11/12 retained keys (11 L1, 0 L2) in 364.3 ms (external_request_id=chatcmpl-8c23065105fd2cd2-a93d5fd9, prefetch_request_id=-1) [3m(storage_manager.py:726:lmcache.v1.distributed.storage_manager)[0m
[32;20m[2026-09-29 17:05:24,860] LMCache INFO:[0m Prefetch request completed (L1+L2): 10/10 retained keys (10 L1, 0 L2) in 364.2 ms (external_request_id=chatcmpl-b8070101862a7f28-a3373483, prefetch_request_id=-1) [3m(storage_manager.py:726:lmcache.v1.distributed.storage_manager)[0m
[32;20m[2026-09-29 17:05:25,016] LMCache INFO:[0m Stored 768 tokens in 0.002 seconds [3m(lmcache_driven_transfer.py:1276:lmcache.v1.multiprocess.modules.lmcache_driven_transfer)[0m
[32;20m[2026-09-29 17:05:25,017] LMCache INFO:[0m Stored 256 tokens in 0.001 seconds [3m(lmcache_driven_transfer.py:1276:lmcache.v1.multiprocess.modules.lmcache_driven_transfer)[0m
[32;20m[2026-09-29 17:05:25,141] LMCache INFO:[0m Stored 512 tokens in 0.001 seconds [3m(lmcache_driven_transfer.py:1276:lmcache.v1.multiprocess.modules.lmcache_driven_transfer)[0m
[32;20m[2026-09-29 17:05:25,208] LMCache INFO:[0m Stored 256 tokens in 0.001 seconds [3m(lmcache_driven_transfer.py:1276:lmcache.v1.multiprocess.modules.lmcache_driven_transfer)[0m
[32;20m[2026-09-29 17:05:25,477] LMCache INFO:[0m Stored 256 tokens in 0.001 seconds [3m(lmcache_driven_transfer.py:1276:lmcache.v1.multiprocess.modules.lmcache_driven_transfer)[0m
[32;20m[2026-09-29 17:05:25,478] LMCache INFO:[0m Stored 256 tokens in 0.001 seconds [3m(lmcache_driven_transfer.py:1276:lmcache.v1.multiprocess.modules.lmcache_driven_transfer)[0m
[32;20m[2026-09-29 17:05:25,610] LMCache INFO:[0m Stored 256 tokens in 0.001 seconds [3m(lmcache_driven_transfer.py:1276:lmcache.v1.multiprocess.modules.lmcache_driven_transfer)[0m
[32;20m[2026-09-29 17:05:25,896] LMCache INFO:[0m Stored 256 tokens in 0.001 seconds [3m(lmcache_driven_transfer.py:1276:lmcache.v1.multiprocess.modules.lmcache_driven_transfer)[0m
[32;20m[2026-09-29 17:05:25,996] LMCache INFO:[0m Stored 256 tokens in 0.001 seconds [3m(lmcache_driven_transfer.py:1276:lmcache.v1.multiprocess.modules.lmcache_driven_transfer)[0m
[32;20m[2026-09-29 17:05:26,066] LMCache INFO:[0m Stored 256 tokens in 0.001 seconds [3m(lmcache_driven_transfer.py:1276:lmcache.v1.multiprocess.modules.lmcache_driven_transfer)[0m
[32;20m[2026-09-29 17:05:26,236] LMCache INFO:[0m Stored 256 tokens in 0.001 seconds [3m(lmcache_driven_transfer.py:1276:lmcache.v1.multiprocess.modules.lmcache_driven_transfer)[0m
[32;20m[2026-09-29 17:05:26,270] LMCache INFO:[0m Stored 512 tokens in 0.001 seconds [3m(lmcache_driven_transfer.py:1276:lmcache.v1.multiprocess.modules.lmcache_driven_transfer)[0m
[32;20m[2026-09-29 17:05:26,477] LMCache INFO:[0m Stored 256 tokens in 0.001 seconds [3m(lmcache_driven_transfer.py:1276:lmcache.v1.multiprocess.modules.lmcache_driven_transfer)[0m
[32;20m[2026-09-29 17:05:26,528] LMCache INFO:[0m Stored 512 tokens in 0.002 seconds [3m(lmcache_driven_transfer.py:1276:lmcache.v1.multiprocess.modules.lmcache_driven_transfer)[0m
[32;20m[2026-09-29 17:05:26,567] LMCache INFO:[0m Stored 512 tokens in 0.002 seconds [3m(lmcache_driven_transfer.py:1276:lmcache.v1.multiprocess.modules.lmcache_driven_transfer)[0m
[32;20m[2026-09-29 17:05:26,569] LMCache INFO:[0m Stored 512 tokens in 0.001 seconds [3m(lmcache_driven_transfer.py:1276:lmcache.v1.multiprocess.modules.lmcache_driven_transfer)[0m
[32;20m[2026-09-29 17:05:26,570] LMCache INFO:[0m Stored 512 tokens in 0.001 seconds [3m(lmcache_driven_transfer.py:1276:lmcache.v1.multiprocess.modules.lmcache_driven_transfer)[0m
[32;20m[2026-09-29 17:05:26,849] LMCache INFO:[0m Stored 512 tokens in 0.001 seconds [3m(lmcache_driven_transfer.py:1276:lmcache.v1.multiprocess.modules.lmcache_driven_transfer)[0m
[32;20m[2026-09-29 17:05:26,929] LMCache INFO:[0m Stored 256 tokens in 0.002 seconds [3m(lmcache_driven_transfer.py:1276:lmcache.v1.multiprocess.modules.lmcache_driven_transfer)[0m
[32;20m[2026-09-29 17:05:26,930] LMCache INFO:[0m Stored 256 tokens in 0.001 seconds [3m(lmcache_driven_transfer.py:1276:lmcache.v1.multiprocess.modules.lmcache_driven_transfer)[0m
[32;20m[2026-09-29 17:05:27,073] LMCache INFO:[0m Stored 256 tokens in 0.001 seconds [3m(lmcache_driven_transfer.py:1276:lmcache.v1.multiprocess.modules.lmcache_driven_transfer)[0m
[32;20m[2026-09-29 17:05:27,269] LMCache INFO:[0m Prefetch request completed (L1+L2): 10/11 retained keys (10 L1, 0 L2) in 2408.8 ms (external_request_id=chatcmpl-a2c9d7af8a3c87c6-abd74dba, prefetch_request_id=-1) [3m(storage_manager.py:726:lmcache.v1.distributed.storage_manager)[0m
[32;20m[2026-09-29 17:05:27,270] LMCache INFO:[0m Prefetch request completed (L1+L2): 10/12 retained keys (10 L1, 0 L2) in 2408.4 ms (external_request_id=chatcmpl-be460d6a97e4eb37-ab407c46, prefetch_request_id=-1) [3m(storage_manager.py:726:lmcache.v1.distributed.storage_manager)[0m
[32;20m[2026-09-29 17:05:27,270] LMCache INFO:[0m Prefetch request completed (L1+L2): 9/11 retained keys (9 L1, 0 L2) in 2408.2 ms (external_request_id=chatcmpl-b47609b9a834d9b3-8ff37a00, prefetch_request_id=-1) [3m(storage_manager.py:726:lmcache.v1.distributed.storage_manager)[0m
[32;20m[2026-09-29 17:05:27,316] LMCache INFO:[0m Stored 256 tokens in 0.001 seconds [3m(lmcache_driven_transfer.py:1276:lmcache.v1.multiprocess.modules.lmcache_driven_transfer)[0m
[32;20m[2026-09-29 17:05:27,409] LMCache INFO:[0m Stored 512 tokens in 0.001 seconds [3m(lmcache_driven_transfer.py:1276:lmcache.v1.multiprocess.modules.lmcache_driven_transfer)[0m
[32;20m[2026-09-29 17:05:27,673] LMCache INFO:[0m Stored 512 tokens in 0.001 seconds [3m(lmcache_driven_transfer.py:1276:lmcache.v1.multiprocess.modules.lmcache_driven_transfer)[0m
[32;20m[2026-09-29 17:05:27,884] LMCache INFO:[0m Prefetch request completed (L1+L2): 9/11 retained keys (9 L1, 0 L2) in 613.2 ms (external_request_id=chatcmpl-9913a8af2cf3632a-8f0c2c72, prefetch_request_id=-1) [3m(storage_manager.py:726:lmcache.v1.distributed.storage_manager)[0m
[32;20m[2026-09-29 17:05:27,884] LMCache INFO:[0m Prefetch request completed (L1+L2): 9/11 retained keys (9 L1, 0 L2) in 612.9 ms (external_request_id=chatcmpl-b4f9961355883d51-a2ba621e, prefetch_request_id=-1) [3m(storage_manager.py:726:lmcache.v1.distributed.storage_manager)[0m
[32;20m[2026-09-29 17:05:27,884] LMCache INFO:[0m Prefetch request completed (L1+L2): 10/11 retained keys (10 L1, 0 L2) in 612.8 ms (external_request_id=chatcmpl-a6ebd2e9e10f8ec0-a0c3b19b, prefetch_request_id=-1) [3m(storage_manager.py:726:lmcache.v1.distributed.storage_manager)[0m
[32;20m[2026-09-29 17:05:27,884] LMCache INFO:[0m Prefetch request completed (L1+L2): 9/11 retained keys (9 L1, 0 L2) in 612.7 ms (external_request_id=chatcmpl-99ab7ae3bad2f27f-95911d50, prefetch_request_id=-1) [3m(storage_manager.py:726:lmcache.v1.distributed.storage_manager)[0m
[32;20m[2026-09-29 17:05:27,885] LMCache INFO:[0m Prefetch request completed (L1+L2): 9/11 retained keys (9 L1, 0 L2) in 612.6 ms (external_request_id=chatcmpl-b6538153de10bf64-90309502, prefetch_request_id=-1) [3m(storage_manager.py:726:lmcache.v1.distributed.storage_manager)[0m
[32;20m[2026-09-29 17:05:27,885] LMCache INFO:[0m Prefetch request completed (L1+L2): 9/9 retained keys (9 L1, 0 L2) in 612.0 ms (external_request_id=chatcmpl-8a2b08a65717a7b2-bdb2f97a, prefetch_request_id=-1) [3m(storage_manager.py:726:lmcache.v1.distributed.storage_manager)[0m
[32;20m[2026-09-29 17:05:27,885] LMCache INFO:[0m Prefetch request completed (L1+L2): 9/10 retained keys (9 L1, 0 L2) in 612.0 ms (external_request_id=chatcmpl-8114073b5d6c7097-a2c85441, prefetch_request_id=-1) [3m(storage_manager.py:726:lmcache.v1.distributed.storage_manager)[0m
[32;20m[2026-09-29 17:05:27,885] LMCache INFO:[0m Prefetch request completed (L1+L2): 9/10 retained keys (9 L1, 0 L2) in 611.9 ms (external_request_id=chatcmpl-a12a1977655821b3-acd72ea3, prefetch_request_id=-1) [3m(storage_manager.py:726:lmcache.v1.distributed.storage_manager)[0m
[32;20m[2026-09-29 17:05:27,885] LMCache INFO:[0m Prefetch request completed (L1+L2): 10/11 retained keys (10 L1, 0 L2) in 611.9 ms (external_request_id=chatcmpl-a1b4b458a54a9335-8bdcebf6, prefetch_request_id=-1) [3m(storage_manager.py:726:lmcache.v1.distributed.storage_manager)[0m
[32;20m[2026-09-29 17:05:27,886] LMCache INFO:[0m Prefetch request completed (L1+L2): 9/11 retained keys (9 L1, 0 L2) in 611.6 ms (external_request_id=chatcmpl-8fbc9d3f9707a49a-a9e626e1, prefetch_request_id=-1) [3m(storage_manager.py:726:lmcache.v1.distributed.storage_manager)[0m
[32;20m[2026-09-29 17:05:27,886] LMCache INFO:[0m Prefetch request completed (L1+L2): 12/12 retained keys (12 L1, 0 L2) in 611.4 ms (external_request_id=chatcmpl-98ed7a1dad20a11c-82a613f5, prefetch_request_id=-1) [3m(storage_manager.py:726:lmcache.v1.distributed.storage_manager)[0m
[32;20m[2026-09-29 17:05:27,886] LMCache INFO:[0m Prefetch request completed (L1+L2): 9/11 retained keys (9 L1, 0 L2) in 611.0 ms (external_request_id=chatcmpl-9e97e5a0d5e56040-aeb88b03, prefetch_request_id=-1) [3m(storage_manager.py:726:lmcache.v1.distributed.storage_manager)[0m
[32;20m[2026-09-29 17:05:27,886] LMCache INFO:[0m Prefetch request completed (L1+L2): 10/11 retained keys (10 L1, 0 L2) in 610.8 ms (external_request_id=chatcmpl-ad66fca83d0bc261-95fb79f5, prefetch_request_id=-1) [3m(storage_manager.py:726:lmcache.v1.distributed.storage_manager)[0m
[32;20m[2026-09-29 17:05:27,886] LMCache INFO:[0m Prefetch request completed (L1+L2): 12/13 retained keys (12 L1, 0 L2) in 610.5 ms (external_request_id=chatcmpl-bcbf39aed7aa93e5-87e96026, prefetch_request_id=-1) [3m(storage_manager.py:726:lmcache.v1.distributed.storage_manager)[0m
[32;20m[2026-09-29 17:05:27,886] LMCache INFO:[0m Prefetch request completed (L1+L2): 10/11 retained keys (10 L1, 0 L2) in 610.2 ms (external_request_id=chatcmpl-938b25fffcb5fbce-82575ed9, prefetch_request_id=-1) [3m(storage_manager.py:726:lmcache.v1.distributed.storage_manager)[0m
[32;20m[2026-09-29 17:05:27,887] LMCache INFO:[0m Prefetch request completed (L1+L2): 11/13 retained keys (11 L1, 0 L2) in 610.0 ms (external_request_id=chatcmpl-aa71a1a7d5254a74-98e6a117, prefetch_request_id=-1) [3m(storage_manager.py:726:lmcache.v1.distributed.storage_manager)[0m
[32;20m[2026-09-29 17:05:27,887] LMCache INFO:[0m Prefetch request completed (L1+L2): 10/10 retained keys (10 L1, 0 L2) in 609.8 ms (external_request_id=chatcmpl-84d44d54215d630b-af63fc8d, prefetch_request_id=-1) [3m(storage_manager.py:726:lmcache.v1.distributed.storage_manager)[0m
[32;20m[2026-09-29 17:05:27,887] LMCache INFO:[0m Prefetch request completed (L1+L2): 10/12 retained keys (10 L1, 0 L2) in 609.5 ms (external_request_id=chatcmpl-9a4f81a848e7b6c7-a5386f39, prefetch_request_id=-1) [3m(storage_manager.py:726:lmcache.v1.distributed.storage_manager)[0m
[32;20m[2026-09-29 17:05:27,887] LMCache INFO:[0m Prefetch request completed (L1+L2): 10/12 retained keys (10 L1, 0 L2) in 609.3 ms (external_request_id=chatcmpl-9a51061ee2b0b760-80672dc4, prefetch_request_id=-1) [3m(storage_manager.py:726:lmcache.v1.distributed.storage_manager)[0m
[32;20m[2026-09-29 17:05:27,887] LMCache INFO:[0m Prefetch request completed (L1+L2): 9/11 retained keys (9 L1, 0 L2) in 609.0 ms (external_request_id=chatcmpl-bedd5f6327b14328-ad9d4ac1, prefetch_request_id=-1) [3m(storage_manager.py:726:lmcache.v1.distributed.storage_manager)[0m
[32;20m[2026-09-29 17:05:27,887] LMCache INFO:[0m Prefetch request completed (L1+L2): 9/12 retained keys (9 L1, 0 L2) in 608.7 ms (external_request_id=chatcmpl-bb385db2d97e1eb9-88266611, prefetch_request_id=-1) [3m(storage_manager.py:726:lmcache.v1.distributed.storage_manager)[0m
[32;20m[2026-09-29 17:05:27,939] LMCache INFO:[0m Stored 512 tokens in 0.002 seconds [3m(lmcache_driven_transfer.py:1276:lmcache.v1.multiprocess.modules.lmcache_driven_transfer)[0m
[32;20m[2026-09-29 17:05:27,940] LMCache INFO:[0m Stored 512 tokens in 0.001 seconds [3m(lmcache_driven_transfer.py:1276:lmcache.v1.multiprocess.modules.lmcache_driven_transfer)[0m
[32;20m[2026-09-29 17:05:27,941] LMCache INFO:[0m Stored 256 tokens in 0.001 seconds [3m(lmcache_driven_transfer.py:1276:lmcache.v1.multiprocess.modules.lmcache_driven_transfer)[0m
[32;20m[2026-09-29 17:05:28,174] LMCache INFO:[0m Stored 512 tokens in 0.001 seconds [3m(lmcache_driven_transfer.py:1276:lmcache.v1.multiprocess.modules.lmcache_driven_transfer)[0m
[32;20m[2026-09-29 17:05:28,206] LMCache INFO:[0m Stored 512 tokens in 0.001 seconds [3m(lmcache_driven_transfer.py:1276:lmcache.v1.multiprocess.modules.lmcache_driven_transfer)[0m
[32;20m[2026-09-29 17:05:28,261] LMCache INFO:[0m Stored 256 tokens in 0.001 seconds [3m(lmcache_driven_transfer.py:1276:lmcache.v1.multiprocess.modules.lmcache_driven_transfer)[0m
[32;20m[2026-09-29 17:05:28,534] LMCache INFO:[0m Stored 256 tokens in 0.001 seconds [3m(lmcache_driven_transfer.py:1276:lmcache.v1.multiprocess.modules.lmcache_driven_transfer)[0m
[32;20m[2026-09-29 17:05:28,719] LMCache INFO:[0m Stored 256 tokens in 0.001 seconds [3m(lmcache_driven_transfer.py:1276:lmcache.v1.multiprocess.modules.lmcache_driven_transfer)[0m
[32;20m[2026-09-29 17:05:28,804] LMCache INFO:[0m Stored 512 tokens in 0.002 seconds [3m(lmcache_driven_transfer.py:1276:lmcache.v1.multiprocess.modules.lmcache_driven_transfer)[0m
[32;20m[2026-09-29 17:05:29,024] LMCache INFO:[0m L1 memory usage 0.81 above watermark 0.80; triggering eviction. [3m(eviction_controller.py:179:lmcache.v1.distributed.storage_controllers.eviction_controller)[0m
[32;20m[2026-09-29 17:05:29,087] LMCache INFO:[0m Stored 512 tokens in 0.001 seconds [3m(lmcache_driven_transfer.py:1276:lmcache.v1.multiprocess.modules.lmcache_driven_transfer)[0m
[32;20m[2026-09-29 17:05:29,195] LMCache INFO:[0m Stored 256 tokens in 0.001 seconds [3m(lmcache_driven_transfer.py:1276:lmcache.v1.multiprocess.modules.lmcache_driven_transfer)[0m
[32;20m[2026-09-29 17:05:29,260] LMCache INFO:[0m Stored 256 tokens in 0.001 seconds [3m(lmcache_driven_transfer.py:1276:lmcache.v1.multiprocess.modules.lmcache_driven_transfer)[0m
[32;20m[2026-09-29 17:05:29,293] LMCache INFO:[0m Stored 256 tokens in 0.001 seconds [3m(lmcache_driven_transfer.py:1276:lmcache.v1.multiprocess.modules.lmcache_driven_transfer)[0m
[32;20m[2026-09-29 17:05:29,362] LMCache INFO:[0m Stored 512 tokens in 0.001 seconds [3m(lmcache_driven_transfer.py:1276:lmcache.v1.multiprocess.modules.lmcache_driven_transfer)[0m
[32;20m[2026-09-29 17:05:29,363] LMCache INFO:[0m Stored 256 tokens in 0.001 seconds [3m(lmcache_driven_transfer.py:1276:lmcache.v1.multiprocess.modules.lmcache_driven_transfer)[0m
[32;20m[2026-09-29 17:05:29,810] LMCache INFO:[0m Stored 512 tokens in 0.001 seconds [3m(lmcache_driven_transfer.py:1276:lmcache.v1.multiprocess.modules.lmcache_driven_transfer)[0m
[32;20m[2026-09-29 17:05:29,844] LMCache INFO:[0m Stored 512 tokens in 0.001 seconds [3m(lmcache_driven_transfer.py:1276:lmcache.v1.multiprocess.modules.lmcache_driven_transfer)[0m
[32;20m[2026-09-29 17:05:29,912] LMCache INFO:[0m Stored 512 tokens in 0.001 seconds [3m(lmcache_driven_transfer.py:1276:lmcache.v1.multiprocess.modules.lmcache_driven_transfer)[0m
[32;20m[2026-09-29 17:05:30,012] LMCache INFO:[0m Stored 768 tokens in 0.002 seconds [3m(lmcache_driven_transfer.py:1276:lmcache.v1.multiprocess.modules.lmcache_driven_transfer)[0m
[32;20m[2026-09-29 17:05:30,268] LMCache INFO:[0m Prefetch request completed (L1+L2): 9/9 retained keys (9 L1, 0 L2) in 2380.5 ms (external_request_id=chatcmpl-97c61384ef001f4b-94151180, prefetch_request_id=-1) [3m(storage_manager.py:726:lmcache.v1.distributed.storage_manager)[0m
[32;20m[2026-09-29 17:05:30,269] LMCache INFO:[0m Prefetch request completed (L1+L2): 10/12 retained keys (10 L1, 0 L2) in 2380.1 ms (external_request_id=chatcmpl-b1168488157fa871-aa0b96f5, prefetch_request_id=-1) [3m(storage_manager.py:726:lmcache.v1.distributed.storage_manager)[0m
[32;20m[2026-09-29 17:05:30,269] LMCache INFO:[0m Prefetch request completed (L1+L2): 9/10 retained keys (9 L1, 0 L2) in 2380.1 ms (external_request_id=chatcmpl-a2ec0b3c091e535c-84de8fac, prefetch_request_id=-1) [3m(storage_manager.py:726:lmcache.v1.distributed.storage_manager)[0m
[32;20m[2026-09-29 17:05:30,318] LMCache INFO:[0m Stored 512 tokens in 0.001 seconds [3m(lmcache_driven_transfer.py:1276:lmcache.v1.multiprocess.modules.lmcache_driven_transfer)[0m
[32;20m[2026-09-29 17:05:30,462] LMCache INFO:[0m Stored 256 tokens in 0.001 seconds [3m(lmcache_driven_transfer.py:1276:lmcache.v1.multiprocess.modules.lmcache_driven_transfer)[0m
[32;20m[2026-09-29 17:05:30,496] LMCache INFO:[0m Prefetch request completed (L1+L2): 9/11 retained keys (9 L1, 0 L2) in 226.7 ms (external_request_id=chatcmpl-942c87efe15eff93-90e488f3, prefetch_request_id=-1) [3m(storage_manager.py:726:lmcache.v1.distributed.storage_manager)[0m
[32;20m[2026-09-29 17:05:30,496] LMCache INFO:[0m Prefetch request completed (L1+L2): 9/9 retained keys (9 L1, 0 L2) in 226.3 ms (external_request_id=chatcmpl-a8c836207324ac02-8ec77b67, prefetch_request_id=-1) [3m(storage_manager.py:726:lmcache.v1.distributed.storage_manager)[0m
[32;20m[2026-09-29 17:05:30,497] LMCache INFO:[0m Prefetch request completed (L1+L2): 9/11 retained keys (9 L1, 0 L2) in 226.1 ms (external_request_id=chatcmpl-933d47375f3f68ab-98c2ea39, prefetch_request_id=-1) [3m(storage_manager.py:726:lmcache.v1.distributed.storage_manager)[0m
[32;20m[2026-09-29 17:05:30,497] LMCache INFO:[0m Prefetch request completed (L1+L2): 9/10 retained keys (9 L1, 0 L2) in 225.9 ms (external_request_id=chatcmpl-a66a734bfafc7509-97e78ded, prefetch_request_id=-1) [3m(storage_manager.py:726:lmcache.v1.distributed.storage_manager)[0m
[32;20m[2026-09-29 17:05:30,497] LMCache INFO:[0m Prefetch request completed (L1+L2): 10/11 retained keys (10 L1, 0 L2) in 225.6 ms (external_request_id=chatcmpl-976217d881fc5965-ad08f3eb, prefetch_request_id=-1) [3m(storage_manager.py:726:lmcache.v1.distributed.storage_manager)[0m
[32;20m[2026-09-29 17:05:30,497] LMCache INFO:[0m Prefetch request completed (L1+L2): 9/11 retained keys (9 L1, 0 L2) in 225.3 ms (external_request_id=chatcmpl-bcb86423fade09b0-9362decd, prefetch_request_id=-1) [3m(storage_manager.py:726:lmcache.v1.distributed.storage_manager)[0m
[32;20m[2026-09-29 17:05:30,497] LMCache INFO:[0m Prefetch request completed (L1+L2): 12/14 retained keys (12 L1, 0 L2) in 225.0 ms (external_request_id=chatcmpl-94d9033ab617323b-97d85bac, prefetch_request_id=-1) [3m(storage_manager.py:726:lmcache.v1.distributed.storage_manager)[0m
[32;20m[2026-09-29 17:05:30,498] LMCache INFO:[0m Prefetch request completed (L1+L2): 9/9 retained keys (9 L1, 0 L2) in 224.9 ms (external_request_id=chatcmpl-87ff8f886428746b-ab8f7fb7, prefetch_request_id=-1) [3m(storage_manager.py:726:lmcache.v1.distributed.storage_manager)[0m
[32;20m[2026-09-29 17:05:30,498] LMCache INFO:[0m Prefetch request completed (L1+L2): 10/10 retained keys (10 L1, 0 L2) in 224.6 ms (external_request_id=chatcmpl-b258deb9f2b31c8b-8e1673c0, prefetch_request_id=-1) [3m(storage_manager.py:726:lmcache.v1.distributed.storage_manager)[0m
[32;20m[2026-09-29 17:05:30,498] LMCache INFO:[0m Prefetch request completed (L1+L2): 12/13 retained keys (12 L1, 0 L2) in 224.3 ms (external_request_id=chatcmpl-9dcd8e51f622c5b1-b01897e3, prefetch_request_id=-1) [3m(storage_manager.py:726:lmcache.v1.distributed.storage_manager)[0m
[32;20m[2026-09-29 17:05:30,498] LMCache INFO:[0m Prefetch request completed (L1+L2): 10/11 retained keys (10 L1, 0 L2) in 224.0 ms (external_request_id=chatcmpl-aa6a4747f90c37d2-96daf3b7, prefetch_request_id=-1) [3m(storage_manager.py:726:lmcache.v1.distributed.storage_manager)[0m
[32;20m[2026-09-29 17:05:30,498] LMCache INFO:[0m Prefetch request completed (L1+L2): 11/12 retained keys (11 L1, 0 L2) in 223.9 ms (external_request_id=chatcmpl-aed38a809e5e9b27-bd8f50e2, prefetch_request_id=-1) [3m(storage_manager.py:726:lmcache.v1.distributed.storage_manager)[0m
[32;20m[2026-09-29 17:05:30,498] LMCache INFO:[0m Prefetch request completed (L1+L2): 10/12 retained keys (10 L1, 0 L2) in 223.4 ms (external_request_id=chatcmpl-8c4779a2afcbde3a-bfb671e4, prefetch_request_id=-1) [3m(storage_manager.py:726:lmcache.v1.distributed.storage_manager)[0m
[32;20m[2026-09-29 17:05:30,499] LMCache INFO:[0m Prefetch request completed (L1+L2): 10/11 retained keys (10 L1, 0 L2) in 223.3 ms (external_request_id=chatcmpl-a35950d1fb065e71-bfd3b84f, prefetch_request_id=-1) [3m(storage_manager.py:726:lmcache.v1.distributed.storage_manager)[0m
[32;20m[2026-09-29 17:05:30,499] LMCache INFO:[0m Prefetch request completed (L1+L2): 10/11 retained keys (10 L1, 0 L2) in 222.8 ms (external_request_id=chatcmpl-99d4d2e8246bd730-a0b8360a, prefetch_request_id=-1) [3m(storage_manager.py:726:lmcache.v1.distributed.storage_manager)[0m
[32;20m[2026-09-29 17:05:30,499] LMCache INFO:[0m Prefetch request completed (L1+L2): 9/10 retained keys (9 L1, 0 L2) in 222.8 ms (external_request_id=chatcmpl-a45728524e2d71d2-8c8adee2, prefetch_request_id=-1) [3m(storage_manager.py:726:lmcache.v1.distributed.storage_manager)[0m
[32;20m[2026-09-29 17:05:30,499] LMCache INFO:[0m Prefetch request completed (L1+L2): 9/10 retained keys (9 L1, 0 L2) in 222.5 ms (external_request_id=chatcmpl-aa2369fddb26d451-9256cc15, prefetch_request_id=-1) [3m(storage_manager.py:726:lmcache.v1.distributed.storage_manager)[0m
[32;20m[2026-09-29 17:05:30,499] LMCache INFO:[0m Prefetch request completed (L1+L2): 9/10 retained keys (9 L1, 0 L2) in 222.3 ms (external_request_id=chatcmpl-85dfbfdff12a9167-89cabf06, prefetch_request_id=-1) [3m(storage_manager.py:726:lmcache.v1.distributed.storage_manager)[0m
[32;20m[2026-09-29 17:05:30,499] LMCache INFO:[0m Prefetch request completed (L1+L2): 10/12 retained keys (10 L1, 0 L2) in 222.1 ms (external_request_id=chatcmpl-b3329bc3a13b2b38-9db40a9b, prefetch_request_id=-1) [3m(storage_manager.py:726:lmcache.v1.distributed.storage_manager)[0m
[32;20m[2026-09-29 17:05:30,500] LMCache INFO:[0m Prefetch request completed (L1+L2): 9/11 retained keys (9 L1, 0 L2) in 221.9 ms (external_request_id=chatcmpl-b8e34fcc21d60728-a26a8e27, prefetch_request_id=-1) [3m(storage_manager.py:726:lmcache.v1.distributed.storage_manager)[0m
[32;20m[2026-09-29 17:05:30,500] LMCache INFO:[0m Prefetch request completed (L1+L2): 9/9 retained keys (9 L1, 0 L2) in 221.7 ms (external_request_id=chatcmpl-b8ad5faab4527786-a6528fcd, prefetch_request_id=-1) [3m(storage_manager.py:726:lmcache.v1.distributed.storage_manager)[0m
[32;20m[2026-09-29 17:05:30,548] LMCache INFO:[0m Stored 512 tokens in 0.001 seconds [3m(lmcache_driven_transfer.py:1276:lmcache.v1.multiprocess.modules.lmcache_driven_transfer)[0m
[32;20m[2026-09-29 17:05:30,550] LMCache INFO:[0m Stored 256 tokens in 0.001 seconds [3m(lmcache_driven_transfer.py:1276:lmcache.v1.multiprocess.modules.lmcache_driven_transfer)[0m
[32;20m[2026-09-29 17:05:30,777] LMCache INFO:[0m Stored 512 tokens in 0.001 seconds [3m(lmcache_driven_transfer.py:1276:lmcache.v1.multiprocess.modules.lmcache_driven_transfer)[0m
[32;20m[2026-09-29 17:05:30,852] LMCache INFO:[0m Stored 256 tokens in 0.001 seconds [3m(lmcache_driven_transfer.py:1276:lmcache.v1.multiprocess.modules.lmcache_driven_transfer)[0m
[32;20m[2026-09-29 17:05:30,942] LMCache INFO:[0m Stored 256 tokens in 0.001 seconds [3m(lmcache_driven_transfer.py:1276:lmcache.v1.multiprocess.modules.lmcache_driven_transfer)[0m
[32;20m[2026-09-29 17:05:31,088] LMCache INFO:[0m Stored 256 tokens in 0.001 seconds [3m(lmcache_driven_transfer.py:1276:lmcache.v1.multiprocess.modules.lmcache_driven_transfer)[0m
[32;20m[2026-09-29 17:05:31,198] LMCache INFO:[0m Stored 512 tokens in 0.001 seconds [3m(lmcache_driven_transfer.py:1276:lmcache.v1.multiprocess.modules.lmcache_driven_transfer)[0m
[32;20m[2026-09-29 17:05:31,466] LMCache INFO:[0m Stored 512 tokens in 0.002 seconds [3m(lmcache_driven_transfer.py:1276:lmcache.v1.multiprocess.modules.lmcache_driven_transfer)[0m
[32;20m[2026-09-29 17:05:31,568] LMCache INFO:[0m Stored 256 tokens in 0.001 seconds [3m(lmcache_driven_transfer.py:1276:lmcache.v1.multiprocess.modules.lmcache_driven_transfer)[0m
[32;20m[2026-09-29 17:05:31,761] LMCache INFO:[0m Stored 256 tokens in 0.001 seconds [3m(lmcache_driven_transfer.py:1276:lmcache.v1.multiprocess.modules.lmcache_driven_transfer)[0m
[32;20m[2026-09-29 17:05:31,852] LMCache INFO:[0m Stored 256 tokens in 0.001 seconds [3m(lmcache_driven_transfer.py:1276:lmcache.v1.multiprocess.modules.lmcache_driven_transfer)[0m
[32;20m[2026-09-29 17:05:31,920] LMCache INFO:[0m Stored 256 tokens in 0.002 seconds [3m(lmcache_driven_transfer.py:1276:lmcache.v1.multiprocess.modules.lmcache_driven_transfer)[0m
[32;20m[2026-09-29 17:05:32,107] LMCache INFO:[0m Stored 512 tokens in 0.001 seconds [3m(lmcache_driven_transfer.py:1276:lmcache.v1.multiprocess.modules.lmcache_driven_transfer)[0m
[32;20m[2026-09-29 17:05:32,211] LMCache INFO:[0m Stored 256 tokens in 0.001 seconds [3m(lmcache_driven_transfer.py:1276:lmcache.v1.multiprocess.modules.lmcache_driven_transfer)[0m
[32;20m[2026-09-29 17:05:32,263] LMCache INFO:[0m Stored 256 tokens in 0.001 seconds [3m(lmcache_driven_transfer.py:1276:lmcache.v1.multiprocess.modules.lmcache_driven_transfer)[0m
[32;20m[2026-09-29 17:05:32,264] LMCache INFO:[0m Stored 256 tokens in 0.001 seconds [3m(lmcache_driven_transfer.py:1276:lmcache.v1.multiprocess.modules.lmcache_driven_transfer)[0m
[32;20m[2026-09-29 17:05:32,351] LMCache INFO:[0m Stored 256 tokens in 0.001 seconds [3m(lmcache_driven_transfer.py:1276:lmcache.v1.multiprocess.modules.lmcache_driven_transfer)[0m
[32;20m[2026-09-29 17:05:32,576] LMCache INFO:[0m Stored 256 tokens in 0.001 seconds [3m(lmcache_driven_transfer.py:1276:lmcache.v1.multiprocess.modules.lmcache_driven_transfer)[0m
[32;20m[2026-09-29 17:05:32,719] LMCache INFO:[0m Stored 512 tokens in 0.001 seconds [3m(lmcache_driven_transfer.py:1276:lmcache.v1.multiprocess.modules.lmcache_driven_transfer)[0m
INFO:     172.26.132.42:50420 - "GET /metrics HTTP/1.1" 200 OK
[32;20m[2026-09-29 17:05:32,825] LMCache INFO:[0m Stored 512 tokens in 0.003 seconds [3m(lmcache_driven_transfer.py:1276:lmcache.v1.multiprocess.modules.lmcache_driven_transfer)[0m
[32;20m[2026-09-29 17:05:32,923] LMCache INFO:[0m Prefetch request completed (L1+L2): 9/9 retained keys (9 L1, 0 L2) in 2422.8 ms (external_request_id=chatcmpl-b8dbebcc1d30be5f-88c4bb72, prefetch_request_id=-1) [3m(storage_manager.py:726:lmcache.v1.distributed.storage_manager)[0m
[32;20m[2026-09-29 17:05:32,923] LMCache INFO:[0m Prefetch request completed (L1+L2): 9/10 retained keys (9 L1, 0 L2) in 2422.4 ms (external_request_id=chatcmpl-9a388106a88d4611-8462fa95, prefetch_request_id=-1) [3m(storage_manager.py:726:lmcache.v1.distributed.storage_manager)[0m
[32;20m[2026-09-29 17:05:32,924] LMCache INFO:[0m Prefetch request completed (L1+L2): 9/10 retained keys (9 L1, 0 L2) in 2422.6 ms (external_request_id=chatcmpl-b38faa912c85137d-896e5ff8, prefetch_request_id=-1) [3m(storage_manager.py:726:lmcache.v1.distributed.storage_manager)[0m
[32;20m[2026-09-29 17:05:33,008] LMCache INFO:[0m Stored 256 tokens in 0.001 seconds [3m(lmcache_driven_transfer.py:1276:lmcache.v1.multiprocess.modules.lmcache_driven_transfer)[0m
[32;20m[2026-09-29 17:05:33,088] LMCache INFO:[0m Stored 256 tokens in 0.001 seconds [3m(lmcache_driven_transfer.py:1276:lmcache.v1.multiprocess.modules.lmcache_driven_transfer)[0m
[32;20m[2026-09-29 17:05:33,140] LMCache INFO:[0m Stored 256 tokens in 0.003 seconds [3m(lmcache_driven_transfer.py:1276:lmcache.v1.multiprocess.modules.lmcache_driven_transfer)[0m
[32;20m[2026-09-29 17:05:33,141] LMCache INFO:[0m Stored 256 tokens in 0.001 seconds [3m(lmcache_driven_transfer.py:1276:lmcache.v1.multiprocess.modules.lmcache_driven_transfer)[0m
[32;20m[2026-09-29 17:05:33,173] LMCache INFO:[0m Stored 256 tokens in 0.001 seconds [3m(lmcache_driven_transfer.py:1276:lmcache.v1.multiprocess.modules.lmcache_driven_transfer)[0m
[32;20m[2026-09-29 17:05:33,229] LMCache INFO:[0m Stored 256 tokens in 0.001 seconds [3m(lmcache_driven_transfer.py:1276:lmcache.v1.multiprocess.modules.lmcache_driven_transfer)[0m
[32;20m[2026-09-29 17:05:33,251] LMCache INFO:[0m Prefetch request completed (L1+L2): 10/11 retained keys (10 L1, 0 L2) in 326.6 ms (external_request_id=chatcmpl-8f41bcdf7100c154-98b3c109, prefetch_request_id=-1) [3m(storage_manager.py:726:lmcache.v1.distributed.storage_manager)[0m
[32;20m[2026-09-29 17:05:33,251] LMCache INFO:[0m Prefetch request completed (L1+L2): 9/10 retained keys (9 L1, 0 L2) in 325.8 ms (external_request_id=chatcmpl-92965990331bce17-b5bf8052, prefetch_request_id=-1) [3m(storage_manager.py:726:lmcache.v1.distributed.storage_manager)[0m
[32;20m[2026-09-29 17:05:33,251] LMCache INFO:[0m Prefetch request completed (L1+L2): 12/12 retained keys (12 L1, 0 L2) in 325.8 ms (external_request_id=chatcmpl-916299b0727e64d5-a807f800, prefetch_request_id=-1) [3m(storage_manager.py:726:lmcache.v1.distributed.storage_manager)[0m
[32;20m[2026-09-29 17:05:33,251] LMCache INFO:[0m Prefetch request completed (L1+L2): 9/11 retained keys (9 L1, 0 L2) in 325.8 ms (external_request_id=chatcmpl-bd550d0b6a163fb0-a1d6679f, prefetch_request_id=-1) [3m(storage_manager.py:726:lmcache.v1.distributed.storage_manager)[0m
[32;20m[2026-09-29 17:05:33,252] LMCache INFO:[0m Prefetch request completed (L1+L2): 10/11 retained keys (10 L1, 0 L2) in 325.9 ms (external_request_id=chatcmpl-b030ad7bc619c008-a0464532, prefetch_request_id=-1) [3m(storage_manager.py:726:lmcache.v1.distributed.storage_manager)[0m
[32;20m[2026-09-29 17:05:33,252] LMCache INFO:[0m Prefetch request completed (L1+L2): 12/14 retained keys (12 L1, 0 L2) in 325.5 ms (external_request_id=chatcmpl-87e9743808c25745-868dc7c7, prefetch_request_id=-1) [3m(storage_manager.py:726:lmcache.v1.distributed.storage_manager)[0m
[32;20m[2026-09-29 17:05:33,252] LMCache INFO:[0m Prefetch request completed (L1+L2): 10/12 retained keys (10 L1, 0 L2) in 325.3 ms (external_request_id=chatcmpl-bdd3ea46f0b10a81-a19d1433, prefetch_request_id=-1) [3m(storage_manager.py:726:lmcache.v1.distributed.storage_manager)[0m
[32;20m[2026-09-29 17:05:33,252] LMCache INFO:[0m Prefetch request completed (L1+L2): 11/13 retained keys (11 L1, 0 L2) in 324.9 ms (external_request_id=chatcmpl-9c6153ac16f3cbdd-98916f13, prefetch_request_id=-1) [3m(storage_manager.py:726:lmcache.v1.distributed.storage_manager)[0m
[32;20m[2026-09-29 17:05:33,252] LMCache INFO:[0m Prefetch request completed (L1+L2): 10/11 retained keys (10 L1, 0 L2) in 324.5 ms (external_request_id=chatcmpl-ba7a8ea0af8067ef-a72951df, prefetch_request_id=-1) [3m(storage_manager.py:726:lmcache.v1.distributed.storage_manager)[0m
[32;20m[2026-09-29 17:05:33,252] LMCache INFO:[0m Prefetch request completed (L1+L2): 10/13 retained keys (10 L1, 0 L2) in 324.4 ms (external_request_id=chatcmpl-9dfccd77c445e78e-9b871d76, prefetch_request_id=-1) [3m(storage_manager.py:726:lmcache.v1.distributed.storage_manager)[0m
[32;20m[2026-09-29 17:05:33,253] LMCache INFO:[0m Prefetch request completed (L1+L2): 10/11 retained keys (10 L1, 0 L2) in 324.3 ms (external_request_id=chatcmpl-85ce4ec24e0ed723-b7d89c73, prefetch_request_id=-1) [3m(storage_manager.py:726:lmcache.v1.distributed.storage_manager)[0m
[32;20m[2026-09-29 17:05:33,253] LMCache INFO:[0m Prefetch request completed (L1+L2): 9/10 retained keys (9 L1, 0 L2) in 323.6 ms (external_request_id=chatcmpl-bc94c44840d36b3a-a8b98117, prefetch_request_id=-1) [3m(storage_manager.py:726:lmcache.v1.distributed.storage_manager)[0m
[32;20m[2026-09-29 17:05:33,253] LMCache INFO:[0m Prefetch request completed (L1+L2): 9/11 retained keys (9 L1, 0 L2) in 323.5 ms (external_request_id=chatcmpl-9fa81bc78365e09e-a1a5bad7, prefetch_request_id=-1) [3m(storage_manager.py:726:lmcache.v1.distributed.storage_manager)[0m
[32;20m[2026-09-29 17:05:33,253] LMCache INFO:[0m Prefetch request completed (L1+L2): 9/9 retained keys (9 L1, 0 L2) in 323.4 ms (external_request_id=chatcmpl-bd986b1215589caf-bd5785a3, prefetch_request_id=-1) [3m(storage_manager.py:726:lmcache.v1.distributed.storage_manager)[0m
[32;20m[2026-09-29 17:05:33,253] LMCache INFO:[0m Prefetch request completed (L1+L2): 10/11 retained keys (10 L1, 0 L2) in 322.8 ms (external_request_id=chatcmpl-b1d1335dc9e7dcf2-84c76514, prefetch_request_id=-1) [3m(storage_manager.py:726:lmcache.v1.distributed.storage_manager)[0m
[32;20m[2026-09-29 17:05:33,253] LMCache INFO:[0m Prefetch request completed (L1+L2): 9/10 retained keys (9 L1, 0 L2) in 322.8 ms (external_request_id=chatcmpl-b77c05d1269bad77-8a1cf530, prefetch_request_id=-1) [3m(storage_manager.py:726:lmcache.v1.distributed.storage_manager)[0m
[32;20m[2026-09-29 17:05:33,253] LMCache INFO:[0m Prefetch request completed (L1+L2): 9/11 retained keys (9 L1, 0 L2) in 322.5 ms (external_request_id=chatcmpl-a76d7b2463185cc2-ba726c20, prefetch_request_id=-1) [3m(storage_manager.py:726:lmcache.v1.distributed.storage_manager)[0m
[32;20m[2026-09-29 17:05:33,253] LMCache INFO:[0m Prefetch request completed (L1+L2): 9/11 retained keys (9 L1, 0 L2) in 322.4 ms (external_request_id=chatcmpl-8ec4e306a4b4b526-a3ac3e29, prefetch_request_id=-1) [3m(storage_manager.py:726:lmcache.v1.distributed.storage_manager)[0m
[32;20m[2026-09-29 17:05:33,254] LMCache INFO:[0m Prefetch request completed (L1+L2): 9/11 retained keys (9 L1, 0 L2) in 322.2 ms (external_request_id=chatcmpl-857829d190f4c33a-9de6579b, prefetch_request_id=-1) [3m(storage_manager.py:726:lmcache.v1.distributed.storage_manager)[0m
[32;20m[2026-09-29 17:05:33,254] LMCache INFO:[0m Prefetch request completed (L1+L2): 9/11 retained keys (9 L1, 0 L2) in 321.9 ms (external_request_id=chatcmpl-839eb82de9b11a8d-b1b48654, prefetch_request_id=-1) [3m(storage_manager.py:726:lmcache.v1.distributed.storage_manager)[0m
[32;20m[2026-09-29 17:05:33,254] LMCache INFO:[0m Prefetch request completed (L1+L2): 10/11 retained keys (10 L1, 0 L2) in 321.7 ms (external_request_id=chatcmpl-917060d1dcd00eab-adcc462d, prefetch_request_id=-1) [3m(storage_manager.py:726:lmcache.v1.distributed.storage_manager)[0m
[32;20m[2026-09-29 17:05:33,299] LMCache INFO:[0m Stored 256 tokens in 0.002 seconds [3m(lmcache_driven_transfer.py:1276:lmcache.v1.multiprocess.modules.lmcache_driven_transfer)[0m
[32;20m[2026-09-29 17:05:33,301] LMCache INFO:[0m Stored 256 tokens in 0.001 seconds [3m(lmcache_driven_transfer.py:1276:lmcache.v1.multiprocess.modules.lmcache_driven_transfer)[0m
[32;20m[2026-09-29 17:05:33,369] LMCache INFO:[0m Stored 256 tokens in 0.001 seconds [3m(lmcache_driven_transfer.py:1276:lmcache.v1.multiprocess.modules.lmcache_driven_transfer)[0m
[32;20m[2026-09-29 17:05:33,545] LMCache INFO:[0m Stored 512 tokens in 0.001 seconds [3m(lmcache_driven_transfer.py:1276:lmcache.v1.multiprocess.modules.lmcache_driven_transfer)[0m
[32;20m[2026-09-29 17:05:33,790] LMCache INFO:[0m Stored 256 tokens in 0.001 seconds [3m(lmcache_driven_transfer.py:1276:lmcache.v1.multiprocess.modules.lmcache_driven_transfer)[0m
[32;20m[2026-09-29 17:05:33,860] LMCache INFO:[0m Stored 512 tokens in 0.001 seconds [3m(lmcache_driven_transfer.py:1276:lmcache.v1.multiprocess.modules.lmcache_driven_transfer)[0m
[32;20m[2026-09-29 17:05:34,069] LMCache INFO:[0m Stored 512 tokens in 0.002 seconds [3m(lmcache_driven_transfer.py:1276:lmcache.v1.multiprocess.modules.lmcache_driven_transfer)[0m
[32;20m[2026-09-29 17:05:34,156] LMCache INFO:[0m Stored 512 tokens in 0.001 seconds [3m(lmcache_driven_transfer.py:1276:lmcache.v1.multiprocess.modules.lmcache_driven_transfer)[0m
[32;20m[2026-09-29 17:05:34,441] LMCache INFO:[0m Stored 256 tokens in 0.001 seconds [3m(lmcache_driven_transfer.py:1276:lmcache.v1.multiprocess.modules.lmcache_driven_transfer)[0m
[32;20m[2026-09-29 17:05:34,528] LMCache INFO:[0m Stored 768 tokens in 0.002 seconds [3m(lmcache_driven_transfer.py:1276:lmcache.v1.multiprocess.modules.lmcache_driven_transfer)[0m
[32;20m[2026-09-29 17:05:34,561] LMCache INFO:[0m Stored 256 tokens in 0.001 seconds [3m(lmcache_driven_transfer.py:1276:lmcache.v1.multiprocess.modules.lmcache_driven_transfer)[0m
[32;20m[2026-09-29 17:05:34,747] LMCache INFO:[0m Stored 256 tokens in 0.003 seconds [3m(lmcache_driven_transfer.py:1276:lmcache.v1.multiprocess.modules.lmcache_driven_transfer)[0m
[32;20m[2026-09-29 17:05:34,779] LMCache INFO:[0m Stored 512 tokens in 0.001 seconds [3m(lmcache_driven_transfer.py:1276:lmcache.v1.multiprocess.modules.lmcache_driven_transfer)[0m
[32;20m[2026-09-29 17:05:35,047] LMCache INFO:[0m Stored 256 tokens in 0.001 seconds [3m(lmcache_driven_transfer.py:1276:lmcache.v1.multiprocess.modules.lmcache_driven_transfer)[0m
[32;20m[2026-09-29 17:05:35,048] LMCache INFO:[0m Stored 256 tokens in 0.001 seconds [3m(lmcache_driven_transfer.py:1276:lmcache.v1.multiprocess.modules.lmcache_driven_transfer)[0m
[32;20m[2026-09-29 17:05:35,135] LMCache INFO:[0m Stored 256 tokens in 0.001 seconds [3m(lmcache_driven_transfer.py:1276:lmcache.v1.multiprocess.modules.lmcache_driven_transfer)[0m
[32;20m[2026-09-29 17:05:35,227] LMCache INFO:[0m Stored 512 tokens in 0.001 seconds [3m(lmcache_driven_transfer.py:1276:lmcache.v1.multiprocess.modules.lmcache_driven_transfer)[0m
[32;20m[2026-09-29 17:05:35,283] LMCache INFO:[0m Stored 256 tokens in 0.001 seconds [3m(lmcache_driven_transfer.py:1276:lmcache.v1.multiprocess.modules.lmcache_driven_transfer)[0m
[32;20m[2026-09-29 17:05:35,404] LMCache INFO:[0m Stored 256 tokens in 0.001 seconds [3m(lmcache_driven_transfer.py:1276:lmcache.v1.multiprocess.modules.lmcache_driven_transfer)[0m
[32;20m[2026-09-29 17:05:35,494] LMCache INFO:[0m Stored 512 tokens in 0.001 seconds [3m(lmcache_driven_transfer.py:1276:lmcache.v1.multiprocess.modules.lmcache_driven_transfer)[0m
[32;20m[2026-09-29 17:05:35,603] LMCache INFO:[0m Stored 512 tokens in 0.001 seconds [3m(lmcache_driven_transfer.py:1276:lmcache.v1.multiprocess.modules.lmcache_driven_transfer)[0m
[32;20m[2026-09-29 17:05:35,712] LMCache INFO:[0m Stored 512 tokens in 0.001 seconds [3m(lmcache_driven_transfer.py:1276:lmcache.v1.multiprocess.modules.lmcache_driven_transfer)[0m
[32;20m[2026-09-29 17:05:35,800] LMCache INFO:[0m Stored 256 tokens in 0.001 seconds [3m(lmcache_driven_transfer.py:1276:lmcache.v1.multiprocess.modules.lmcache_driven_transfer)[0m
[32;20m[2026-09-29 17:05:35,958] LMCache INFO:[0m Prefetch request completed (L1+L2): 9/9 retained keys (9 L1, 0 L2) in 2703.4 ms (external_request_id=chatcmpl-bd94a43d9eaa5751-94414daf, prefetch_request_id=-1) [3m(storage_manager.py:726:lmcache.v1.distributed.storage_manager)[0m
[32;20m[2026-09-29 17:05:35,958] LMCache INFO:[0m Prefetch request completed (L1+L2): 12/14 retained keys (12 L1, 0 L2) in 2703.1 ms (external_request_id=chatcmpl-8bccd6f83e9a57e6-a382465f, prefetch_request_id=-1) [3m(storage_manager.py:726:lmcache.v1.distributed.storage_manager)[0m
[32;20m[2026-09-29 17:05:35,958] LMCache INFO:[0m Prefetch request completed (L1+L2): 9/10 retained keys (9 L1, 0 L2) in 2702.7 ms (external_request_id=chatcmpl-b3f521dafc764575-b1ea7de1, prefetch_request_id=-1) [3m(storage_manager.py:726:lmcache.v1.distributed.storage_manager)[0m
[32;20m[2026-09-29 17:05:36,036] LMCache INFO:[0m Stored 512 tokens in 0.002 seconds [3m(lmcache_driven_transfer.py:1276:lmcache.v1.multiprocess.modules.lmcache_driven_transfer)[0m
[32;20m[2026-09-29 17:05:36,070] LMCache INFO:[0m Stored 256 tokens in 0.001 seconds [3m(lmcache_driven_transfer.py:1276:lmcache.v1.multiprocess.modules.lmcache_driven_transfer)[0m
[32;20m[2026-09-29 17:05:36,280] LMCache INFO:[0m Prefetch request completed (L1+L2): 10/11 retained keys (10 L1, 0 L2) in 321.4 ms (external_request_id=chatcmpl-ad0adcfcdb1756f9-80927593, prefetch_request_id=-1) [3m(storage_manager.py:726:lmcache.v1.distributed.storage_manager)[0m
[32;20m[2026-09-29 17:05:36,280] LMCache INFO:[0m Prefetch request completed (L1+L2): 12/13 retained keys (12 L1, 0 L2) in 321.4 ms (external_request_id=chatcmpl-9b4642c466ecf6b7-a484fdf5, prefetch_request_id=-1) [3m(storage_manager.py:726:lmcache.v1.distributed.storage_manager)[0m
[32;20m[2026-09-29 17:05:36,280] LMCache INFO:[0m Prefetch request completed (L1+L2): 10/11 retained keys (10 L1, 0 L2) in 321.0 ms (external_request_id=chatcmpl-8cb1c77256ba4b4b-a6f5c94e, prefetch_request_id=-1) [3m(storage_manager.py:726:lmcache.v1.distributed.storage_manager)[0m
[32;20m[2026-09-29 17:05:36,280] LMCache INFO:[0m Prefetch request completed (L1+L2): 11/13 retained keys (11 L1, 0 L2) in 320.4 ms (external_request_id=chatcmpl-aff5e5afdc09e6c1-bbeea3f8, prefetch_request_id=-1) [3m(storage_manager.py:726:lmcache.v1.distributed.storage_manager)[0m
[32;20m[2026-09-29 17:05:36,280] LMCache INFO:[0m Prefetch request completed (L1+L2): 10/11 retained keys (10 L1, 0 L2) in 319.9 ms (external_request_id=chatcmpl-94ac723ad3a2be44-a6806119, prefetch_request_id=-1) [3m(storage_manager.py:726:lmcache.v1.distributed.storage_manager)[0m
[32;20m[2026-09-29 17:05:36,280] LMCache INFO:[0m Prefetch request completed (L1+L2): 10/11 retained keys (10 L1, 0 L2) in 319.4 ms (external_request_id=chatcmpl-b2d76047012a6210-8be44631, prefetch_request_id=-1) [3m(storage_manager.py:726:lmcache.v1.distributed.storage_manager)[0m
[32;20m[2026-09-29 17:05:36,280] LMCache INFO:[0m Prefetch request completed (L1+L2): 10/12 retained keys (10 L1, 0 L2) in 318.7 ms (external_request_id=chatcmpl-a5221ff2283272fe-b80bcc78, prefetch_request_id=-1) [3m(storage_manager.py:726:lmcache.v1.distributed.storage_manager)[0m
[32;20m[2026-09-29 17:05:36,280] LMCache INFO:[0m Prefetch request completed (L1+L2): 9/11 retained keys (9 L1, 0 L2) in 318.6 ms (external_request_id=chatcmpl-a6f24e4b8ca6d7b8-87787082, prefetch_request_id=-1) [3m(storage_manager.py:726:lmcache.v1.distributed.storage_manager)[0m
[32;20m[2026-09-29 17:05:36,280] LMCache INFO:[0m Prefetch request completed (L1+L2): 9/11 retained keys (9 L1, 0 L2) in 318.2 ms (external_request_id=chatcmpl-bef83fe4d891288c-a888847d, prefetch_request_id=-1) [3m(storage_manager.py:726:lmcache.v1.distributed.storage_manager)[0m
[32;20m[2026-09-29 17:05:36,281] LMCache INFO:[0m Prefetch request completed (L1+L2): 9/9 retained keys (9 L1, 0 L2) in 317.8 ms (external_request_id=chatcmpl-aca5a13351847587-9b8c1467, prefetch_request_id=-1) [3m(storage_manager.py:726:lmcache.v1.distributed.storage_manager)[0m
[32;20m[2026-09-29 17:05:36,281] LMCache INFO:[0m Prefetch request completed (L1+L2): 10/11 retained keys (10 L1, 0 L2) in 317.6 ms (external_request_id=chatcmpl-b0f7f6a813f46d0f-a647db13, prefetch_request_id=-1) [3m(storage_manager.py:726:lmcache.v1.distributed.storage_manager)[0m
[32;20m[2026-09-29 17:05:36,281] LMCache INFO:[0m Prefetch request completed (L1+L2): 9/9 retained keys (9 L1, 0 L2) in 317.3 ms (external_request_id=chatcmpl-be017000c7a7ae43-a2044b7f, prefetch_request_id=-1) [3m(storage_manager.py:726:lmcache.v1.distributed.storage_manager)[0m
[32;20m[2026-09-29 17:05:36,281] LMCache INFO:[0m Prefetch request completed (L1+L2): 9/11 retained keys (9 L1, 0 L2) in 317.2 ms (external_request_id=chatcmpl-bd09aa9ff232c1b6-b1f60c5c, prefetch_request_id=-1) [3m(storage_manager.py:726:lmcache.v1.distributed.storage_manager)[0m
[32;20m[2026-09-29 17:05:36,282] LMCache INFO:[0m Prefetch request completed (L1+L2): 9/9 retained keys (9 L1, 0 L2) in 316.9 ms (external_request_id=chatcmpl-af244c3fbf0435fb-8e16abaa, prefetch_request_id=-1) [3m(storage_manager.py:726:lmcache.v1.distributed.storage_manager)[0m
[32;20m[2026-09-29 17:05:36,282] LMCache INFO:[0m Prefetch request completed (L1+L2): 9/11 retained keys (9 L1, 0 L2) in 316.7 ms (external_request_id=chatcmpl-bce02428b75983e5-b9e583d5, prefetch_request_id=-1) [3m(storage_manager.py:726:lmcache.v1.distributed.storage_manager)[0m
[32;20m[2026-09-29 17:05:36,282] LMCache INFO:[0m Prefetch request completed (L1+L2): 9/11 retained keys (9 L1, 0 L2) in 316.4 ms (external_request_id=chatcmpl-8ba8da3e35216ae4-88c7ae52, prefetch_request_id=-1) [3m(storage_manager.py:726:lmcache.v1.distributed.storage_manager)[0m
[32;20m[2026-09-29 17:05:36,282] LMCache INFO:[0m Prefetch request completed (L1+L2): 10/11 retained keys (10 L1, 0 L2) in 316.3 ms (external_request_id=chatcmpl-8e6d7a8a373421b3-9ad23b4c, prefetch_request_id=-1) [3m(storage_manager.py:726:lmcache.v1.distributed.storage_manager)[0m
[32;20m[2026-09-29 17:05:36,282] LMCache INFO:[0m Prefetch request completed (L1+L2): 9/11 retained keys (9 L1, 0 L2) in 316.0 ms (external_request_id=chatcmpl-a776a4f6bee4b6f7-a4b08c6b, prefetch_request_id=-1) [3m(storage_manager.py:726:lmcache.v1.distributed.storage_manager)[0m
[32;20m[2026-09-29 17:05:36,282] LMCache INFO:[0m Prefetch request completed (L1+L2): 12/12 retained keys (12 L1, 0 L2) in 315.6 ms (external_request_id=chatcmpl-ba45af7c6105e36a-9c67862c, prefetch_request_id=-1) [3m(storage_manager.py:726:lmcache.v1.distributed.storage_manager)[0m
[32;20m[2026-09-29 17:05:36,283] LMCache INFO:[0m Prefetch request completed (L1+L2): 9/10 retained keys (9 L1, 0 L2) in 314.9 ms (external_request_id=chatcmpl-af7c326a9740e357-8fb9b12f, prefetch_request_id=-1) [3m(storage_manager.py:726:lmcache.v1.distributed.storage_manager)[0m
[32;20m[2026-09-29 17:05:36,283] LMCache INFO:[0m Prefetch request completed (L1+L2): 10/11 retained keys (10 L1, 0 L2) in 315.0 ms (external_request_id=chatcmpl-98c5e48d436fcd9c-847d5a23, prefetch_request_id=-1) [3m(storage_manager.py:726:lmcache.v1.distributed.storage_manager)[0m
[32;20m[2026-09-29 17:05:36,328] LMCache INFO:[0m Stored 256 tokens in 0.001 seconds [3m(lmcache_driven_transfer.py:1276:lmcache.v1.multiprocess.modules.lmcache_driven_transfer)[0m
[32;20m[2026-09-29 17:05:36,438] LMCache INFO:[0m Stored 256 tokens in 0.001 seconds [3m(lmcache_driven_transfer.py:1276:lmcache.v1.multiprocess.modules.lmcache_driven_transfer)[0m
[32;20m[2026-09-29 17:05:36,665] LMCache INFO:[0m Stored 256 tokens in 0.003 seconds [3m(lmcache_driven_transfer.py:1276:lmcache.v1.multiprocess.modules.lmcache_driven_transfer)[0m
[32;20m[2026-09-29 17:05:36,667] LMCache INFO:[0m Stored 256 tokens in 0.001 seconds [3m(lmcache_driven_transfer.py:1276:lmcache.v1.multiprocess.modules.lmcache_driven_transfer)[0m
[32;20m[2026-09-29 17:05:36,696] LMCache INFO:[0m Stored 512 tokens in 0.001 seconds [3m(lmcache_driven_transfer.py:1276:lmcache.v1.multiprocess.modules.lmcache_driven_transfer)[0m
[32;20m[2026-09-29 17:05:36,884] LMCache INFO:[0m Stored 256 tokens in 0.001 seconds [3m(lmcache_driven_transfer.py:1276:lmcache.v1.multiprocess.modules.lmcache_driven_transfer)[0m
[32;20m[2026-09-29 17:05:37,009] LMCache INFO:[0m Stored 256 tokens in 0.001 seconds [3m(lmcache_driven_transfer.py:1276:lmcache.v1.multiprocess.modules.lmcache_driven_transfer)[0m
[32;20m[2026-09-29 17:05:37,141] LMCache INFO:[0m Stored 512 tokens in 0.001 seconds [3m(lmcache_driven_transfer.py:1276:lmcache.v1.multiprocess.modules.lmcache_driven_transfer)[0m
[32;20m[2026-09-29 17:05:37,142] LMCache INFO:[0m Stored 512 tokens in 0.001 seconds [3m(lmcache_driven_transfer.py:1276:lmcache.v1.multiprocess.modules.lmcache_driven_transfer)[0m
[32;20m[2026-09-29 17:05:37,238] LMCache INFO:[0m Stored 512 tokens in 0.001 seconds [3m(lmcache_driven_transfer.py:1276:lmcache.v1.multiprocess.modules.lmcache_driven_transfer)[0m
[32;20m[2026-09-29 17:05:37,461] LMCache INFO:[0m Stored 256 tokens in 0.001 seconds [3m(lmcache_driven_transfer.py:1276:lmcache.v1.multiprocess.modules.lmcache_driven_transfer)[0m
[32;20m[2026-09-29 17:05:37,716] LMCache INFO:[0m Stored 256 tokens in 0.001 seconds [3m(lmcache_driven_transfer.py:1276:lmcache.v1.multiprocess.modules.lmcache_driven_transfer)[0m
[32;20m[2026-09-29 17:05:37,818] LMCache INFO:[0m Stored 512 tokens in 0.003 seconds [3m(lmcache_driven_transfer.py:1276:lmcache.v1.multiprocess.modules.lmcache_driven_transfer)[0m
[32;20m[2026-09-29 17:05:37,910] LMCache INFO:[0m Stored 512 tokens in 0.001 seconds [3m(lmcache_driven_transfer.py:1276:lmcache.v1.multiprocess.modules.lmcache_driven_transfer)[0m
[32;20m[2026-09-29 17:05:38,027] LMCache INFO:[0m L1 memory usage 0.81 above watermark 0.80; triggering eviction. [3m(eviction_controller.py:179:lmcache.v1.distributed.storage_controllers.eviction_controller)[0m
[32;20m[2026-09-29 17:05:38,134] LMCache INFO:[0m Stored 512 tokens in 0.001 seconds [3m(lmcache_driven_transfer.py:1276:lmcache.v1.multiprocess.modules.lmcache_driven_transfer)[0m
[32;20m[2026-09-29 17:05:38,278] LMCache INFO:[0m Stored 256 tokens in 0.001 seconds [3m(lmcache_driven_transfer.py:1276:lmcache.v1.multiprocess.modules.lmcache_driven_transfer)[0m
[32;20m[2026-09-29 17:05:38,369] LMCache INFO:[0m Stored 512 tokens in 0.001 seconds [3m(lmcache_driven_transfer.py:1276:lmcache.v1.multiprocess.modules.lmcache_driven_transfer)[0m
[32;20m[2026-09-29 17:05:38,576] LMCache INFO:[0m Stored 256 tokens in 0.002 seconds [3m(lmcache_driven_transfer.py:1276:lmcache.v1.multiprocess.modules.lmcache_driven_transfer)[0m
[32;20m[2026-09-29 17:05:38,740] LMCache INFO:[0m Stored 256 tokens in 0.001 seconds [3m(lmcache_driven_transfer.py:1276:lmcache.v1.multiprocess.modules.lmcache_driven_transfer)[0m
[32;20m[2026-09-29 17:05:38,841] LMCache INFO:[0m Prefetch request completed (L1+L2): 12/13 retained keys (12 L1, 0 L2) in 2558.0 ms (external_request_id=chatcmpl-8ac3ecf539bde2bf-bc3507db, prefetch_request_id=-1) [3m(storage_manager.py:726:lmcache.v1.distributed.storage_manager)[0m
[32;20m[2026-09-29 17:05:38,842] LMCache INFO:[0m Prefetch request completed (L1+L2): 10/10 retained keys (10 L1, 0 L2) in 2557.8 ms (external_request_id=chatcmpl-b5d3e7f3d684144d-917c943e, prefetch_request_id=-1) [3m(storage_manager.py:726:lmcache.v1.distributed.storage_manager)[0m
[32;20m[2026-09-29 17:05:38,842] LMCache INFO:[0m Prefetch request completed (L1+L2): 11/12 retained keys (11 L1, 0 L2) in 2557.5 ms (external_request_id=chatcmpl-ba62eacf7b18315c-a9f0f6bc, prefetch_request_id=-1) [3m(storage_manager.py:726:lmcache.v1.distributed.storage_manager)[0m
[32;20m[2026-09-29 17:05:38,887] LMCache INFO:[0m Stored 256 tokens in 0.001 seconds [3m(lmcache_driven_transfer.py:1276:lmcache.v1.multiprocess.modules.lmcache_driven_transfer)[0m
[32;20m[2026-09-29 17:05:39,038] LMCache INFO:[0m Stored 256 tokens in 0.001 seconds [3m(lmcache_driven_transfer.py:1276:lmcache.v1.multiprocess.modules.lmcache_driven_transfer)[0m
[32;20m[2026-09-29 17:05:39,086] LMCache INFO:[0m Stored 256 tokens in 0.001 seconds [3m(lmcache_driven_transfer.py:1276:lmcache.v1.multiprocess.modules.lmcache_driven_transfer)[0m
[32;20m[2026-09-29 17:05:39,241] LMCache INFO:[0m Prefetch request completed (L1+L2): 10/10 retained keys (10 L1, 0 L2) in 398.8 ms (external_request_id=chatcmpl-b23fdd18059a200f-a157a09c, prefetch_request_id=-1) [3m(storage_manager.py:726:lmcache.v1.distributed.storage_manager)[0m
[32;20m[2026-09-29 17:05:39,241] LMCache INFO:[0m Prefetch request completed (L1+L2): 10/12 retained keys (10 L1, 0 L2) in 398.7 ms (external_request_id=chatcmpl-832f1b1517305a52-a5427f43, prefetch_request_id=-1) [3m(storage_manager.py:726:lmcache.v1.distributed.storage_manager)[0m
[32;20m[2026-09-29 17:05:39,241] LMCache INFO:[0m Prefetch request completed (L1+L2): 10/11 retained keys (10 L1, 0 L2) in 398.4 ms (external_request_id=chatcmpl-9af77e7bbb099304-a3a40168, prefetch_request_id=-1) [3m(storage_manager.py:726:lmcache.v1.distributed.storage_manager)[0m
[32;20m[2026-09-29 17:05:39,241] LMCache INFO:[0m Prefetch request completed (L1+L2): 9/10 retained keys (9 L1, 0 L2) in 398.0 ms (external_request_id=chatcmpl-9d9979458788a721-91db01f0, prefetch_request_id=-1) [3m(storage_manager.py:726:lmcache.v1.distributed.storage_manager)[0m
[32;20m[2026-09-29 17:05:39,241] LMCache INFO:[0m Prefetch request completed (L1+L2): 9/10 retained keys (9 L1, 0 L2) in 397.4 ms (external_request_id=chatcmpl-868c6e90da50ac44-8044f1fa, prefetch_request_id=-1) [3m(storage_manager.py:726:lmcache.v1.distributed.storage_manager)[0m
[32;20m[2026-09-29 17:05:39,242] LMCache INFO:[0m Prefetch request completed (L1+L2): 9/10 retained keys (9 L1, 0 L2) in 397.6 ms (external_request_id=chatcmpl-9f16868b3cdccef1-83b76e74, prefetch_request_id=-1) [3m(storage_manager.py:726:lmcache.v1.distributed.storage_manager)[0m
[32;20m[2026-09-29 17:05:39,242] LMCache INFO:[0m Prefetch request completed (L1+L2): 10/11 retained keys (10 L1, 0 L2) in 397.9 ms (external_request_id=chatcmpl-88d5c3d6061497e5-a02345b7, prefetch_request_id=-1) [3m(storage_manager.py:726:lmcache.v1.distributed.storage_manager)[0m
[32;20m[2026-09-29 17:05:39,242] LMCache INFO:[0m Prefetch request completed (L1+L2): 9/9 retained keys (9 L1, 0 L2) in 397.8 ms (external_request_id=chatcmpl-bed4472cad20b403-9ab4daaf, prefetch_request_id=-1) [3m(storage_manager.py:726:lmcache.v1.distributed.storage_manager)[0m
[32;20m[2026-09-29 17:05:39,242] LMCache INFO:[0m Prefetch request completed (L1+L2): 9/10 retained keys (9 L1, 0 L2) in 397.2 ms (external_request_id=chatcmpl-86242fc881e83e5e-b0497e46, prefetch_request_id=-1) [3m(storage_manager.py:726:lmcache.v1.distributed.storage_manager)[0m
[32;20m[2026-09-29 17:05:39,243] LMCache INFO:[0m Prefetch request completed (L1+L2): 9/10 retained keys (9 L1, 0 L2) in 397.1 ms (external_request_id=chatcmpl-8d67e6b86949fb4a-a1e011bd, prefetch_request_id=-1) [3m(storage_manager.py:726:lmcache.v1.distributed.storage_manager)[0m
[32;20m[2026-09-29 17:05:39,243] LMCache INFO:[0m Prefetch request completed (L1+L2): 9/10 retained keys (9 L1, 0 L2) in 396.5 ms (external_request_id=chatcmpl-a754ac7c17c6514f-9165bad8, prefetch_request_id=-1) [3m(storage_manager.py:726:lmcache.v1.distributed.storage_manager)[0m
[32;20m[2026-09-29 17:05:39,243] LMCache INFO:[0m Prefetch request completed (L1+L2): 9/12 retained keys (9 L1, 0 L2) in 396.3 ms (external_request_id=chatcmpl-ac066f8b546f06e3-bec647a1, prefetch_request_id=-1) [3m(storage_manager.py:726:lmcache.v1.distributed.storage_manager)[0m
[32;20m[2026-09-29 17:05:39,243] LMCache INFO:[0m Prefetch request completed (L1+L2): 10/12 retained keys (10 L1, 0 L2) in 395.9 ms (external_request_id=chatcmpl-8d982d1efff31dfa-b6380fc8, prefetch_request_id=-1) [3m(storage_manager.py:726:lmcache.v1.distributed.storage_manager)[0m
[32;20m[2026-09-29 17:05:39,243] LMCache INFO:[0m Prefetch request completed (L1+L2): 9/11 retained keys (9 L1, 0 L2) in 395.7 ms (external_request_id=chatcmpl-a728d0c49a7ba8ec-aab55595, prefetch_request_id=-1) [3m(storage_manager.py:726:lmcache.v1.distributed.storage_manager)[0m
[32;20m[2026-09-29 17:05:39,243] LMCache INFO:[0m Prefetch request completed (L1+L2): 12/14 retained keys (12 L1, 0 L2) in 395.5 ms (external_request_id=chatcmpl-bd5f91526b7ce21a-82955380, prefetch_request_id=-1) [3m(storage_manager.py:726:lmcache.v1.distributed.storage_manager)[0m
[32;20m[2026-09-29 17:05:39,243] LMCache INFO:[0m Prefetch request completed (L1+L2): 9/12 retained keys (9 L1, 0 L2) in 395.3 ms (external_request_id=chatcmpl-8317da29c4497695-a1a37c49, prefetch_request_id=-1) [3m(storage_manager.py:726:lmcache.v1.distributed.storage_manager)[0m
[32;20m[2026-09-29 17:05:39,244] LMCache INFO:[0m Prefetch request completed (L1+L2): 10/10 retained keys (10 L1, 0 L2) in 395.1 ms (external_request_id=chatcmpl-97ded80fb27c1b90-96e60da9, prefetch_request_id=-1) [3m(storage_manager.py:726:lmcache.v1.distributed.storage_manager)[0m
[32;20m[2026-09-29 17:05:39,244] LMCache INFO:[0m Prefetch request completed (L1+L2): 12/13 retained keys (12 L1, 0 L2) in 394.9 ms (external_request_id=chatcmpl-bf52460c3903e40f-b51cdc06, prefetch_request_id=-1) [3m(storage_manager.py:726:lmcache.v1.distributed.storage_manager)[0m
[32;20m[2026-09-29 17:05:39,244] LMCache INFO:[0m Prefetch request completed (L1+L2): 10/11 retained keys (10 L1, 0 L2) in 394.3 ms (external_request_id=chatcmpl-8f6b18ea24363ada-85f93a83, prefetch_request_id=-1) [3m(storage_manager.py:726:lmcache.v1.distributed.storage_manager)[0m
[32;20m[2026-09-29 17:05:39,244] LMCache INFO:[0m Prefetch request completed (L1+L2): 11/12 retained keys (11 L1, 0 L2) in 394.1 ms (external_request_id=chatcmpl-81cfdf8d3fc601d3-985780b9, prefetch_request_id=-1) [3m(storage_manager.py:726:lmcache.v1.distributed.storage_manager)[0m
[32;20m[2026-09-29 17:05:39,244] LMCache INFO:[0m Prefetch request completed (L1+L2): 10/10 retained keys (10 L1, 0 L2) in 394.0 ms (external_request_id=chatcmpl-b532ed1e7414e8e2-8be94e9f, prefetch_request_id=-1) [3m(storage_manager.py:726:lmcache.v1.distributed.storage_manager)[0m
[32;20m[2026-09-29 17:05:39,294] LMCache INFO:[0m Stored 512 tokens in 0.003 seconds [3m(lmcache_driven_transfer.py:1276:lmcache.v1.multiprocess.modules.lmcache_driven_transfer)[0m
[32;20m[2026-09-29 17:05:39,326] LMCache INFO:[0m Stored 256 tokens in 0.001 seconds [3m(lmcache_driven_transfer.py:1276:lmcache.v1.multiprocess.modules.lmcache_driven_transfer)[0m
[32;20m[2026-09-29 17:05:39,489] LMCache INFO:[0m Stored 256 tokens in 0.002 seconds [3m(lmcache_driven_transfer.py:1276:lmcache.v1.multiprocess.modules.lmcache_driven_transfer)[0m
[32;20m[2026-09-29 17:05:39,579] LMCache INFO:[0m Stored 256 tokens in 0.002 seconds [3m(lmcache_driven_transfer.py:1276:lmcache.v1.multiprocess.modules.lmcache_driven_transfer)[0m
[32;20m[2026-09-29 17:05:39,662] LMCache INFO:[0m Stored 256 tokens in 0.001 seconds [3m(lmcache_driven_transfer.py:1276:lmcache.v1.multiprocess.modules.lmcache_driven_transfer)[0m
[32;20m[2026-09-29 17:05:39,731] LMCache INFO:[0m Stored 256 tokens in 0.001 seconds [3m(lmcache_driven_transfer.py:1276:lmcache.v1.multiprocess.modules.lmcache_driven_transfer)[0m
[32;20m[2026-09-29 17:05:40,047] LMCache INFO:[0m Stored 256 tokens in 0.002 seconds [3m(lmcache_driven_transfer.py:1276:lmcache.v1.multiprocess.modules.lmcache_driven_transfer)[0m
[32;20m[2026-09-29 17:05:40,081] LMCache INFO:[0m Stored 256 tokens in 0.002 seconds [3m(lmcache_driven_transfer.py:1276:lmcache.v1.multiprocess.modules.lmcache_driven_transfer)[0m
[32;20m[2026-09-29 17:05:40,112] LMCache INFO:[0m Stored 256 tokens in 0.001 seconds [3m(lmcache_driven_transfer.py:1276:lmcache.v1.multiprocess.modules.lmcache_driven_transfer)[0m
[32;20m[2026-09-29 17:05:40,363] LMCache INFO:[0m Stored 768 tokens in 0.002 seconds [3m(lmcache_driven_transfer.py:1276:lmcache.v1.multiprocess.modules.lmcache_driven_transfer)[0m
[32;20m[2026-09-29 17:05:40,470] LMCache INFO:[0m Stored 512 tokens in 0.001 seconds [3m(lmcache_driven_transfer.py:1276:lmcache.v1.multiprocess.modules.lmcache_driven_transfer)[0m
[32;20m[2026-09-29 17:05:40,582] LMCache INFO:[0m Stored 512 tokens in 0.002 seconds [3m(lmcache_driven_transfer.py:1276:lmcache.v1.multiprocess.modules.lmcache_driven_transfer)[0m
[32;20m[2026-09-29 17:05:40,583] LMCache INFO:[0m Stored 512 tokens in 0.001 seconds [3m(lmcache_driven_transfer.py:1276:lmcache.v1.multiprocess.modules.lmcache_driven_transfer)[0m
[32;20m[2026-09-29 17:05:40,727] LMCache INFO:[0m Stored 768 tokens in 0.002 seconds [3m(lmcache_driven_transfer.py:1276:lmcache.v1.multiprocess.modules.lmcache_driven_transfer)[0m
[32;20m[2026-09-29 17:05:40,798] LMCache INFO:[0m Stored 256 tokens in 0.001 seconds [3m(lmcache_driven_transfer.py:1276:lmcache.v1.multiprocess.modules.lmcache_driven_transfer)[0m
[32;20m[2026-09-29 17:05:41,043] LMCache INFO:[0m Stored 256 tokens in 0.001 seconds [3m(lmcache_driven_transfer.py:1276:lmcache.v1.multiprocess.modules.lmcache_driven_transfer)[0m
[32;20m[2026-09-29 17:05:41,088] LMCache INFO:[0m Stored 256 tokens in 0.001 seconds [3m(lmcache_driven_transfer.py:1276:lmcache.v1.multiprocess.modules.lmcache_driven_transfer)[0m
[32;20m[2026-09-29 17:05:41,203] LMCache INFO:[0m Stored 256 tokens in 0.001 seconds [3m(lmcache_driven_transfer.py:1276:lmcache.v1.multiprocess.modules.lmcache_driven_transfer)[0m
[32;20m[2026-09-29 17:05:41,446] LMCache INFO:[0m Prefetch request completed (L1+L2): 10/12 retained keys (10 L1, 0 L2) in 2201.2 ms (external_request_id=chatcmpl-9d426ea3ae997ac7-b075a272, prefetch_request_id=-1) [3m(storage_manager.py:726:lmcache.v1.distributed.storage_manager)[0m
[32;20m[2026-09-29 17:05:41,447] LMCache INFO:[0m Prefetch request completed (L1+L2): 10/13 retained keys (10 L1, 0 L2) in 2201.3 ms (external_request_id=chatcmpl-baf8ae0e500c1f11-9d37f180, prefetch_request_id=-1) [3m(storage_manager.py:726:lmcache.v1.distributed.storage_manager)[0m
[32;20m[2026-09-29 17:05:41,447] LMCache INFO:[0m Prefetch request completed (L1+L2): 9/11 retained keys (9 L1, 0 L2) in 2201.0 ms (external_request_id=chatcmpl-907d31140ea22ef7-8f91f182, prefetch_request_id=-1) [3m(storage_manager.py:726:lmcache.v1.distributed.storage_manager)[0m
[32;20m[2026-09-29 17:05:41,493] LMCache INFO:[0m Stored 512 tokens in 0.001 seconds [3m(lmcache_driven_transfer.py:1276:lmcache.v1.multiprocess.modules.lmcache_driven_transfer)[0m
[32;20m[2026-09-29 17:05:41,607] LMCache INFO:[0m Stored 768 tokens in 0.001 seconds [3m(lmcache_driven_transfer.py:1276:lmcache.v1.multiprocess.modules.lmcache_driven_transfer)[0m
[32;20m[2026-09-29 17:05:41,710] LMCache INFO:[0m Stored 512 tokens in 0.001 seconds [3m(lmcache_driven_transfer.py:1276:lmcache.v1.multiprocess.modules.lmcache_driven_transfer)[0m
[32;20m[2026-09-29 17:05:41,786] LMCache INFO:[0m Prefetch request completed (L1+L2): 9/12 retained keys (9 L1, 0 L2) in 339.1 ms (external_request_id=chatcmpl-bdedb7fca9b7ae1a-a3879078, prefetch_request_id=-1) [3m(storage_manager.py:726:lmcache.v1.distributed.storage_manager)[0m
[32;20m[2026-09-29 17:05:41,787] LMCache INFO:[0m Prefetch request completed (L1+L2): 9/11 retained keys (9 L1, 0 L2) in 338.9 ms (external_request_id=chatcmpl-ba27edf0cd8cbbd4-95a70b29, prefetch_request_id=-1) [3m(storage_manager.py:726:lmcache.v1.distributed.storage_manager)[0m
[32;20m[2026-09-29 17:05:41,787] LMCache INFO:[0m Prefetch request completed (L1+L2): 10/12 retained keys (10 L1, 0 L2) in 338.3 ms (external_request_id=chatcmpl-928874ef0b07738e-96d70be9, prefetch_request_id=-1) [3m(storage_manager.py:726:lmcache.v1.distributed.storage_manager)[0m
[32;20m[2026-09-29 17:05:41,787] LMCache INFO:[0m Prefetch request completed (L1+L2): 9/11 retained keys (9 L1, 0 L2) in 337.9 ms (external_request_id=chatcmpl-b0c43df6542b9cee-95ec6a59, prefetch_request_id=-1) [3m(storage_manager.py:726:lmcache.v1.distributed.storage_manager)[0m
[32;20m[2026-09-29 17:05:41,787] LMCache INFO:[0m Prefetch request completed (L1+L2): 9/10 retained keys (9 L1, 0 L2) in 338.0 ms (external_request_id=chatcmpl-a2d68c360c85a33f-adf1ae2a, prefetch_request_id=-1) [3m(storage_manager.py:726:lmcache.v1.distributed.storage_manager)[0m
[32;20m[2026-09-29 17:05:41,788] LMCache INFO:[0m Prefetch request completed (L1+L2): 9/10 retained keys (9 L1, 0 L2) in 337.6 ms (external_request_id=chatcmpl-b4a271f29ed77226-ba506d21, prefetch_request_id=-1) [3m(storage_manager.py:726:lmcache.v1.distributed.storage_manager)[0m
[32;20m[2026-09-29 17:05:41,788] LMCache INFO:[0m Prefetch request completed (L1+L2): 9/10 retained keys (9 L1, 0 L2) in 337.4 ms (external_request_id=chatcmpl-9c067085ee859e92-90403150, prefetch_request_id=-1) [3m(storage_manager.py:726:lmcache.v1.distributed.storage_manager)[0m
[32;20m[2026-09-29 17:05:41,788] LMCache INFO:[0m Prefetch request completed (L1+L2): 9/11 retained keys (9 L1, 0 L2) in 337.1 ms (external_request_id=chatcmpl-870fc76fb956be57-a2dc91c4, prefetch_request_id=-1) [3m(storage_manager.py:726:lmcache.v1.distributed.storage_manager)[0m
[32;20m[2026-09-29 17:05:41,788] LMCache INFO:[0m Prefetch request completed (L1+L2): 10/12 retained keys (10 L1, 0 L2) in 336.8 ms (external_request_id=chatcmpl-8c7924566251be71-bcd7efca, prefetch_request_id=-1) [3m(storage_manager.py:726:lmcache.v1.distributed.storage_manager)[0m
[32;20m[2026-09-29 17:05:41,788] LMCache INFO:[0m Prefetch request completed (L1+L2): 9/9 retained keys (9 L1, 0 L2) in 336.4 ms (external_request_id=chatcmpl-813ad5a3dc79c7f9-b7b291cb, prefetch_request_id=-1) [3m(storage_manager.py:726:lmcache.v1.distributed.storage_manager)[0m
[32;20m[2026-09-29 17:05:41,788] LMCache INFO:[0m Prefetch request completed (L1+L2): 12/12 retained keys (12 L1, 0 L2) in 336.4 ms (external_request_id=chatcmpl-8c0e1f1696ebe5e8-8d380253, prefetch_request_id=-1) [3m(storage_manager.py:726:lmcache.v1.distributed.storage_manager)[0m
[32;20m[2026-09-29 17:05:41,788] LMCache INFO:[0m Prefetch request completed (L1+L2): 9/11 retained keys (9 L1, 0 L2) in 336.1 ms (external_request_id=chatcmpl-999dc9b5be44bb36-bbca66cf, prefetch_request_id=-1) [3m(storage_manager.py:726:lmcache.v1.distributed.storage_manager)[0m
[32;20m[2026-09-29 17:05:41,789] LMCache INFO:[0m Prefetch request completed (L1+L2): 10/12 retained keys (10 L1, 0 L2) in 335.8 ms (external_request_id=chatcmpl-bf33d6bf7c88c4bd-8444fdad, prefetch_request_id=-1) [3m(storage_manager.py:726:lmcache.v1.distributed.storage_manager)[0m
[32;20m[2026-09-29 17:05:41,789] LMCache INFO:[0m Prefetch request completed (L1+L2): 12/13 retained keys (12 L1, 0 L2) in 335.5 ms (external_request_id=chatcmpl-b3c5d6854252c396-a073898a, prefetch_request_id=-1) [3m(storage_manager.py:726:lmcache.v1.distributed.storage_manager)[0m
[32;20m[2026-09-29 17:05:41,789] LMCache INFO:[0m Prefetch request completed (L1+L2): 10/11 retained keys (10 L1, 0 L2) in 335.3 ms (external_request_id=chatcmpl-8284c4a350b19c88-869eed6b, prefetch_request_id=-1) [3m(storage_manager.py:726:lmcache.v1.distributed.storage_manager)[0m
[32;20m[2026-09-29 17:05:41,789] LMCache INFO:[0m Prefetch request completed (L1+L2): 11/12 retained keys (11 L1, 0 L2) in 332.5 ms (external_request_id=chatcmpl-be337df3ef1fe30e-98853440, prefetch_request_id=-1) [3m(storage_manager.py:726:lmcache.v1.distributed.storage_manager)[0m
[32;20m[2026-09-29 17:05:41,789] LMCache INFO:[0m Prefetch request completed (L1+L2): 10/12 retained keys (10 L1, 0 L2) in 332.4 ms (external_request_id=chatcmpl-af4b9a4cb6ea3900-8d9c4d61, prefetch_request_id=-1) [3m(storage_manager.py:726:lmcache.v1.distributed.storage_manager)[0m
[32;20m[2026-09-29 17:05:41,789] LMCache INFO:[0m Prefetch request completed (L1+L2): 10/12 retained keys (10 L1, 0 L2) in 332.4 ms (external_request_id=chatcmpl-8275f8efb2e7b2f8-bd1070f2, prefetch_request_id=-1) [3m(storage_manager.py:726:lmcache.v1.distributed.storage_manager)[0m
[32;20m[2026-09-29 17:05:41,790] LMCache INFO:[0m Prefetch request completed (L1+L2): 10/12 retained keys (10 L1, 0 L2) in 332.3 ms (external_request_id=chatcmpl-b2f2b26215e93f8c-af07432f, prefetch_request_id=-1) [3m(storage_manager.py:726:lmcache.v1.distributed.storage_manager)[0m
[32;20m[2026-09-29 17:05:41,790] LMCache INFO:[0m Prefetch request completed (L1+L2): 9/11 retained keys (9 L1, 0 L2) in 332.3 ms (external_request_id=chatcmpl-828d75e38436d6a5-b96b87ed, prefetch_request_id=-1) [3m(storage_manager.py:726:lmcache.v1.distributed.storage_manager)[0m
[32;20m[2026-09-29 17:05:41,790] LMCache INFO:[0m Prefetch request completed (L1+L2): 9/11 retained keys (9 L1, 0 L2) in 332.3 ms (external_request_id=chatcmpl-8b8c4862f2a8761e-85a93853, prefetch_request_id=-1) [3m(storage_manager.py:726:lmcache.v1.distributed.storage_manager)[0m
[32;20m[2026-09-29 17:05:41,836] LMCache INFO:[0m Stored 768 tokens in 0.002 seconds [3m(lmcache_driven_transfer.py:1276:lmcache.v1.multiprocess.modules.lmcache_driven_transfer)[0m
[32;20m[2026-09-29 17:05:41,950] LMCache INFO:[0m Stored 512 tokens in 0.002 seconds [3m(lmcache_driven_transfer.py:1276:lmcache.v1.multiprocess.modules.lmcache_driven_transfer)[0m
[32;20m[2026-09-29 17:05:41,951] LMCache INFO:[0m Stored 512 tokens in 0.001 seconds [3m(lmcache_driven_transfer.py:1276:lmcache.v1.multiprocess.modules.lmcache_driven_transfer)[0m
[32;20m[2026-09-29 17:05:41,952] LMCache INFO:[0m Stored 512 tokens in 0.001 seconds [3m(lmcache_driven_transfer.py:1276:lmcache.v1.multiprocess.modules.lmcache_driven_transfer)[0m
[32;20m[2026-09-29 17:05:42,098] LMCache INFO:[0m Stored 256 tokens in 0.002 seconds [3m(lmcache_driven_transfer.py:1276:lmcache.v1.multiprocess.modules.lmcache_driven_transfer)[0m
[32;20m[2026-09-29 17:05:42,371] LMCache INFO:[0m Stored 256 tokens in 0.001 seconds [3m(lmcache_driven_transfer.py:1276:lmcache.v1.multiprocess.modules.lmcache_driven_transfer)[0m
[32;20m[2026-09-29 17:05:42,436] LMCache INFO:[0m Stored 256 tokens in 0.001 seconds [3m(lmcache_driven_transfer.py:1276:lmcache.v1.multiprocess.modules.lmcache_driven_transfer)[0m
[32;20m[2026-09-29 17:05:42,484] LMCache INFO:[0m Stored 512 tokens in 0.001 seconds [3m(lmcache_driven_transfer.py:1276:lmcache.v1.multiprocess.modules.lmcache_driven_transfer)[0m
[32;20m[2026-09-29 17:05:42,593] LMCache INFO:[0m Stored 512 tokens in 0.001 seconds [3m(lmcache_driven_transfer.py:1276:lmcache.v1.multiprocess.modules.lmcache_driven_transfer)[0m
[32;20m[2026-09-29 17:05:42,753] LMCache INFO:[0m Stored 256 tokens in 0.001 seconds [3m(lmcache_driven_transfer.py:1276:lmcache.v1.multiprocess.modules.lmcache_driven_transfer)[0m
[32;20m[2026-09-29 17:05:42,945] LMCache INFO:[0m Stored 512 tokens in 0.002 seconds [3m(lmcache_driven_transfer.py:1276:lmcache.v1.multiprocess.modules.lmcache_driven_transfer)[0m
[32;20m[2026-09-29 17:05:42,977] LMCache INFO:[0m Stored 512 tokens in 0.001 seconds [3m(lmcache_driven_transfer.py:1276:lmcache.v1.multiprocess.modules.lmcache_driven_transfer)[0m
[32;20m[2026-09-29 17:05:43,180] LMCache INFO:[0m Stored 256 tokens in 0.001 seconds [3m(lmcache_driven_transfer.py:1276:lmcache.v1.multiprocess.modules.lmcache_driven_transfer)[0m
[32;20m[2026-09-29 17:05:43,428] LMCache INFO:[0m Stored 256 tokens in 0.001 seconds [3m(lmcache_driven_transfer.py:1276:lmcache.v1.multiprocess.modules.lmcache_driven_transfer)[0m
[32;20m[2026-09-29 17:05:43,499] LMCache INFO:[0m Stored 256 tokens in 0.001 seconds [3m(lmcache_driven_transfer.py:1276:lmcache.v1.multiprocess.modules.lmcache_driven_transfer)[0m
[32;20m[2026-09-29 17:05:43,530] LMCache INFO:[0m Stored 512 tokens in 0.001 seconds [3m(lmcache_driven_transfer.py:1276:lmcache.v1.multiprocess.modules.lmcache_driven_transfer)[0m
[32;20m[2026-09-29 17:05:43,580] LMCache INFO:[0m Stored 512 tokens in 0.001 seconds [3m(lmcache_driven_transfer.py:1276:lmcache.v1.multiprocess.modules.lmcache_driven_transfer)[0m
[32;20m[2026-09-29 17:05:43,760] LMCache INFO:[0m Stored 512 tokens in 0.001 seconds [3m(lmcache_driven_transfer.py:1276:lmcache.v1.multiprocess.modules.lmcache_driven_transfer)[0m
[32;20m[2026-09-29 17:05:43,933] LMCache INFO:[0m Stored 512 tokens in 0.001 seconds [3m(lmcache_driven_transfer.py:1276:lmcache.v1.multiprocess.modules.lmcache_driven_transfer)[0m
[32;20m[2026-09-29 17:05:43,935] LMCache INFO:[0m Stored 512 tokens in 0.001 seconds [3m(lmcache_driven_transfer.py:1276:lmcache.v1.multiprocess.modules.lmcache_driven_transfer)[0m
[32;20m[2026-09-29 17:05:44,022] LMCache INFO:[0m Stored 256 tokens in 0.001 seconds [3m(lmcache_driven_transfer.py:1276:lmcache.v1.multiprocess.modules.lmcache_driven_transfer)[0m
[32;20m[2026-09-29 17:05:44,045] LMCache INFO:[0m Prefetch request completed (L1+L2): 9/9 retained keys (9 L1, 0 L2) in 2254.8 ms (external_request_id=chatcmpl-ab792571fd75eeef-8fd0d4df, prefetch_request_id=-1) [3m(storage_manager.py:726:lmcache.v1.distributed.storage_manager)[0m
[32;20m[2026-09-29 17:05:44,046] LMCache INFO:[0m Prefetch request completed (L1+L2): 10/11 retained keys (10 L1, 0 L2) in 2254.7 ms (external_request_id=chatcmpl-9d941887729cd784-824603fb, prefetch_request_id=-1) [3m(storage_manager.py:726:lmcache.v1.distributed.storage_manager)[0m
[32;20m[2026-09-29 17:05:44,046] LMCache INFO:[0m Prefetch request completed (L1+L2): 9/9 retained keys (9 L1, 0 L2) in 2254.3 ms (external_request_id=chatcmpl-88b72e5900386e11-818d9f7d, prefetch_request_id=-1) [3m(storage_manager.py:726:lmcache.v1.distributed.storage_manager)[0m
[32;20m[2026-09-29 17:05:44,125] LMCache INFO:[0m Stored 256 tokens in 0.001 seconds [3m(lmcache_driven_transfer.py:1276:lmcache.v1.multiprocess.modules.lmcache_driven_transfer)[0m
[32;20m[2026-09-29 17:05:44,268] LMCache INFO:[0m Stored 256 tokens in 0.001 seconds [3m(lmcache_driven_transfer.py:1276:lmcache.v1.multiprocess.modules.lmcache_driven_transfer)[0m
[32;20m[2026-09-29 17:05:44,564] LMCache INFO:[0m Prefetch request completed (L1+L2): 9/10 retained keys (9 L1, 0 L2) in 518.2 ms (external_request_id=chatcmpl-84f6b4433deabde3-a3853916, prefetch_request_id=-1) [3m(storage_manager.py:726:lmcache.v1.distributed.storage_manager)[0m
[32;20m[2026-09-29 17:05:44,564] LMCache INFO:[0m Prefetch request completed (L1+L2): 9/9 retained keys (9 L1, 0 L2) in 518.1 ms (external_request_id=chatcmpl-9169cfd3bed0fc04-8a9f52f8, prefetch_request_id=-1) [3m(storage_manager.py:726:lmcache.v1.distributed.storage_manager)[0m
[32;20m[2026-09-29 17:05:44,565] LMCache INFO:[0m Prefetch request completed (L1+L2): 9/11 retained keys (9 L1, 0 L2) in 517.8 ms (external_request_id=chatcmpl-b0a32fab64f8f02f-aaa60e0c, prefetch_request_id=-1) [3m(storage_manager.py:726:lmcache.v1.distributed.storage_manager)[0m
[32;20m[2026-09-29 17:05:44,565] LMCache INFO:[0m Prefetch request completed (L1+L2): 9/10 retained keys (9 L1, 0 L2) in 517.2 ms (external_request_id=chatcmpl-b9e0de3e0c7e2292-960f66fb, prefetch_request_id=-1) [3m(storage_manager.py:726:lmcache.v1.distributed.storage_manager)[0m
[32;20m[2026-09-29 17:05:44,565] LMCache INFO:[0m Prefetch request completed (L1+L2): 10/12 retained keys (10 L1, 0 L2) in 516.7 ms (external_request_id=chatcmpl-8831f08663d2713f-bb93a3ee, prefetch_request_id=-1) [3m(storage_manager.py:726:lmcache.v1.distributed.storage_manager)[0m
[32;20m[2026-09-29 17:05:44,565] LMCache INFO:[0m Prefetch request completed (L1+L2): 9/9 retained keys (9 L1, 0 L2) in 516.6 ms (external_request_id=chatcmpl-b0969347827a2a1d-bb992d44, prefetch_request_id=-1) [3m(storage_manager.py:726:lmcache.v1.distributed.storage_manager)[0m
[32;20m[2026-09-29 17:05:44,565] LMCache INFO:[0m Prefetch request completed (L1+L2): 12/12 retained keys (12 L1, 0 L2) in 516.3 ms (external_request_id=chatcmpl-a2defe148021c78d-bf883b7d, prefetch_request_id=-1) [3m(storage_manager.py:726:lmcache.v1.distributed.storage_manager)[0m
[32;20m[2026-09-29 17:05:44,565] LMCache INFO:[0m Prefetch request completed (L1+L2): 9/10 retained keys (9 L1, 0 L2) in 516.1 ms (external_request_id=chatcmpl-a301a21635c6d6bc-ad66bfdd, prefetch_request_id=-1) [3m(storage_manager.py:726:lmcache.v1.distributed.storage_manager)[0m
[32;20m[2026-09-29 17:05:44,565] LMCache INFO:[0m Prefetch request completed (L1+L2): 10/11 retained keys (10 L1, 0 L2) in 515.9 ms (external_request_id=chatcmpl-8adb14a48ceb560e-a424084d, prefetch_request_id=-1) [3m(storage_manager.py:726:lmcache.v1.distributed.storage_manager)[0m
[32;20m[2026-09-29 17:05:44,566] LMCache INFO:[0m Prefetch request completed (L1+L2): 12/13 retained keys (12 L1, 0 L2) in 514.6 ms (external_request_id=chatcmpl-8923939f612b6d3d-a59f79ea, prefetch_request_id=-1) [3m(storage_manager.py:726:lmcache.v1.distributed.storage_manager)[0m
[32;20m[2026-09-29 17:05:44,566] LMCache INFO:[0m Prefetch request completed (L1+L2): 10/12 retained keys (10 L1, 0 L2) in 514.6 ms (external_request_id=chatcmpl-b11d256f82ecfffe-b02db584, prefetch_request_id=-1) [3m(storage_manager.py:726:lmcache.v1.distributed.storage_manager)[0m
[32;20m[2026-09-29 17:05:44,566] LMCache INFO:[0m Prefetch request completed (L1+L2): 11/11 retained keys (11 L1, 0 L2) in 514.5 ms (external_request_id=chatcmpl-a12b7fa4c9fd17a8-81183c02, prefetch_request_id=-1) [3m(storage_manager.py:726:lmcache.v1.distributed.storage_manager)[0m
[32;20m[2026-09-29 17:05:44,566] LMCache INFO:[0m Prefetch request completed (L1+L2): 10/11 retained keys (10 L1, 0 L2) in 514.6 ms (external_request_id=chatcmpl-956edff245201779-87b7aca6, prefetch_request_id=-1) [3m(storage_manager.py:726:lmcache.v1.distributed.storage_manager)[0m
[32;20m[2026-09-29 17:05:44,566] LMCache INFO:[0m Prefetch request completed (L1+L2): 10/11 retained keys (10 L1, 0 L2) in 513.0 ms (external_request_id=chatcmpl-84c05e5d81577ba7-aed6d67e, prefetch_request_id=-1) [3m(storage_manager.py:726:lmcache.v1.distributed.storage_manager)[0m
[32;20m[2026-09-29 17:05:44,566] LMCache INFO:[0m Prefetch request completed (L1+L2): 10/12 retained keys (10 L1, 0 L2) in 512.9 ms (external_request_id=chatcmpl-a5a04320be5bfc54-8e0c230b, prefetch_request_id=-1) [3m(storage_manager.py:726:lmcache.v1.distributed.storage_manager)[0m
[32;20m[2026-09-29 17:05:44,566] LMCache INFO:[0m Prefetch request completed (L1+L2): 9/11 retained keys (9 L1, 0 L2) in 512.7 ms (external_request_id=chatcmpl-94dd2f675e738bf8-97df8361, prefetch_request_id=-1) [3m(storage_manager.py:726:lmcache.v1.distributed.storage_manager)[0m
[32;20m[2026-09-29 17:05:44,567] LMCache INFO:[0m Prefetch request completed (L1+L2): 9/11 retained keys (9 L1, 0 L2) in 512.5 ms (external_request_id=chatcmpl-a2ace237290e3bd7-aa244b23, prefetch_request_id=-1) [3m(storage_manager.py:726:lmcache.v1.distributed.storage_manager)[0m
[32;20m[2026-09-29 17:05:44,567] LMCache INFO:[0m Prefetch request completed (L1+L2): 9/9 retained keys (9 L1, 0 L2) in 512.3 ms (external_request_id=chatcmpl-b4c6266b602f3d90-a8a76e73, prefetch_request_id=-1) [3m(storage_manager.py:726:lmcache.v1.distributed.storage_manager)[0m
[32;20m[2026-09-29 17:05:44,567] LMCache INFO:[0m Prefetch request completed (L1+L2): 10/12 retained keys (10 L1, 0 L2) in 512.1 ms (external_request_id=chatcmpl-9dc6a3d6b7cf0164-98eacd1b, prefetch_request_id=-1) [3m(storage_manager.py:726:lmcache.v1.distributed.storage_manager)[0m
[32;20m[2026-09-29 17:05:44,567] LMCache INFO:[0m Prefetch request completed (L1+L2): 9/10 retained keys (9 L1, 0 L2) in 511.7 ms (external_request_id=chatcmpl-849ad85467ad6ffd-a09f4a5b, prefetch_request_id=-1) [3m(storage_manager.py:726:lmcache.v1.distributed.storage_manager)[0m
[32;20m[2026-09-29 17:05:44,568] LMCache INFO:[0m Prefetch request completed (L1+L2): 9/10 retained keys (9 L1, 0 L2) in 512.0 ms (external_request_id=chatcmpl-993dd5083714a998-863e3919, prefetch_request_id=-1) [3m(storage_manager.py:726:lmcache.v1.distributed.storage_manager)[0m
[32;20m[2026-09-29 17:05:44,615] LMCache INFO:[0m Stored 256 tokens in 0.001 seconds [3m(lmcache_driven_transfer.py:1276:lmcache.v1.multiprocess.modules.lmcache_driven_transfer)[0m
[32;20m[2026-09-29 17:05:44,663] LMCache INFO:[0m Stored 512 tokens in 0.001 seconds [3m(lmcache_driven_transfer.py:1276:lmcache.v1.multiprocess.modules.lmcache_driven_transfer)[0m
[32;20m[2026-09-29 17:05:44,811] LMCache INFO:[0m Stored 256 tokens in 0.002 seconds [3m(lmcache_driven_transfer.py:1276:lmcache.v1.multiprocess.modules.lmcache_driven_transfer)[0m
[32;20m[2026-09-29 17:05:44,813] LMCache INFO:[0m Stored 256 tokens in 0.001 seconds [3m(lmcache_driven_transfer.py:1276:lmcache.v1.multiprocess.modules.lmcache_driven_transfer)[0m
[32;20m[2026-09-29 17:05:44,916] LMCache INFO:[0m Stored 512 tokens in 0.003 seconds [3m(lmcache_driven_transfer.py:1276:lmcache.v1.multiprocess.modules.lmcache_driven_transfer)[0m
[32;20m[2026-09-29 17:05:45,122] LMCache INFO:[0m Stored 256 tokens in 0.001 seconds [3m(lmcache_driven_transfer.py:1276:lmcache.v1.multiprocess.modules.lmcache_driven_transfer)[0m
[32;20m[2026-09-29 17:05:45,192] LMCache INFO:[0m Stored 256 tokens in 0.001 seconds [3m(lmcache_driven_transfer.py:1276:lmcache.v1.multiprocess.modules.lmcache_driven_transfer)[0m
[32;20m[2026-09-29 17:05:45,260] LMCache INFO:[0m Stored 256 tokens in 0.002 seconds [3m(lmcache_driven_transfer.py:1276:lmcache.v1.multiprocess.modules.lmcache_driven_transfer)[0m
[32;20m[2026-09-29 17:05:45,293] LMCache INFO:[0m Stored 256 tokens in 0.001 seconds [3m(lmcache_driven_transfer.py:1276:lmcache.v1.multiprocess.modules.lmcache_driven_transfer)[0m
[32;20m[2026-09-29 17:05:45,438] LMCache INFO:[0m Stored 512 tokens in 0.001 seconds [3m(lmcache_driven_transfer.py:1276:lmcache.v1.multiprocess.modules.lmcache_driven_transfer)[0m
[32;20m[2026-09-29 17:05:45,810] LMCache INFO:[0m Stored 256 tokens in 0.001 seconds [3m(lmcache_driven_transfer.py:1276:lmcache.v1.multiprocess.modules.lmcache_driven_transfer)[0m
[32;20m[2026-09-29 17:05:45,811] LMCache INFO:[0m Stored 256 tokens in 0.001 seconds [3m(lmcache_driven_transfer.py:1276:lmcache.v1.multiprocess.modules.lmcache_driven_transfer)[0m
[32;20m[2026-09-29 17:05:46,032] LMCache INFO:[0m Stored 512 tokens in 0.001 seconds [3m(lmcache_driven_transfer.py:1276:lmcache.v1.multiprocess.modules.lmcache_driven_transfer)[0m
[32;20m[2026-09-29 17:05:46,162] LMCache INFO:[0m Stored 512 tokens in 0.002 seconds [3m(lmcache_driven_transfer.py:1276:lmcache.v1.multiprocess.modules.lmcache_driven_transfer)[0m
[32;20m[2026-09-29 17:05:46,164] LMCache INFO:[0m Stored 512 tokens in 0.001 seconds [3m(lmcache_driven_transfer.py:1276:lmcache.v1.multiprocess.modules.lmcache_driven_transfer)[0m
[32;20m[2026-09-29 17:05:46,505] LMCache INFO:[0m Stored 512 tokens in 0.003 seconds [3m(lmcache_driven_transfer.py:1276:lmcache.v1.multiprocess.modules.lmcache_driven_transfer)[0m
[32;20m[2026-09-29 17:05:46,535] LMCache INFO:[0m Stored 256 tokens in 0.001 seconds [3m(lmcache_driven_transfer.py:1276:lmcache.v1.multiprocess.modules.lmcache_driven_transfer)[0m
[32;20m[2026-09-29 17:05:46,675] LMCache INFO:[0m Stored 256 tokens in 0.001 seconds [3m(lmcache_driven_transfer.py:1276:lmcache.v1.multiprocess.modules.lmcache_driven_transfer)[0m
[32;20m[2026-09-29 17:05:46,835] LMCache INFO:[0m Prefetch request completed (L1+L2): 9/9 retained keys (9 L1, 0 L2) in 2266.2 ms (external_request_id=chatcmpl-965121974de3332f-81f8d263, prefetch_request_id=-1) [3m(storage_manager.py:726:lmcache.v1.distributed.storage_manager)[0m
[32;20m[2026-09-29 17:05:46,835] LMCache INFO:[0m Prefetch request completed (L1+L2): 9/11 retained keys (9 L1, 0 L2) in 2266.2 ms (external_request_id=chatcmpl-91c7ae8329cc6140-a627a580, prefetch_request_id=-1) [3m(storage_manager.py:726:lmcache.v1.distributed.storage_manager)[0m
[32;20m[2026-09-29 17:05:46,835] LMCache INFO:[0m Prefetch request completed (L1+L2): 9/11 retained keys (9 L1, 0 L2) in 2265.6 ms (external_request_id=chatcmpl-971a2f19cd03891a-8e941b9b, prefetch_request_id=-1) [3m(storage_manager.py:726:lmcache.v1.distributed.storage_manager)[0m
[32;20m[2026-09-29 17:05:46,951] LMCache INFO:[0m Stored 512 tokens in 0.001 seconds [3m(lmcache_driven_transfer.py:1276:lmcache.v1.multiprocess.modules.lmcache_driven_transfer)[0m
[32;20m[2026-09-29 17:05:47,030] LMCache INFO:[0m L1 memory usage 0.80 above watermark 0.80; triggering eviction. [3m(eviction_controller.py:179:lmcache.v1.distributed.storage_controllers.eviction_controller)[0m
[32;20m[2026-09-29 17:05:47,197] LMCache INFO:[0m Stored 512 tokens in 0.002 seconds [3m(lmcache_driven_transfer.py:1276:lmcache.v1.multiprocess.modules.lmcache_driven_transfer)[0m
[32;20m[2026-09-29 17:05:47,253] LMCache INFO:[0m Prefetch request completed (L1+L2): 10/12 retained keys (10 L1, 0 L2) in 417.1 ms (external_request_id=chatcmpl-b68e4182b02d14a5-90369e5b, prefetch_request_id=-1) [3m(storage_manager.py:726:lmcache.v1.distributed.storage_manager)[0m
[32;20m[2026-09-29 17:05:47,253] LMCache INFO:[0m Prefetch request completed (L1+L2): 9/11 retained keys (9 L1, 0 L2) in 417.0 ms (external_request_id=chatcmpl-bfc7b6cf561bc567-96a794f2, prefetch_request_id=-1) [3m(storage_manager.py:726:lmcache.v1.distributed.storage_manager)[0m
[32;20m[2026-09-29 17:05:47,253] LMCache INFO:[0m Prefetch request completed (L1+L2): 12/13 retained keys (12 L1, 0 L2) in 416.8 ms (external_request_id=chatcmpl-84d6bca35b1a5230-9aa445c4, prefetch_request_id=-1) [3m(storage_manager.py:726:lmcache.v1.distributed.storage_manager)[0m
[32;20m[2026-09-29 17:05:47,253] LMCache INFO:[0m Prefetch request completed (L1+L2): 9/12 retained keys (9 L1, 0 L2) in 415.5 ms (external_request_id=chatcmpl-a81c064d5343e859-a9e68cc2, prefetch_request_id=-1) [3m(storage_manager.py:726:lmcache.v1.distributed.storage_manager)[0m
[32;20m[2026-09-29 17:05:47,254] LMCache INFO:[0m Prefetch request completed (L1+L2): 10/12 retained keys (10 L1, 0 L2) in 415.5 ms (external_request_id=chatcmpl-8142eb849dc2a4a1-96939094, prefetch_request_id=-1) [3m(storage_manager.py:726:lmcache.v1.distributed.storage_manager)[0m
[32;20m[2026-09-29 17:05:47,254] LMCache INFO:[0m Prefetch request completed (L1+L2): 12/13 retained keys (12 L1, 0 L2) in 415.3 ms (external_request_id=chatcmpl-91cfd0341c400515-949e08c7, prefetch_request_id=-1) [3m(storage_manager.py:726:lmcache.v1.distributed.storage_manager)[0m
[32;20m[2026-09-29 17:05:47,254] LMCache INFO:[0m Prefetch request completed (L1+L2): 10/11 retained keys (10 L1, 0 L2) in 415.4 ms (external_request_id=chatcmpl-a4524fb96bab8200-9e667e8b, prefetch_request_id=-1) [3m(storage_manager.py:726:lmcache.v1.distributed.storage_manager)[0m
[32;20m[2026-09-29 17:05:47,254] LMCache INFO:[0m Prefetch request completed (L1+L2): 11/12 retained keys (11 L1, 0 L2) in 415.3 ms (external_request_id=chatcmpl-b86fe07ba1e4862a-b3046b89, prefetch_request_id=-1) [3m(storage_manager.py:726:lmcache.v1.distributed.storage_manager)[0m
[32;20m[2026-09-29 17:05:47,254] LMCache INFO:[0m Prefetch request completed (L1+L2): 10/12 retained keys (10 L1, 0 L2) in 415.2 ms (external_request_id=chatcmpl-ace7fffbc16ddba7-84118f69, prefetch_request_id=-1) [3m(storage_manager.py:726:lmcache.v1.distributed.storage_manager)[0m
[32;20m[2026-09-29 17:05:47,254] LMCache INFO:[0m Prefetch request completed (L1+L2): 10/11 retained keys (10 L1, 0 L2) in 415.2 ms (external_request_id=chatcmpl-9968d6fee0341464-804e2dc0, prefetch_request_id=-1) [3m(storage_manager.py:726:lmcache.v1.distributed.storage_manager)[0m
[32;20m[2026-09-29 17:05:47,255] LMCache INFO:[0m Prefetch request completed (L1+L2): 10/13 retained keys (10 L1, 0 L2) in 415.0 ms (external_request_id=chatcmpl-9a0d77dd602ac6f5-981e47e7, prefetch_request_id=-1) [3m(storage_manager.py:726:lmcache.v1.distributed.storage_manager)[0m
[32;20m[2026-09-29 17:05:47,255] LMCache INFO:[0m Prefetch request completed (L1+L2): 9/11 retained keys (9 L1, 0 L2) in 414.7 ms (external_request_id=chatcmpl-8f2e0f2391f711bb-af98cd17, prefetch_request_id=-1) [3m(storage_manager.py:726:lmcache.v1.distributed.storage_manager)[0m
[32;20m[2026-09-29 17:05:47,255] LMCache INFO:[0m Prefetch request completed (L1+L2): 9/11 retained keys (9 L1, 0 L2) in 414.2 ms (external_request_id=chatcmpl-805f9ab52901805f-867e33d6, prefetch_request_id=-1) [3m(storage_manager.py:726:lmcache.v1.distributed.storage_manager)[0m
[32;20m[2026-09-29 17:05:47,255] LMCache INFO:[0m Prefetch request completed (L1+L2): 9/10 retained keys (9 L1, 0 L2) in 414.2 ms (external_request_id=chatcmpl-8e6e033392d6d2f2-a36d4b24, prefetch_request_id=-1) [3m(storage_manager.py:726:lmcache.v1.distributed.storage_manager)[0m
[32;20m[2026-09-29 17:05:47,255] LMCache INFO:[0m Prefetch request completed (L1+L2): 10/11 retained keys (10 L1, 0 L2) in 414.0 ms (external_request_id=chatcmpl-a24b5376d03fc6ba-ab5357ca, prefetch_request_id=-1) [3m(storage_manager.py:726:lmcache.v1.distributed.storage_manager)[0m
[32;20m[2026-09-29 17:05:47,256] LMCache INFO:[0m Prefetch request completed (L1+L2): 9/10 retained keys (9 L1, 0 L2) in 413.8 ms (external_request_id=chatcmpl-9fa6a22227a8247e-a29a089c, prefetch_request_id=-1) [3m(storage_manager.py:726:lmcache.v1.distributed.storage_manager)[0m
[32;20m[2026-09-29 17:05:47,256] LMCache INFO:[0m Prefetch request completed (L1+L2): 9/11 retained keys (9 L1, 0 L2) in 412.9 ms (external_request_id=chatcmpl-801ed053a1299a7a-8aa17f33, prefetch_request_id=-1) [3m(storage_manager.py:726:lmcache.v1.distributed.storage_manager)[0m
[32;20m[2026-09-29 17:05:47,256] LMCache INFO:[0m Prefetch request completed (L1+L2): 9/11 retained keys (9 L1, 0 L2) in 412.8 ms (external_request_id=chatcmpl-8696f9e742b48446-93ced098, prefetch_request_id=-1) [3m(storage_manager.py:726:lmcache.v1.distributed.storage_manager)[0m
[32;20m[2026-09-29 17:05:47,256] LMCache INFO:[0m Prefetch request completed (L1+L2): 9/11 retained keys (9 L1, 0 L2) in 412.8 ms (external_request_id=chatcmpl-85ac2e3d6102f1a2-93e88ec9, prefetch_request_id=-1) [3m(storage_manager.py:726:lmcache.v1.distributed.storage_manager)[0m
[32;20m[2026-09-29 17:05:47,256] LMCache INFO:[0m Prefetch request completed (L1+L2): 9/12 retained keys (9 L1, 0 L2) in 412.8 ms (external_request_id=chatcmpl-871417cca4be0dfc-87f01207, prefetch_request_id=-1) [3m(storage_manager.py:726:lmcache.v1.distributed.storage_manager)[0m
[32;20m[2026-09-29 17:05:47,257] LMCache INFO:[0m Prefetch request completed (L1+L2): 10/11 retained keys (10 L1, 0 L2) in 412.9 ms (external_request_id=chatcmpl-8047f1befebe4623-a55557e2, prefetch_request_id=-1) [3m(storage_manager.py:726:lmcache.v1.distributed.storage_manager)[0m
[32;20m[2026-09-29 17:05:47,308] LMCache INFO:[0m Stored 512 tokens in 0.001 seconds [3m(lmcache_driven_transfer.py:1276:lmcache.v1.multiprocess.modules.lmcache_driven_transfer)[0m
[32;20m[2026-09-29 17:05:47,310] LMCache INFO:[0m Stored 512 tokens in 0.001 seconds [3m(lmcache_driven_transfer.py:1276:lmcache.v1.multiprocess.modules.lmcache_driven_transfer)[0m
[32;20m[2026-09-29 17:05:47,451] LMCache INFO:[0m Stored 256 tokens in 0.001 seconds [3m(lmcache_driven_transfer.py:1276:lmcache.v1.multiprocess.modules.lmcache_driven_transfer)[0m
[32;20m[2026-09-29 17:05:47,484] LMCache INFO:[0m Stored 768 tokens in 0.001 seconds [3m(lmcache_driven_transfer.py:1276:lmcache.v1.multiprocess.modules.lmcache_driven_transfer)[0m
INFO:     172.26.132.42:21407 - "GET /metrics HTTP/1.1" 200 OK
[32;20m[2026-09-29 17:05:47,751] LMCache INFO:[0m Stored 512 tokens in 0.001 seconds [3m(lmcache_driven_transfer.py:1276:lmcache.v1.multiprocess.modules.lmcache_driven_transfer)[0m
[32;20m[2026-09-29 17:05:47,937] LMCache INFO:[0m Stored 256 tokens in 0.002 seconds [3m(lmcache_driven_transfer.py:1276:lmcache.v1.multiprocess.modules.lmcache_driven_transfer)[0m
[32;20m[2026-09-29 17:05:47,939] LMCache INFO:[0m Stored 256 tokens in 0.001 seconds [3m(lmcache_driven_transfer.py:1276:lmcache.v1.multiprocess.modules.lmcache_driven_transfer)[0m
[32;20m[2026-09-29 17:05:47,980] LMCache INFO:[0m Stored 256 tokens in 0.001 seconds [3m(lmcache_driven_transfer.py:1276:lmcache.v1.multiprocess.modules.lmcache_driven_transfer)[0m
[32;20m[2026-09-29 17:05:48,100] LMCache INFO:[0m Stored 256 tokens in 0.001 seconds [3m(lmcache_driven_transfer.py:1276:lmcache.v1.multiprocess.modules.lmcache_driven_transfer)[0m
[32;20m[2026-09-29 17:05:48,231] LMCache INFO:[0m Stored 512 tokens in 0.001 seconds [3m(lmcache_driven_transfer.py:1276:lmcache.v1.multiprocess.modules.lmcache_driven_transfer)[0m
[32;20m[2026-09-29 17:05:48,286] LMCache INFO:[0m Stored 256 tokens in 0.001 seconds [3m(lmcache_driven_transfer.py:1276:lmcache.v1.multiprocess.modules.lmcache_driven_transfer)[0m
[32;20m[2026-09-29 17:05:48,379] LMCache INFO:[0m Stored 256 tokens in 0.001 seconds [3m(lmcache_driven_transfer.py:1276:lmcache.v1.multiprocess.modules.lmcache_driven_transfer)[0m
[32;20m[2026-09-29 17:05:48,380] LMCache INFO:[0m Stored 256 tokens in 0.001 seconds [3m(lmcache_driven_transfer.py:1276:lmcache.v1.multiprocess.modules.lmcache_driven_transfer)[0m
[32;20m[2026-09-29 17:05:48,448] LMCache INFO:[0m Stored 768 tokens in 0.002 seconds [3m(lmcache_driven_transfer.py:1276:lmcache.v1.multiprocess.modules.lmcache_driven_transfer)[0m
[32;20m[2026-09-29 17:05:48,449] LMCache INFO:[0m Stored 512 tokens in 0.001 seconds [3m(lmcache_driven_transfer.py:1276:lmcache.v1.multiprocess.modules.lmcache_driven_transfer)[0m
[32;20m[2026-09-29 17:05:48,700] LMCache INFO:[0m Stored 512 tokens in 0.001 seconds [3m(lmcache_driven_transfer.py:1276:lmcache.v1.multiprocess.modules.lmcache_driven_transfer)[0m
[32;20m[2026-09-29 17:05:48,765] LMCache INFO:[0m Stored 256 tokens in 0.001 seconds [3m(lmcache_driven_transfer.py:1276:lmcache.v1.multiprocess.modules.lmcache_driven_transfer)[0m
[32;20m[2026-09-29 17:05:48,836] LMCache INFO:[0m Stored 256 tokens in 0.001 seconds [3m(lmcache_driven_transfer.py:1276:lmcache.v1.multiprocess.modules.lmcache_driven_transfer)[0m
[32;20m[2026-09-29 17:05:48,838] LMCache INFO:[0m Stored 256 tokens in 0.001 seconds [3m(lmcache_driven_transfer.py:1276:lmcache.v1.multiprocess.modules.lmcache_driven_transfer)[0m
[32;20m[2026-09-29 17:05:48,890] LMCache INFO:[0m Stored 256 tokens in 0.001 seconds [3m(lmcache_driven_transfer.py:1276:lmcache.v1.multiprocess.modules.lmcache_driven_transfer)[0m
[32;20m[2026-09-29 17:05:49,189] LMCache INFO:[0m Stored 256 tokens in 0.001 seconds [3m(lmcache_driven_transfer.py:1276:lmcache.v1.multiprocess.modules.lmcache_driven_transfer)[0m
[32;20m[2026-09-29 17:05:49,240] LMCache INFO:[0m Stored 512 tokens in 0.002 seconds [3m(lmcache_driven_transfer.py:1276:lmcache.v1.multiprocess.modules.lmcache_driven_transfer)[0m
[32;20m[2026-09-29 17:05:49,328] LMCache INFO:[0m Stored 512 tokens in 0.002 seconds [3m(lmcache_driven_transfer.py:1276:lmcache.v1.multiprocess.modules.lmcache_driven_transfer)[0m
[32;20m[2026-09-29 17:05:49,412] LMCache INFO:[0m Stored 512 tokens in 0.002 seconds [3m(lmcache_driven_transfer.py:1276:lmcache.v1.multiprocess.modules.lmcache_driven_transfer)[0m
[32;20m[2026-09-29 17:05:49,698] LMCache INFO:[0m Stored 768 tokens in 0.001 seconds [3m(lmcache_driven_transfer.py:1276:lmcache.v1.multiprocess.modules.lmcache_driven_transfer)[0m
[32;20m[2026-09-29 17:05:49,841] LMCache INFO:[0m Stored 256 tokens in 0.001 seconds [3m(lmcache_driven_transfer.py:1276:lmcache.v1.multiprocess.modules.lmcache_driven_transfer)[0m
[32;20m[2026-09-29 17:05:49,900] LMCache INFO:[0m Prefetch request completed (L1+L2): 9/10 retained keys (9 L1, 0 L2) in 2643.3 ms (external_request_id=chatcmpl-a69603ee6d89088e-a7e01af1, prefetch_request_id=-1) [3m(storage_manager.py:726:lmcache.v1.distributed.storage_manager)[0m
[32;20m[2026-09-29 17:05:49,900] LMCache INFO:[0m Prefetch request completed (L1+L2): 12/12 retained keys (12 L1, 0 L2) in 2642.9 ms (external_request_id=chatcmpl-889eafb6ddd4661a-9b3e94a0, prefetch_request_id=-1) [3m(storage_manager.py:726:lmcache.v1.distributed.storage_manager)[0m
[32;20m[2026-09-29 17:05:49,901] LMCache INFO:[0m Prefetch request completed (L1+L2): 9/12 retained keys (9 L1, 0 L2) in 2643.0 ms (external_request_id=chatcmpl-b2d98d09fba5709c-ae5a1e2a, prefetch_request_id=-1) [3m(storage_manager.py:726:lmcache.v1.distributed.storage_manager)[0m
[32;20m[2026-09-29 17:05:49,954] LMCache INFO:[0m Stored 256 tokens in 0.002 seconds [3m(lmcache_driven_transfer.py:1276:lmcache.v1.multiprocess.modules.lmcache_driven_transfer)[0m
[32;20m[2026-09-29 17:05:49,955] LMCache INFO:[0m Stored 768 tokens in 0.001 seconds [3m(lmcache_driven_transfer.py:1276:lmcache.v1.multiprocess.modules.lmcache_driven_transfer)[0m
[32;20m[2026-09-29 17:05:50,062] LMCache INFO:[0m Prefetch request completed (L1+L2): 10/10 retained keys (10 L1, 0 L2) in 160.7 ms (external_request_id=chatcmpl-99de6c73286d7e59-bc8fb902, prefetch_request_id=-1) [3m(storage_manager.py:726:lmcache.v1.distributed.storage_manager)[0m
[32;20m[2026-09-29 17:05:50,062] LMCache INFO:[0m Prefetch request completed (L1+L2): 12/15 retained keys (12 L1, 0 L2) in 160.3 ms (external_request_id=chatcmpl-89e1c79fd955423b-bcd1042a, prefetch_request_id=-1) [3m(storage_manager.py:726:lmcache.v1.distributed.storage_manager)[0m
[32;20m[2026-09-29 17:05:50,062] LMCache INFO:[0m Prefetch request completed (L1+L2): 10/10 retained keys (10 L1, 0 L2) in 160.3 ms (external_request_id=chatcmpl-ac55f6e38582fa49-b63681b2, prefetch_request_id=-1) [3m(storage_manager.py:726:lmcache.v1.distributed.storage_manager)[0m
[32;20m[2026-09-29 17:05:50,063] LMCache INFO:[0m Prefetch request completed (L1+L2): 11/12 retained keys (11 L1, 0 L2) in 160.0 ms (external_request_id=chatcmpl-8c30f40604526eb2-bbba4cfe, prefetch_request_id=-1) [3m(storage_manager.py:726:lmcache.v1.distributed.storage_manager)[0m
[32;20m[2026-09-29 17:05:50,063] LMCache INFO:[0m Prefetch request completed (L1+L2): 10/12 retained keys (10 L1, 0 L2) in 159.7 ms (external_request_id=chatcmpl-8bc0f90a6272c116-b485cd70, prefetch_request_id=-1) [3m(storage_manager.py:726:lmcache.v1.distributed.storage_manager)[0m
[32;20m[2026-09-29 17:05:50,063] LMCache INFO:[0m Prefetch request completed (L1+L2): 10/12 retained keys (10 L1, 0 L2) in 159.3 ms (external_request_id=chatcmpl-8da361e65ca2dd02-ae443c04, prefetch_request_id=-1) [3m(storage_manager.py:726:lmcache.v1.distributed.storage_manager)[0m
[32;20m[2026-09-29 17:05:50,063] LMCache INFO:[0m Prefetch request completed (L1+L2): 10/11 retained keys (10 L1, 0 L2) in 159.2 ms (external_request_id=chatcmpl-ac68a0cf4995b3ff-abf1131c, prefetch_request_id=-1) [3m(storage_manager.py:726:lmcache.v1.distributed.storage_manager)[0m
[32;20m[2026-09-29 17:05:50,063] LMCache INFO:[0m Prefetch request completed (L1+L2): 9/10 retained keys (9 L1, 0 L2) in 158.5 ms (external_request_id=chatcmpl-8b464efe80129de9-83f98858, prefetch_request_id=-1) [3m(storage_manager.py:726:lmcache.v1.distributed.storage_manager)[0m
[32;20m[2026-09-29 17:05:50,064] LMCache INFO:[0m Prefetch request completed (L1+L2): 9/11 retained keys (9 L1, 0 L2) in 158.6 ms (external_request_id=chatcmpl-acd34d88d53c0d86-9ad0ff1a, prefetch_request_id=-1) [3m(storage_manager.py:726:lmcache.v1.distributed.storage_manager)[0m
[32;20m[2026-09-29 17:05:50,064] LMCache INFO:[0m Prefetch request completed (L1+L2): 9/10 retained keys (9 L1, 0 L2) in 158.4 ms (external_request_id=chatcmpl-93ccef44e0c67906-88f54693, prefetch_request_id=-1) [3m(storage_manager.py:726:lmcache.v1.distributed.storage_manager)[0m
[32;20m[2026-09-29 17:05:50,064] LMCache INFO:[0m Prefetch request completed (L1+L2): 10/11 retained keys (10 L1, 0 L2) in 158.4 ms (external_request_id=chatcmpl-862541ade8d2796f-97b6ec93, prefetch_request_id=-1) [3m(storage_manager.py:726:lmcache.v1.distributed.storage_manager)[0m
[32;20m[2026-09-29 17:05:50,064] LMCache INFO:[0m Prefetch request completed (L1+L2): 9/10 retained keys (9 L1, 0 L2) in 158.4 ms (external_request_id=chatcmpl-ae8608d2e7a09803-82d63e69, prefetch_request_id=-1) [3m(storage_manager.py:726:lmcache.v1.distributed.storage_manager)[0m
[32;20m[2026-09-29 17:05:50,064] LMCache INFO:[0m Prefetch request completed (L1+L2): 9/10 retained keys (9 L1, 0 L2) in 158.3 ms (external_request_id=chatcmpl-a9b7b57ab1c513c8-98bf46af, prefetch_request_id=-1) [3m(storage_manager.py:726:lmcache.v1.distributed.storage_manager)[0m
[32;20m[2026-09-29 17:05:50,064] LMCache INFO:[0m Prefetch request completed (L1+L2): 9/11 retained keys (9 L1, 0 L2) in 158.0 ms (external_request_id=chatcmpl-91088c5085d8fe7b-b0bbccf3, prefetch_request_id=-1) [3m(storage_manager.py:726:lmcache.v1.distributed.storage_manager)[0m
[32;20m[2026-09-29 17:05:50,065] LMCache INFO:[0m Prefetch request completed (L1+L2): 9/10 retained keys (9 L1, 0 L2) in 157.7 ms (external_request_id=chatcmpl-9de09d409b155358-b9d26a30, prefetch_request_id=-1) [3m(storage_manager.py:726:lmcache.v1.distributed.storage_manager)[0m
[32;20m[2026-09-29 17:05:50,065] LMCache INFO:[0m Prefetch request completed (L1+L2): 9/10 retained keys (9 L1, 0 L2) in 157.5 ms (external_request_id=chatcmpl-b38826b6ab03618d-8382a6e4, prefetch_request_id=-1) [3m(storage_manager.py:726:lmcache.v1.distributed.storage_manager)[0m
[32;20m[2026-09-29 17:05:50,065] LMCache INFO:[0m Prefetch request completed (L1+L2): 10/12 retained keys (10 L1, 0 L2) in 157.3 ms (external_request_id=chatcmpl-a3678afcb6ba3dc9-93c4c0ea, prefetch_request_id=-1) [3m(storage_manager.py:726:lmcache.v1.distributed.storage_manager)[0m
[32;20m[2026-09-29 17:05:50,065] LMCache INFO:[0m Prefetch request completed (L1+L2): 9/9 retained keys (9 L1, 0 L2) in 157.1 ms (external_request_id=chatcmpl-be95b5b7645c6bc6-b84058f0, prefetch_request_id=-1) [3m(storage_manager.py:726:lmcache.v1.distributed.storage_manager)[0m
[32;20m[2026-09-29 17:05:50,065] LMCache INFO:[0m Prefetch request completed (L1+L2): 12/13 retained keys (12 L1, 0 L2) in 156.7 ms (external_request_id=chatcmpl-b73726caac26ab82-8b0df9f1, prefetch_request_id=-1) [3m(storage_manager.py:726:lmcache.v1.distributed.storage_manager)[0m
[32;20m[2026-09-29 17:05:50,065] LMCache INFO:[0m Prefetch request completed (L1+L2): 9/10 retained keys (9 L1, 0 L2) in 156.4 ms (external_request_id=chatcmpl-adf12f1372f4da63-af58751d, prefetch_request_id=-1) [3m(storage_manager.py:726:lmcache.v1.distributed.storage_manager)[0m
[32;20m[2026-09-29 17:05:50,066] LMCache INFO:[0m Prefetch request completed (L1+L2): 10/11 retained keys (10 L1, 0 L2) in 156.4 ms (external_request_id=chatcmpl-bd9f356ec9158bea-a504ae73, prefetch_request_id=-1) [3m(storage_manager.py:726:lmcache.v1.distributed.storage_manager)[0m
[32;20m[2026-09-29 17:05:50,117] LMCache INFO:[0m Stored 768 tokens in 0.001 seconds [3m(lmcache_driven_transfer.py:1276:lmcache.v1.multiprocess.modules.lmcache_driven_transfer)[0m
[32;20m[2026-09-29 17:05:50,489] LMCache INFO:[0m Stored 256 tokens in 0.002 seconds [3m(lmcache_driven_transfer.py:1276:lmcache.v1.multiprocess.modules.lmcache_driven_transfer)[0m
[32;20m[2026-09-29 17:05:50,696] LMCache INFO:[0m Stored 512 tokens in 0.001 seconds [3m(lmcache_driven_transfer.py:1276:lmcache.v1.multiprocess.modules.lmcache_driven_transfer)[0m
[32;20m[2026-09-29 17:05:50,803] LMCache INFO:[0m Stored 512 tokens in 0.002 seconds [3m(lmcache_driven_transfer.py:1276:lmcache.v1.multiprocess.modules.lmcache_driven_transfer)[0m
[32;20m[2026-09-29 17:05:50,835] LMCache INFO:[0m Stored 256 tokens in 0.001 seconds [3m(lmcache_driven_transfer.py:1276:lmcache.v1.multiprocess.modules.lmcache_driven_transfer)[0m
[32;20m[2026-09-29 17:05:50,920] LMCache INFO:[0m Stored 256 tokens in 0.002 seconds [3m(lmcache_driven_transfer.py:1276:lmcache.v1.multiprocess.modules.lmcache_driven_transfer)[0m
[32;20m[2026-09-29 17:05:51,011] LMCache INFO:[0m Stored 512 tokens in 0.003 seconds [3m(lmcache_driven_transfer.py:1276:lmcache.v1.multiprocess.modules.lmcache_driven_transfer)[0m
[32;20m[2026-09-29 17:05:51,044] LMCache INFO:[0m Stored 256 tokens in 0.001 seconds [3m(lmcache_driven_transfer.py:1276:lmcache.v1.multiprocess.modules.lmcache_driven_transfer)[0m
[32;20m[2026-09-29 17:05:51,246] LMCache INFO:[0m Stored 256 tokens in 0.001 seconds [3m(lmcache_driven_transfer.py:1276:lmcache.v1.multiprocess.modules.lmcache_driven_transfer)[0m
[32;20m[2026-09-29 17:05:51,373] LMCache INFO:[0m Stored 256 tokens in 0.001 seconds [3m(lmcache_driven_transfer.py:1276:lmcache.v1.multiprocess.modules.lmcache_driven_transfer)[0m
[32;20m[2026-09-29 17:05:51,458] LMCache INFO:[0m Stored 256 tokens in 0.002 seconds [3m(lmcache_driven_transfer.py:1276:lmcache.v1.multiprocess.modules.lmcache_driven_transfer)[0m
[32;20m[2026-09-29 17:05:51,550] LMCache INFO:[0m Stored 512 tokens in 0.001 seconds [3m(lmcache_driven_transfer.py:1276:lmcache.v1.multiprocess.modules.lmcache_driven_transfer)[0m
[32;20m[2026-09-29 17:05:51,679] LMCache INFO:[0m Stored 256 tokens in 0.001 seconds [3m(lmcache_driven_transfer.py:1276:lmcache.v1.multiprocess.modules.lmcache_driven_transfer)[0m
[32;20m[2026-09-29 17:05:51,681] LMCache INFO:[0m Stored 256 tokens in 0.001 seconds [3m(lmcache_driven_transfer.py:1276:lmcache.v1.multiprocess.modules.lmcache_driven_transfer)[0m
[32;20m[2026-09-29 17:05:51,840] LMCache INFO:[0m Stored 512 tokens in 0.002 seconds [3m(lmcache_driven_transfer.py:1276:lmcache.v1.multiprocess.modules.lmcache_driven_transfer)[0m
[32;20m[2026-09-29 17:05:51,841] LMCache INFO:[0m Stored 256 tokens in 0.001 seconds [3m(lmcache_driven_transfer.py:1276:lmcache.v1.multiprocess.modules.lmcache_driven_transfer)[0m
[32;20m[2026-09-29 17:05:51,973] LMCache INFO:[0m Stored 256 tokens in 0.001 seconds [3m(lmcache_driven_transfer.py:1276:lmcache.v1.multiprocess.modules.lmcache_driven_transfer)[0m
[32;20m[2026-09-29 17:05:52,357] LMCache INFO:[0m Stored 256 tokens in 0.001 seconds [3m(lmcache_driven_transfer.py:1276:lmcache.v1.multiprocess.modules.lmcache_driven_transfer)[0m
[32;20m[2026-09-29 17:05:52,467] LMCache INFO:[0m Stored 256 tokens in 0.001 seconds [3m(lmcache_driven_transfer.py:1276:lmcache.v1.multiprocess.modules.lmcache_driven_transfer)[0m
[32;20m[2026-09-29 17:05:52,468] LMCache INFO:[0m Stored 256 tokens in 0.001 seconds [3m(lmcache_driven_transfer.py:1276:lmcache.v1.multiprocess.modules.lmcache_driven_transfer)[0m
[32;20m[2026-09-29 17:05:52,544] LMCache INFO:[0m Prefetch request completed (L1+L2): 12/13 retained keys (12 L1, 0 L2) in 2477.9 ms (external_request_id=chatcmpl-b1e612631fae3e0e-a753e46d, prefetch_request_id=-1) [3m(storage_manager.py:726:lmcache.v1.distributed.storage_manager)[0m
[32;20m[2026-09-29 17:05:52,544] LMCache INFO:[0m Prefetch request completed (L1+L2): 10/11 retained keys (10 L1, 0 L2) in 2477.4 ms (external_request_id=chatcmpl-af5fc9b35fee047b-8151fd49, prefetch_request_id=-1) [3m(storage_manager.py:726:lmcache.v1.distributed.storage_manager)[0m
[32;20m[2026-09-29 17:05:52,544] LMCache INFO:[0m Prefetch request completed (L1+L2): 11/13 retained keys (11 L1, 0 L2) in 2477.2 ms (external_request_id=chatcmpl-b1050af8a2c5a59e-92eef383, prefetch_request_id=-1) [3m(storage_manager.py:726:lmcache.v1.distributed.storage_manager)[0m
[32;20m[2026-09-29 17:05:52,592] LMCache INFO:[0m Stored 256 tokens in 0.001 seconds [3m(lmcache_driven_transfer.py:1276:lmcache.v1.multiprocess.modules.lmcache_driven_transfer)[0m
[32;20m[2026-09-29 17:05:52,683] LMCache INFO:[0m Stored 256 tokens in 0.001 seconds [3m(lmcache_driven_transfer.py:1276:lmcache.v1.multiprocess.modules.lmcache_driven_transfer)[0m
[32;20m[2026-09-29 17:05:52,775] LMCache INFO:[0m Stored 512 tokens in 0.002 seconds [3m(lmcache_driven_transfer.py:1276:lmcache.v1.multiprocess.modules.lmcache_driven_transfer)[0m
[32;20m[2026-09-29 17:05:52,989] LMCache INFO:[0m Prefetch request completed (L1+L2): 10/12 retained keys (10 L1, 0 L2) in 443.8 ms (external_request_id=chatcmpl-891830723f9ecc99-9251841e, prefetch_request_id=-1) [3m(storage_manager.py:726:lmcache.v1.distributed.storage_manager)[0m
[32;20m[2026-09-29 17:05:52,989] LMCache INFO:[0m Prefetch request completed (L1+L2): 10/11 retained keys (10 L1, 0 L2) in 443.2 ms (external_request_id=chatcmpl-8a9e4e12a42ad1ee-bd375be2, prefetch_request_id=-1) [3m(storage_manager.py:726:lmcache.v1.distributed.storage_manager)[0m
[32;20m[2026-09-29 17:05:52,989] LMCache INFO:[0m Prefetch request completed (L1+L2): 10/13 retained keys (10 L1, 0 L2) in 443.3 ms (external_request_id=chatcmpl-bdd906d39eb28ca6-b329dbe3, prefetch_request_id=-1) [3m(storage_manager.py:726:lmcache.v1.distributed.storage_manager)[0m
[32;20m[2026-09-29 17:05:52,989] LMCache INFO:[0m Prefetch request completed (L1+L2): 9/12 retained keys (9 L1, 0 L2) in 442.6 ms (external_request_id=chatcmpl-80703b38b3f25fb7-ac524d14, prefetch_request_id=-1) [3m(storage_manager.py:726:lmcache.v1.distributed.storage_manager)[0m
[32;20m[2026-09-29 17:05:52,989] LMCache INFO:[0m Prefetch request completed (L1+L2): 9/12 retained keys (9 L1, 0 L2) in 442.6 ms (external_request_id=chatcmpl-8de8f4a3ebe89803-95e8e6f9, prefetch_request_id=-1) [3m(storage_manager.py:726:lmcache.v1.distributed.storage_manager)[0m
[32;20m[2026-09-29 17:05:52,989] LMCache INFO:[0m Prefetch request completed (L1+L2): 9/10 retained keys (9 L1, 0 L2) in 442.5 ms (external_request_id=chatcmpl-89cad56b99ef4815-8ef4302c, prefetch_request_id=-1) [3m(storage_manager.py:726:lmcache.v1.distributed.storage_manager)[0m
[32;20m[2026-09-29 17:05:52,990] LMCache INFO:[0m Prefetch request completed (L1+L2): 10/13 retained keys (10 L1, 0 L2) in 442.3 ms (external_request_id=chatcmpl-a38789074d4a26df-9c69b1c6, prefetch_request_id=-1) [3m(storage_manager.py:726:lmcache.v1.distributed.storage_manager)[0m
[32;20m[2026-09-29 17:05:52,990] LMCache INFO:[0m Prefetch request completed (L1+L2): 9/10 retained keys (9 L1, 0 L2) in 442.0 ms (external_request_id=chatcmpl-979a6be62574948a-964f2cef, prefetch_request_id=-1) [3m(storage_manager.py:726:lmcache.v1.distributed.storage_manager)[0m
[32;20m[2026-09-29 17:05:52,990] LMCache INFO:[0m Prefetch request completed (L1+L2): 9/10 retained keys (9 L1, 0 L2) in 441.8 ms (external_request_id=chatcmpl-b2bc683991a3d019-b01cd632, prefetch_request_id=-1) [3m(storage_manager.py:726:lmcache.v1.distributed.storage_manager)[0m
[32;20m[2026-09-29 17:05:52,990] LMCache INFO:[0m Prefetch request completed (L1+L2): 9/9 retained keys (9 L1, 0 L2) in 441.6 ms (external_request_id=chatcmpl-8f29f37498217bfd-b5413398, prefetch_request_id=-1) [3m(storage_manager.py:726:lmcache.v1.distributed.storage_manager)[0m
[32;20m[2026-09-29 17:05:52,990] LMCache INFO:[0m Prefetch request completed (L1+L2): 9/11 retained keys (9 L1, 0 L2) in 441.4 ms (external_request_id=chatcmpl-9d265c7f332fb075-8c02105a, prefetch_request_id=-1) [3m(storage_manager.py:726:lmcache.v1.distributed.storage_manager)[0m
[32;20m[2026-09-29 17:05:52,991] LMCache INFO:[0m Prefetch request completed (L1+L2): 9/11 retained keys (9 L1, 0 L2) in 441.2 ms (external_request_id=chatcmpl-acd1de5702dad27c-aef117e2, prefetch_request_id=-1) [3m(storage_manager.py:726:lmcache.v1.distributed.storage_manager)[0m
[32;20m[2026-09-29 17:05:52,991] LMCache INFO:[0m Prefetch request completed (L1+L2): 10/11 retained keys (10 L1, 0 L2) in 440.8 ms (external_request_id=chatcmpl-b57a35743e5df2ca-8489e974, prefetch_request_id=-1) [3m(storage_manager.py:726:lmcache.v1.distributed.storage_manager)[0m
[32;20m[2026-09-29 17:05:52,991] LMCache INFO:[0m Prefetch request completed (L1+L2): 9/11 retained keys (9 L1, 0 L2) in 440.8 ms (external_request_id=chatcmpl-bdce339b579591a2-b74737d5, prefetch_request_id=-1) [3m(storage_manager.py:726:lmcache.v1.distributed.storage_manager)[0m
[32;20m[2026-09-29 17:05:52,991] LMCache INFO:[0m Prefetch request completed (L1+L2): 12/13 retained keys (12 L1, 0 L2) in 440.4 ms (external_request_id=chatcmpl-840d29be0be14126-aa47988f, prefetch_request_id=-1) [3m(storage_manager.py:726:lmcache.v1.distributed.storage_manager)[0m
[32;20m[2026-09-29 17:05:52,991] LMCache INFO:[0m Prefetch request completed (L1+L2): 9/10 retained keys (9 L1, 0 L2) in 440.2 ms (external_request_id=chatcmpl-89ad643229013ab3-bd7a8e4b, prefetch_request_id=-1) [3m(storage_manager.py:726:lmcache.v1.distributed.storage_manager)[0m
[32;20m[2026-09-29 17:05:52,991] LMCache INFO:[0m Prefetch request completed (L1+L2): 10/11 retained keys (10 L1, 0 L2) in 440.0 ms (external_request_id=chatcmpl-affc5256b69a262d-8dddf1d0, prefetch_request_id=-1) [3m(storage_manager.py:726:lmcache.v1.distributed.storage_manager)[0m
[32;20m[2026-09-29 17:05:52,991] LMCache INFO:[0m Prefetch request completed (L1+L2): 12/13 retained keys (12 L1, 0 L2) in 439.7 ms (external_request_id=chatcmpl-91b8a36ce4ca2312-86bedf73, prefetch_request_id=-1) [3m(storage_manager.py:726:lmcache.v1.distributed.storage_manager)[0m
[32;20m[2026-09-29 17:05:52,992] LMCache INFO:[0m Prefetch request completed (L1+L2): 10/12 retained keys (10 L1, 0 L2) in 439.1 ms (external_request_id=chatcmpl-a1505c947eddbb51-bb4a0e16, prefetch_request_id=-1) [3m(storage_manager.py:726:lmcache.v1.distributed.storage_manager)[0m
[32;20m[2026-09-29 17:05:52,992] LMCache INFO:[0m Prefetch request completed (L1+L2): 11/11 retained keys (11 L1, 0 L2) in 439.0 ms (external_request_id=chatcmpl-9378ce1de3326314-b052b44c, prefetch_request_id=-1) [3m(storage_manager.py:726:lmcache.v1.distributed.storage_manager)[0m
[32;20m[2026-09-29 17:05:52,992] LMCache INFO:[0m Prefetch request completed (L1+L2): 10/10 retained keys (10 L1, 0 L2) in 439.2 ms (external_request_id=chatcmpl-bd46f6dfe61be872-9b7d8541, prefetch_request_id=-1) [3m(storage_manager.py:726:lmcache.v1.distributed.storage_manager)[0m
[32;20m[2026-09-29 17:05:53,036] LMCache INFO:[0m Stored 512 tokens in 0.001 seconds [3m(lmcache_driven_transfer.py:1276:lmcache.v1.multiprocess.modules.lmcache_driven_transfer)[0m
[32;20m[2026-09-29 17:05:53,123] LMCache INFO:[0m Stored 256 tokens in 0.001 seconds [3m(lmcache_driven_transfer.py:1276:lmcache.v1.multiprocess.modules.lmcache_driven_transfer)[0m
[32;20m[2026-09-29 17:05:53,176] LMCache INFO:[0m Stored 768 tokens in 0.002 seconds [3m(lmcache_driven_transfer.py:1276:lmcache.v1.multiprocess.modules.lmcache_driven_transfer)[0m
[32;20m[2026-09-29 17:05:53,208] LMCache INFO:[0m Stored 768 tokens in 0.001 seconds [3m(lmcache_driven_transfer.py:1276:lmcache.v1.multiprocess.modules.lmcache_driven_transfer)[0m
[32;20m[2026-09-29 17:05:53,512] LMCache INFO:[0m Stored 768 tokens in 0.002 seconds [3m(lmcache_driven_transfer.py:1276:lmcache.v1.multiprocess.modules.lmcache_driven_transfer)[0m
[32;20m[2026-09-29 17:05:53,555] LMCache INFO:[0m Stored 256 tokens in 0.001 seconds [3m(lmcache_driven_transfer.py:1276:lmcache.v1.multiprocess.modules.lmcache_driven_transfer)[0m
[32;20m[2026-09-29 17:05:53,900] LMCache INFO:[0m Stored 768 tokens in 0.002 seconds [3m(lmcache_driven_transfer.py:1276:lmcache.v1.multiprocess.modules.lmcache_driven_transfer)[0m
[32;20m[2026-09-29 17:05:54,101] LMCache INFO:[0m Stored 256 tokens in 0.001 seconds [3m(lmcache_driven_transfer.py:1276:lmcache.v1.multiprocess.modules.lmcache_driven_transfer)[0m
[32;20m[2026-09-29 17:05:54,165] LMCache INFO:[0m Stored 256 tokens in 0.001 seconds [3m(lmcache_driven_transfer.py:1276:lmcache.v1.multiprocess.modules.lmcache_driven_transfer)[0m
[32;20m[2026-09-29 17:05:54,267] LMCache INFO:[0m Stored 512 tokens in 0.001 seconds [3m(lmcache_driven_transfer.py:1276:lmcache.v1.multiprocess.modules.lmcache_driven_transfer)[0m
[32;20m[2026-09-29 17:05:54,268] LMCache INFO:[0m Stored 256 tokens in 0.001 seconds [3m(lmcache_driven_transfer.py:1276:lmcache.v1.multiprocess.modules.lmcache_driven_transfer)[0m
[32;20m[2026-09-29 17:05:54,374] LMCache INFO:[0m Stored 512 tokens in 0.001 seconds [3m(lmcache_driven_transfer.py:1276:lmcache.v1.multiprocess.modules.lmcache_driven_transfer)[0m
[32;20m[2026-09-29 17:05:54,602] LMCache INFO:[0m Stored 256 tokens in 0.002 seconds [3m(lmcache_driven_transfer.py:1276:lmcache.v1.multiprocess.modules.lmcache_driven_transfer)[0m
[32;20m[2026-09-29 17:05:54,669] LMCache INFO:[0m Stored 512 tokens in 0.003 seconds [3m(lmcache_driven_transfer.py:1276:lmcache.v1.multiprocess.modules.lmcache_driven_transfer)[0m
[32;20m[2026-09-29 17:05:54,894] LMCache INFO:[0m Stored 256 tokens in 0.001 seconds [3m(lmcache_driven_transfer.py:1276:lmcache.v1.multiprocess.modules.lmcache_driven_transfer)[0m
[32;20m[2026-09-29 17:05:54,895] LMCache INFO:[0m Stored 256 tokens in 0.001 seconds [3m(lmcache_driven_transfer.py:1276:lmcache.v1.multiprocess.modules.lmcache_driven_transfer)[0m
[32;20m[2026-09-29 17:05:55,211] LMCache INFO:[0m Stored 256 tokens in 0.003 seconds [3m(lmcache_driven_transfer.py:1276:lmcache.v1.multiprocess.modules.lmcache_driven_transfer)[0m
[32;20m[2026-09-29 17:05:55,243] LMCache INFO:[0m Stored 256 tokens in 0.002 seconds [3m(lmcache_driven_transfer.py:1276:lmcache.v1.multiprocess.modules.lmcache_driven_transfer)[0m
[32;20m[2026-09-29 17:05:55,279] LMCache INFO:[0m Stored 512 tokens in 0.001 seconds [3m(lmcache_driven_transfer.py:1276:lmcache.v1.multiprocess.modules.lmcache_driven_transfer)[0m
[32;20m[2026-09-29 17:05:55,891] LMCache INFO:[0m Prefetch request completed (L1+L2): 10/13 retained keys (10 L1, 0 L2) in 2898.4 ms (external_request_id=chatcmpl-b0874bf55276f41e-9868507c, prefetch_request_id=-1) [3m(storage_manager.py:726:lmcache.v1.distributed.storage_manager)[0m
[32;20m[2026-09-29 17:05:55,891] LMCache INFO:[0m Prefetch request completed (L1+L2): 10/12 retained keys (10 L1, 0 L2) in 2898.1 ms (external_request_id=chatcmpl-ad8b5b709b83b2bf-9bda0d21, prefetch_request_id=-1) [3m(storage_manager.py:726:lmcache.v1.distributed.storage_manager)[0m
[32;20m[2026-09-29 17:05:55,891] LMCache INFO:[0m Prefetch request completed (L1+L2): 9/11 retained keys (9 L1, 0 L2) in 2897.9 ms (external_request_id=chatcmpl-ba12632e882556b7-9ced0241, prefetch_request_id=-1) [3m(storage_manager.py:726:lmcache.v1.distributed.storage_manager)[0m
[32;20m[2026-09-29 17:05:55,942] LMCache INFO:[0m Stored 768 tokens in 0.002 seconds [3m(lmcache_driven_transfer.py:1276:lmcache.v1.multiprocess.modules.lmcache_driven_transfer)[0m
[32;20m[2026-09-29 17:05:55,944] LMCache INFO:[0m Stored 512 tokens in 0.001 seconds [3m(lmcache_driven_transfer.py:1276:lmcache.v1.multiprocess.modules.lmcache_driven_transfer)[0m
[32;20m[2026-09-29 17:05:56,033] LMCache INFO:[0m L1 memory usage 0.81 above watermark 0.80; triggering eviction. [3m(eviction_controller.py:179:lmcache.v1.distributed.storage_controllers.eviction_controller)[0m
[32;20m[2026-09-29 17:05:56,112] LMCache INFO:[0m Stored 512 tokens in 0.002 seconds [3m(lmcache_driven_transfer.py:1276:lmcache.v1.multiprocess.modules.lmcache_driven_transfer)[0m
[32;20m[2026-09-29 17:05:56,114] LMCache INFO:[0m Prefetch request completed (L1+L2): 9/11 retained keys (9 L1, 0 L2) in 222.5 ms (external_request_id=chatcmpl-a350bc75835c2d8f-96670768, prefetch_request_id=-1) [3m(storage_manager.py:726:lmcache.v1.distributed.storage_manager)[0m
[32;20m[2026-09-29 17:05:56,115] LMCache INFO:[0m Prefetch request completed (L1+L2): 9/11 retained keys (9 L1, 0 L2) in 222.3 ms (external_request_id=chatcmpl-85f6e9568d47a8d0-958949ab, prefetch_request_id=-1) [3m(storage_manager.py:726:lmcache.v1.distributed.storage_manager)[0m
[32;20m[2026-09-29 17:05:56,115] LMCache INFO:[0m Prefetch request completed (L1+L2): 10/11 retained keys (10 L1, 0 L2) in 222.0 ms (external_request_id=chatcmpl-b9e58c52301d9b25-ab1c0c89, prefetch_request_id=-1) [3m(storage_manager.py:726:lmcache.v1.distributed.storage_manager)[0m
[32;20m[2026-09-29 17:05:56,115] LMCache INFO:[0m Prefetch request completed (L1+L2): 9/10 retained keys (9 L1, 0 L2) in 222.0 ms (external_request_id=chatcmpl-9ebe52dff4e4becb-92f29184, prefetch_request_id=-1) [3m(storage_manager.py:726:lmcache.v1.distributed.storage_manager)[0m
[32;20m[2026-09-29 17:05:56,115] LMCache INFO:[0m Prefetch request completed (L1+L2): 9/11 retained keys (9 L1, 0 L2) in 221.6 ms (external_request_id=chatcmpl-aa7cb5da7debee12-9cd2a17a, prefetch_request_id=-1) [3m(storage_manager.py:726:lmcache.v1.distributed.storage_manager)[0m
[32;20m[2026-09-29 17:05:56,115] LMCache INFO:[0m Prefetch request completed (L1+L2): 9/10 retained keys (9 L1, 0 L2) in 221.1 ms (external_request_id=chatcmpl-93ef4183a0442a04-974771fb, prefetch_request_id=-1) [3m(storage_manager.py:726:lmcache.v1.distributed.storage_manager)[0m
[32;20m[2026-09-29 17:05:56,115] LMCache INFO:[0m Prefetch request completed (L1+L2): 9/13 retained keys (9 L1, 0 L2) in 221.0 ms (external_request_id=chatcmpl-af28bcf218ec4acb-a892f6ee, prefetch_request_id=-1) [3m(storage_manager.py:726:lmcache.v1.distributed.storage_manager)[0m
[32;20m[2026-09-29 17:05:56,116] LMCache INFO:[0m Prefetch request completed (L1+L2): 9/11 retained keys (9 L1, 0 L2) in 220.7 ms (external_request_id=chatcmpl-9859be3c951aa3b1-9c128374, prefetch_request_id=-1) [3m(storage_manager.py:726:lmcache.v1.distributed.storage_manager)[0m
[32;20m[2026-09-29 17:05:56,116] LMCache INFO:[0m Prefetch request completed (L1+L2): 10/13 retained keys (10 L1, 0 L2) in 220.7 ms (external_request_id=chatcmpl-b2cd3f421db8249e-be1068b0, prefetch_request_id=-1) [3m(storage_manager.py:726:lmcache.v1.distributed.storage_manager)[0m
[32;20m[2026-09-29 17:05:56,116] LMCache INFO:[0m Prefetch request completed (L1+L2): 9/9 retained keys (9 L1, 0 L2) in 220.2 ms (external_request_id=chatcmpl-b09d1581338437f3-95ff8a4d, prefetch_request_id=-1) [3m(storage_manager.py:726:lmcache.v1.distributed.storage_manager)[0m
[32;20m[2026-09-29 17:05:56,116] LMCache INFO:[0m Prefetch request completed (L1+L2): 12/13 retained keys (12 L1, 0 L2) in 220.2 ms (external_request_id=chatcmpl-a01c923e856b2308-9bfd066a, prefetch_request_id=-1) [3m(storage_manager.py:726:lmcache.v1.distributed.storage_manager)[0m
[32;20m[2026-09-29 17:05:56,116] LMCache INFO:[0m Prefetch request completed (L1+L2): 9/12 retained keys (9 L1, 0 L2) in 219.9 ms (external_request_id=chatcmpl-bab6e8c4149e2cc9-9dd90167, prefetch_request_id=-1) [3m(storage_manager.py:726:lmcache.v1.distributed.storage_manager)[0m
[32;20m[2026-09-29 17:05:56,117] LMCache INFO:[0m Prefetch request completed (L1+L2): 10/12 retained keys (10 L1, 0 L2) in 219.7 ms (external_request_id=chatcmpl-bcb30f0d88732986-ac28191a, prefetch_request_id=-1) [3m(storage_manager.py:726:lmcache.v1.distributed.storage_manager)[0m
[32;20m[2026-09-29 17:05:56,117] LMCache INFO:[0m Prefetch request completed (L1+L2): 12/13 retained keys (12 L1, 0 L2) in 219.4 ms (external_request_id=chatcmpl-82da6ef13fdf7964-81c98758, prefetch_request_id=-1) [3m(storage_manager.py:726:lmcache.v1.distributed.storage_manager)[0m
[32;20m[2026-09-29 17:05:56,117] LMCache INFO:[0m Prefetch request completed (L1+L2): 10/11 retained keys (10 L1, 0 L2) in 218.8 ms (external_request_id=chatcmpl-b45877470de724bb-ba1a1662, prefetch_request_id=-1) [3m(storage_manager.py:726:lmcache.v1.distributed.storage_manager)[0m
[32;20m[2026-09-29 17:05:56,117] LMCache INFO:[0m Prefetch request completed (L1+L2): 11/12 retained keys (11 L1, 0 L2) in 218.8 ms (external_request_id=chatcmpl-81e481f5916b803d-a036e8a0, prefetch_request_id=-1) [3m(storage_manager.py:726:lmcache.v1.distributed.storage_manager)[0m
[32;20m[2026-09-29 17:05:56,117] LMCache INFO:[0m Prefetch request completed (L1+L2): 10/12 retained keys (10 L1, 0 L2) in 218.7 ms (external_request_id=chatcmpl-a0c942a3bc953aa7-96c4a3b6, prefetch_request_id=-1) [3m(storage_manager.py:726:lmcache.v1.distributed.storage_manager)[0m
[32;20m[2026-09-29 17:05:56,118] LMCache INFO:[0m Prefetch request completed (L1+L2): 10/12 retained keys (10 L1, 0 L2) in 218.3 ms (external_request_id=chatcmpl-90a0fd9dbd16ef7a-961f5e1a, prefetch_request_id=-1) [3m(storage_manager.py:726:lmcache.v1.distributed.storage_manager)[0m
[32;20m[2026-09-29 17:05:56,118] LMCache INFO:[0m Prefetch request completed (L1+L2): 10/11 retained keys (10 L1, 0 L2) in 218.3 ms (external_request_id=chatcmpl-aaa39aa57df6e059-ad244d2c, prefetch_request_id=-1) [3m(storage_manager.py:726:lmcache.v1.distributed.storage_manager)[0m
[32;20m[2026-09-29 17:05:56,118] LMCache INFO:[0m Prefetch request completed (L1+L2): 9/11 retained keys (9 L1, 0 L2) in 218.0 ms (external_request_id=chatcmpl-a10a6360f16b9954-994c409a, prefetch_request_id=-1) [3m(storage_manager.py:726:lmcache.v1.distributed.storage_manager)[0m
[32;20m[2026-09-29 17:05:56,118] LMCache INFO:[0m Prefetch request completed (L1+L2): 9/12 retained keys (9 L1, 0 L2) in 217.8 ms (external_request_id=chatcmpl-ba0a110c5a747d04-b58fdbb2, prefetch_request_id=-1) [3m(storage_manager.py:726:lmcache.v1.distributed.storage_manager)[0m
[32;20m[2026-09-29 17:05:56,173] LMCache INFO:[0m Stored 512 tokens in 0.002 seconds [3m(lmcache_driven_transfer.py:1276:lmcache.v1.multiprocess.modules.lmcache_driven_transfer)[0m
[32;20m[2026-09-29 17:05:56,209] LMCache INFO:[0m Stored 512 tokens in 0.001 seconds [3m(lmcache_driven_transfer.py:1276:lmcache.v1.multiprocess.modules.lmcache_driven_transfer)[0m
[32;20m[2026-09-29 17:05:56,411] LMCache INFO:[0m Stored 256 tokens in 0.002 seconds [3m(lmcache_driven_transfer.py:1276:lmcache.v1.multiprocess.modules.lmcache_driven_transfer)[0m
[32;20m[2026-09-29 17:05:56,498] LMCache INFO:[0m Stored 256 tokens in 0.002 seconds [3m(lmcache_driven_transfer.py:1276:lmcache.v1.multiprocess.modules.lmcache_driven_transfer)[0m
[32;20m[2026-09-29 17:05:56,648] LMCache INFO:[0m Stored 512 tokens in 0.001 seconds [3m(lmcache_driven_transfer.py:1276:lmcache.v1.multiprocess.modules.lmcache_driven_transfer)[0m
[32;20m[2026-09-29 17:05:56,740] LMCache INFO:[0m Stored 256 tokens in 0.001 seconds [3m(lmcache_driven_transfer.py:1276:lmcache.v1.multiprocess.modules.lmcache_driven_transfer)[0m
[32;20m[2026-09-29 17:05:56,861] LMCache INFO:[0m Stored 1024 tokens in 0.002 seconds [3m(lmcache_driven_transfer.py:1276:lmcache.v1.multiprocess.modules.lmcache_driven_transfer)[0m
[32;20m[2026-09-29 17:05:56,934] LMCache INFO:[0m Stored 256 tokens in 0.001 seconds [3m(lmcache_driven_transfer.py:1276:lmcache.v1.multiprocess.modules.lmcache_driven_transfer)[0m
[32;20m[2026-09-29 17:05:56,987] LMCache INFO:[0m Stored 512 tokens in 0.001 seconds [3m(lmcache_driven_transfer.py:1276:lmcache.v1.multiprocess.modules.lmcache_driven_transfer)[0m
[32;20m[2026-09-29 17:05:57,043] LMCache INFO:[0m Stored 256 tokens in 0.001 seconds [3m(lmcache_driven_transfer.py:1276:lmcache.v1.multiprocess.modules.lmcache_driven_transfer)[0m
[32;20m[2026-09-29 17:05:57,233] LMCache INFO:[0m Stored 768 tokens in 0.001 seconds [3m(lmcache_driven_transfer.py:1276:lmcache.v1.multiprocess.modules.lmcache_driven_transfer)[0m
[32;20m[2026-09-29 17:05:57,372] LMCache INFO:[0m Stored 256 tokens in 0.001 seconds [3m(lmcache_driven_transfer.py:1276:lmcache.v1.multiprocess.modules.lmcache_driven_transfer)[0m
[32;20m[2026-09-29 17:05:57,472] LMCache INFO:[0m Stored 768 tokens in 0.002 seconds [3m(lmcache_driven_transfer.py:1276:lmcache.v1.multiprocess.modules.lmcache_driven_transfer)[0m
[32;20m[2026-09-29 17:05:57,516] LMCache INFO:[0m Stored 512 tokens in 0.001 seconds [3m(lmcache_driven_transfer.py:1276:lmcache.v1.multiprocess.modules.lmcache_driven_transfer)[0m
[32;20m[2026-09-29 17:05:57,589] LMCache INFO:[0m Stored 256 tokens in 0.001 seconds [3m(lmcache_driven_transfer.py:1276:lmcache.v1.multiprocess.modules.lmcache_driven_transfer)[0m
[32;20m[2026-09-29 17:05:57,644] LMCache INFO:[0m Stored 256 tokens in 0.001 seconds [3m(lmcache_driven_transfer.py:1276:lmcache.v1.multiprocess.modules.lmcache_driven_transfer)[0m
[32;20m[2026-09-29 17:05:57,796] LMCache INFO:[0m Stored 256 tokens in 0.001 seconds [3m(lmcache_driven_transfer.py:1276:lmcache.v1.multiprocess.modules.lmcache_driven_transfer)[0m
[32;20m[2026-09-29 17:05:58,046] LMCache INFO:[0m Stored 512 tokens in 0.001 seconds [3m(lmcache_driven_transfer.py:1276:lmcache.v1.multiprocess.modules.lmcache_driven_transfer)[0m
[32;20m[2026-09-29 17:05:58,193] LMCache INFO:[0m Stored 512 tokens in 0.001 seconds [3m(lmcache_driven_transfer.py:1276:lmcache.v1.multiprocess.modules.lmcache_driven_transfer)[0m
[32;20m[2026-09-29 17:05:58,195] LMCache INFO:[0m Stored 256 tokens in 0.001 seconds [3m(lmcache_driven_transfer.py:1276:lmcache.v1.multiprocess.modules.lmcache_driven_transfer)[0m
[32;20m[2026-09-29 17:05:58,196] LMCache INFO:[0m Stored 256 tokens in 0.001 seconds [3m(lmcache_driven_transfer.py:1276:lmcache.v1.multiprocess.modules.lmcache_driven_transfer)[0m
[32;20m[2026-09-29 17:05:58,357] LMCache INFO:[0m Stored 512 tokens in 0.002 seconds [3m(lmcache_driven_transfer.py:1276:lmcache.v1.multiprocess.modules.lmcache_driven_transfer)[0m
[32;20m[2026-09-29 17:05:58,389] LMCache INFO:[0m Stored 768 tokens in 0.001 seconds [3m(lmcache_driven_transfer.py:1276:lmcache.v1.multiprocess.modules.lmcache_driven_transfer)[0m
[32;20m[2026-09-29 17:05:58,506] LMCache INFO:[0m Prefetch request completed (L1+L2): 9/11 retained keys (9 L1, 0 L2) in 2386.8 ms (external_request_id=chatcmpl-a8bc89cb66565e45-8e764168, prefetch_request_id=-1) [3m(storage_manager.py:726:lmcache.v1.distributed.storage_manager)[0m
[32;20m[2026-09-29 17:05:58,506] LMCache INFO:[0m Prefetch request completed (L1+L2): 10/11 retained keys (10 L1, 0 L2) in 2386.7 ms (external_request_id=chatcmpl-8c5ec4e90ccd5162-9cf512ea, prefetch_request_id=-1) [3m(storage_manager.py:726:lmcache.v1.distributed.storage_manager)[0m
[32;20m[2026-09-29 17:05:58,506] LMCache INFO:[0m Prefetch request completed (L1+L2): 9/11 retained keys (9 L1, 0 L2) in 2386.1 ms (external_request_id=chatcmpl-94d4ec2a690c2b16-8df43803, prefetch_request_id=-1) [3m(storage_manager.py:726:lmcache.v1.distributed.storage_manager)[0m
[32;20m[2026-09-29 17:05:58,555] LMCache INFO:[0m Stored 512 tokens in 0.002 seconds [3m(lmcache_driven_transfer.py:1276:lmcache.v1.multiprocess.modules.lmcache_driven_transfer)[0m
[32;20m[2026-09-29 17:05:58,557] LMCache INFO:[0m Stored 256 tokens in 0.002 seconds [3m(lmcache_driven_transfer.py:1276:lmcache.v1.multiprocess.modules.lmcache_driven_transfer)[0m
[32;20m[2026-09-29 17:05:58,598] LMCache INFO:[0m Stored 512 tokens in 0.001 seconds [3m(lmcache_driven_transfer.py:1276:lmcache.v1.multiprocess.modules.lmcache_driven_transfer)[0m
[32;20m[2026-09-29 17:05:58,834] LMCache INFO:[0m Prefetch request completed (L1+L2): 9/10 retained keys (9 L1, 0 L2) in 326.9 ms (external_request_id=chatcmpl-b0e8210c5118a53a-b74d822b, prefetch_request_id=-1) [3m(storage_manager.py:726:lmcache.v1.distributed.storage_manager)[0m
[32;20m[2026-09-29 17:05:58,834] LMCache INFO:[0m Prefetch request completed (L1+L2): 9/10 retained keys (9 L1, 0 L2) in 326.9 ms (external_request_id=chatcmpl-9d3883173b39f4a0-bd48f7ac, prefetch_request_id=-1) [3m(storage_manager.py:726:lmcache.v1.distributed.storage_manager)[0m
[32;20m[2026-09-29 17:05:58,835] LMCache INFO:[0m Prefetch request completed (L1+L2): 9/10 retained keys (9 L1, 0 L2) in 326.8 ms (external_request_id=chatcmpl-a9f1cd9811ad6341-a82a665d, prefetch_request_id=-1) [3m(storage_manager.py:726:lmcache.v1.distributed.storage_manager)[0m
[32;20m[2026-09-29 17:05:58,835] LMCache INFO:[0m Prefetch request completed (L1+L2): 9/11 retained keys (9 L1, 0 L2) in 326.3 ms (external_request_id=chatcmpl-a593664fbdfd36b4-a72258f3, prefetch_request_id=-1) [3m(storage_manager.py:726:lmcache.v1.distributed.storage_manager)[0m
[32;20m[2026-09-29 17:05:58,835] LMCache INFO:[0m Prefetch request completed (L1+L2): 10/11 retained keys (10 L1, 0 L2) in 325.8 ms (external_request_id=chatcmpl-8b8ca6d2776dcd11-b6cdda5f, prefetch_request_id=-1) [3m(storage_manager.py:726:lmcache.v1.distributed.storage_manager)[0m
[32;20m[2026-09-29 17:05:58,835] LMCache INFO:[0m Prefetch request completed (L1+L2): 9/9 retained keys (9 L1, 0 L2) in 325.7 ms (external_request_id=chatcmpl-82cf452eb0ece911-a9b6ccc4, prefetch_request_id=-1) [3m(storage_manager.py:726:lmcache.v1.distributed.storage_manager)[0m
[32;20m[2026-09-29 17:05:58,835] LMCache INFO:[0m Prefetch request completed (L1+L2): 12/12 retained keys (12 L1, 0 L2) in 325.2 ms (external_request_id=chatcmpl-9b13e1eff8a0928c-ad7c709b, prefetch_request_id=-1) [3m(storage_manager.py:726:lmcache.v1.distributed.storage_manager)[0m
[32;20m[2026-09-29 17:05:58,835] LMCache INFO:[0m Prefetch request completed (L1+L2): 9/11 retained keys (9 L1, 0 L2) in 324.8 ms (external_request_id=chatcmpl-a05daa003cf6dca7-b99f0bc4, prefetch_request_id=-1) [3m(storage_manager.py:726:lmcache.v1.distributed.storage_manager)[0m
[32;20m[2026-09-29 17:05:58,835] LMCache INFO:[0m Prefetch request completed (L1+L2): 10/11 retained keys (10 L1, 0 L2) in 324.2 ms (external_request_id=chatcmpl-b7f7dd639f47e065-a44321e2, prefetch_request_id=-1) [3m(storage_manager.py:726:lmcache.v1.distributed.storage_manager)[0m
[32;20m[2026-09-29 17:05:58,835] LMCache INFO:[0m Prefetch request completed (L1+L2): 12/15 retained keys (12 L1, 0 L2) in 324.0 ms (external_request_id=chatcmpl-a8323c1bd06b3c21-9d8b77e2, prefetch_request_id=-1) [3m(storage_manager.py:726:lmcache.v1.distributed.storage_manager)[0m
[32;20m[2026-09-29 17:05:58,836] LMCache INFO:[0m Prefetch request completed (L1+L2): 10/11 retained keys (10 L1, 0 L2) in 324.3 ms (external_request_id=chatcmpl-bf129c2fd1d5bd25-aaad534a, prefetch_request_id=-1) [3m(storage_manager.py:726:lmcache.v1.distributed.storage_manager)[0m
[32;20m[2026-09-29 17:05:58,836] LMCache INFO:[0m Prefetch request completed (L1+L2): 11/12 retained keys (11 L1, 0 L2) in 324.0 ms (external_request_id=chatcmpl-a318267cb9adba8c-899d5bcd, prefetch_request_id=-1) [3m(storage_manager.py:726:lmcache.v1.distributed.storage_manager)[0m
[32;20m[2026-09-29 17:05:58,836] LMCache INFO:[0m Prefetch request completed (L1+L2): 10/11 retained keys (10 L1, 0 L2) in 323.6 ms (external_request_id=chatcmpl-b1783084b0377cf8-98667f10, prefetch_request_id=-1) [3m(storage_manager.py:726:lmcache.v1.distributed.storage_manager)[0m
[32;20m[2026-09-29 17:05:58,836] LMCache INFO:[0m Prefetch request completed (L1+L2): 10/12 retained keys (10 L1, 0 L2) in 323.4 ms (external_request_id=chatcmpl-9ba9be8f61a53950-a71417cc, prefetch_request_id=-1) [3m(storage_manager.py:726:lmcache.v1.distributed.storage_manager)[0m
[32;20m[2026-09-29 17:05:58,836] LMCache INFO:[0m Prefetch request completed (L1+L2): 10/11 retained keys (10 L1, 0 L2) in 323.0 ms (external_request_id=chatcmpl-bab0a8edcacda9b8-875895b0, prefetch_request_id=-1) [3m(storage_manager.py:726:lmcache.v1.distributed.storage_manager)[0m
[32;20m[2026-09-29 17:05:58,836] LMCache INFO:[0m Prefetch request completed (L1+L2): 9/12 retained keys (9 L1, 0 L2) in 322.8 ms (external_request_id=chatcmpl-8cabda2d3df3a17e-ae17918c, prefetch_request_id=-1) [3m(storage_manager.py:726:lmcache.v1.distributed.storage_manager)[0m
[32;20m[2026-09-29 17:05:58,837] LMCache INFO:[0m Prefetch request completed (L1+L2): 9/10 retained keys (9 L1, 0 L2) in 322.5 ms (external_request_id=chatcmpl-bde4d25da8ecfadb-abdecf52, prefetch_request_id=-1) [3m(storage_manager.py:726:lmcache.v1.distributed.storage_manager)[0m
[32;20m[2026-09-29 17:05:58,837] LMCache INFO:[0m Prefetch request completed (L1+L2): 9/9 retained keys (9 L1, 0 L2) in 322.4 ms (external_request_id=chatcmpl-a46df79cadfef7e8-9be8c0bf, prefetch_request_id=-1) [3m(storage_manager.py:726:lmcache.v1.distributed.storage_manager)[0m
[32;20m[2026-09-29 17:05:58,837] LMCache INFO:[0m Prefetch request completed (L1+L2): 10/13 retained keys (10 L1, 0 L2) in 321.8 ms (external_request_id=chatcmpl-af3c4cc2b001b964-a3379bda, prefetch_request_id=-1) [3m(storage_manager.py:726:lmcache.v1.distributed.storage_manager)[0m
[32;20m[2026-09-29 17:05:58,837] LMCache INFO:[0m Prefetch request completed (L1+L2): 9/11 retained keys (9 L1, 0 L2) in 321.8 ms (external_request_id=chatcmpl-abe241255185753e-9d1868fc, prefetch_request_id=-1) [3m(storage_manager.py:726:lmcache.v1.distributed.storage_manager)[0m
[32;20m[2026-09-29 17:05:58,837] LMCache INFO:[0m Prefetch request completed (L1+L2): 9/10 retained keys (9 L1, 0 L2) in 319.3 ms (external_request_id=chatcmpl-a5918c9c62bafaa7-9711e1b9, prefetch_request_id=-1) [3m(storage_manager.py:726:lmcache.v1.distributed.storage_manager)[0m
[32;20m[2026-09-29 17:05:58,884] LMCache INFO:[0m Stored 256 tokens in 0.001 seconds [3m(lmcache_driven_transfer.py:1276:lmcache.v1.multiprocess.modules.lmcache_driven_transfer)[0m
[32;20m[2026-09-29 17:05:58,885] LMCache INFO:[0m Stored 256 tokens in 0.001 seconds [3m(lmcache_driven_transfer.py:1276:lmcache.v1.multiprocess.modules.lmcache_driven_transfer)[0m
[32;20m[2026-09-29 17:05:59,086] LMCache INFO:[0m Stored 256 tokens in 0.002 seconds [3m(lmcache_driven_transfer.py:1276:lmcache.v1.multiprocess.modules.lmcache_driven_transfer)[0m
[32;20m[2026-09-29 17:05:59,117] LMCache INFO:[0m Stored 512 tokens in 0.002 seconds [3m(lmcache_driven_transfer.py:1276:lmcache.v1.multiprocess.modules.lmcache_driven_transfer)[0m
[32;20m[2026-09-29 17:05:59,152] LMCache INFO:[0m Stored 256 tokens in 0.001 seconds [3m(lmcache_driven_transfer.py:1276:lmcache.v1.multiprocess.modules.lmcache_driven_transfer)[0m
[32;20m[2026-09-29 17:05:59,510] LMCache INFO:[0m Stored 256 tokens in 0.001 seconds [3m(lmcache_driven_transfer.py:1276:lmcache.v1.multiprocess.modules.lmcache_driven_transfer)[0m
[32;20m[2026-09-29 17:05:59,600] LMCache INFO:[0m Stored 512 tokens in 0.001 seconds [3m(lmcache_driven_transfer.py:1276:lmcache.v1.multiprocess.modules.lmcache_driven_transfer)[0m
[32;20m[2026-09-29 17:05:59,747] LMCache INFO:[0m Stored 256 tokens in 0.001 seconds [3m(lmcache_driven_transfer.py:1276:lmcache.v1.multiprocess.modules.lmcache_driven_transfer)[0m
[32;20m[2026-09-29 17:05:59,838] LMCache INFO:[0m Stored 768 tokens in 0.001 seconds [3m(lmcache_driven_transfer.py:1276:lmcache.v1.multiprocess.modules.lmcache_driven_transfer)[0m
[32;20m[2026-09-29 17:05:59,920] LMCache INFO:[0m Stored 256 tokens in 0.001 seconds [3m(lmcache_driven_transfer.py:1276:lmcache.v1.multiprocess.modules.lmcache_driven_transfer)[0m
[32;20m[2026-09-29 17:06:00,010] LMCache INFO:[0m Stored 256 tokens in 0.002 seconds [3m(lmcache_driven_transfer.py:1276:lmcache.v1.multiprocess.modules.lmcache_driven_transfer)[0m
[32;20m[2026-09-29 17:06:00,042] LMCache INFO:[0m Stored 256 tokens in 0.001 seconds [3m(lmcache_driven_transfer.py:1276:lmcache.v1.multiprocess.modules.lmcache_driven_transfer)[0m
[32;20m[2026-09-29 17:06:00,236] LMCache INFO:[0m Stored 512 tokens in 0.001 seconds [3m(lmcache_driven_transfer.py:1276:lmcache.v1.multiprocess.modules.lmcache_driven_transfer)[0m
[32;20m[2026-09-29 17:06:00,299] LMCache INFO:[0m Stored 256 tokens in 0.001 seconds [3m(lmcache_driven_transfer.py:1276:lmcache.v1.multiprocess.modules.lmcache_driven_transfer)[0m
[32;20m[2026-09-29 17:06:00,430] LMCache INFO:[0m Stored 256 tokens in 0.001 seconds [3m(lmcache_driven_transfer.py:1276:lmcache.v1.multiprocess.modules.lmcache_driven_transfer)[0m
[32;20m[2026-09-29 17:06:00,552] LMCache INFO:[0m Stored 256 tokens in 0.001 seconds [3m(lmcache_driven_transfer.py:1276:lmcache.v1.multiprocess.modules.lmcache_driven_transfer)[0m
[32;20m[2026-09-29 17:06:00,643] LMCache INFO:[0m Stored 768 tokens in 0.001 seconds [3m(lmcache_driven_transfer.py:1276:lmcache.v1.multiprocess.modules.lmcache_driven_transfer)[0m
[32;20m[2026-09-29 17:06:00,791] LMCache INFO:[0m Stored 256 tokens in 0.001 seconds [3m(lmcache_driven_transfer.py:1276:lmcache.v1.multiprocess.modules.lmcache_driven_transfer)[0m
[32;20m[2026-09-29 17:06:00,930] LMCache INFO:[0m Stored 768 tokens in 0.001 seconds [3m(lmcache_driven_transfer.py:1276:lmcache.v1.multiprocess.modules.lmcache_driven_transfer)[0m
[32;20m[2026-09-29 17:06:01,075] LMCache INFO:[0m Stored 512 tokens in 0.002 seconds [3m(lmcache_driven_transfer.py:1276:lmcache.v1.multiprocess.modules.lmcache_driven_transfer)[0m
[32;20m[2026-09-29 17:06:01,076] LMCache INFO:[0m Stored 256 tokens in 0.001 seconds [3m(lmcache_driven_transfer.py:1276:lmcache.v1.multiprocess.modules.lmcache_driven_transfer)[0m
[32;20m[2026-09-29 17:06:01,079] LMCache INFO:[0m Prefetch request completed (L1+L2): 9/10 retained keys (9 L1, 0 L2) in 2241.0 ms (external_request_id=chatcmpl-80e54ea1827e2dfa-8e61af9e, prefetch_request_id=-1) [3m(storage_manager.py:726:lmcache.v1.distributed.storage_manager)[0m
[32;20m[2026-09-29 17:06:01,079] LMCache INFO:[0m Prefetch request completed (L1+L2): 9/11 retained keys (9 L1, 0 L2) in 2240.6 ms (external_request_id=chatcmpl-896be34f63dda042-8c270125, prefetch_request_id=-1) [3m(storage_manager.py:726:lmcache.v1.distributed.storage_manager)[0m
[32;20m[2026-09-29 17:06:01,079] LMCache INFO:[0m Prefetch request completed (L1+L2): 9/10 retained keys (9 L1, 0 L2) in 2240.5 ms (external_request_id=chatcmpl-951e4b868eb345ce-8b3e3cab, prefetch_request_id=-1) [3m(storage_manager.py:726:lmcache.v1.distributed.storage_manager)[0m
[32;20m[2026-09-29 17:06:01,181] LMCache INFO:[0m Stored 256 tokens in 0.002 seconds [3m(lmcache_driven_transfer.py:1276:lmcache.v1.multiprocess.modules.lmcache_driven_transfer)[0m
[32;20m[2026-09-29 17:06:01,182] LMCache INFO:[0m Stored 512 tokens in 0.001 seconds [3m(lmcache_driven_transfer.py:1276:lmcache.v1.multiprocess.modules.lmcache_driven_transfer)[0m
[32;20m[2026-09-29 17:06:01,402] LMCache INFO:[0m Stored 256 tokens in 0.002 seconds [3m(lmcache_driven_transfer.py:1276:lmcache.v1.multiprocess.modules.lmcache_driven_transfer)[0m
[32;20m[2026-09-29 17:06:01,404] LMCache INFO:[0m Prefetch request completed (L1+L2): 10/12 retained keys (10 L1, 0 L2) in 325.0 ms (external_request_id=chatcmpl-9e851d31615e158b-a8dfbd07, prefetch_request_id=-1) [3m(storage_manager.py:726:lmcache.v1.distributed.storage_manager)[0m
[32;20m[2026-09-29 17:06:01,405] LMCache INFO:[0m Prefetch request completed (L1+L2): 9/9 retained keys (9 L1, 0 L2) in 324.6 ms (external_request_id=chatcmpl-8124ffb39a603ce1-9958ba12, prefetch_request_id=-1) [3m(storage_manager.py:726:lmcache.v1.distributed.storage_manager)[0m
[32;20m[2026-09-29 17:06:01,405] LMCache INFO:[0m Prefetch request completed (L1+L2): 12/12 retained keys (12 L1, 0 L2) in 324.5 ms (external_request_id=chatcmpl-a285cb5c285e6dd2-b874bded, prefetch_request_id=-1) [3m(storage_manager.py:726:lmcache.v1.distributed.storage_manager)[0m
[32;20m[2026-09-29 17:06:01,405] LMCache INFO:[0m Prefetch request completed (L1+L2): 9/11 retained keys (9 L1, 0 L2) in 323.8 ms (external_request_id=chatcmpl-ab4f18157cf1a349-bf1cd4f3, prefetch_request_id=-1) [3m(storage_manager.py:726:lmcache.v1.distributed.storage_manager)[0m
[32;20m[2026-09-29 17:06:01,405] LMCache INFO:[0m Prefetch request completed (L1+L2): 10/10 retained keys (10 L1, 0 L2) in 323.7 ms (external_request_id=chatcmpl-a4c95ef382822702-9942d873, prefetch_request_id=-1) [3m(storage_manager.py:726:lmcache.v1.distributed.storage_manager)[0m
[32;20m[2026-09-29 17:06:01,405] LMCache INFO:[0m Prefetch request completed (L1+L2): 12/13 retained keys (12 L1, 0 L2) in 323.7 ms (external_request_id=chatcmpl-95383f7e2b6bfe7d-afaa05f1, prefetch_request_id=-1) [3m(storage_manager.py:726:lmcache.v1.distributed.storage_manager)[0m
[32;20m[2026-09-29 17:06:01,405] LMCache INFO:[0m Prefetch request completed (L1+L2): 10/12 retained keys (10 L1, 0 L2) in 323.4 ms (external_request_id=chatcmpl-97d960241a8e653d-b8b1b65a, prefetch_request_id=-1) [3m(storage_manager.py:726:lmcache.v1.distributed.storage_manager)[0m
[32;20m[2026-09-29 17:06:01,405] LMCache INFO:[0m Prefetch request completed (L1+L2): 11/12 retained keys (11 L1, 0 L2) in 323.2 ms (external_request_id=chatcmpl-972a2c3f84ec1eef-8d306d3c, prefetch_request_id=-1) [3m(storage_manager.py:726:lmcache.v1.distributed.storage_manager)[0m
[32;20m[2026-09-29 17:06:01,406] LMCache INFO:[0m Prefetch request completed (L1+L2): 10/12 retained keys (10 L1, 0 L2) in 322.8 ms (external_request_id=chatcmpl-a188a53a4f72bc54-9462c4d9, prefetch_request_id=-1) [3m(storage_manager.py:726:lmcache.v1.distributed.storage_manager)[0m
[32;20m[2026-09-29 17:06:01,406] LMCache INFO:[0m Prefetch request completed (L1+L2): 10/11 retained keys (10 L1, 0 L2) in 322.3 ms (external_request_id=chatcmpl-aea0c3453c7be594-bfd5db72, prefetch_request_id=-1) [3m(storage_manager.py:726:lmcache.v1.distributed.storage_manager)[0m
[32;20m[2026-09-29 17:06:01,406] LMCache INFO:[0m Prefetch request completed (L1+L2): 10/13 retained keys (10 L1, 0 L2) in 322.2 ms (external_request_id=chatcmpl-bde586e83add15bc-950fe6dc, prefetch_request_id=-1) [3m(storage_manager.py:726:lmcache.v1.distributed.storage_manager)[0m
[32;20m[2026-09-29 17:06:01,406] LMCache INFO:[0m Prefetch request completed (L1+L2): 9/11 retained keys (9 L1, 0 L2) in 322.0 ms (external_request_id=chatcmpl-801127970ab80fce-96b24e11, prefetch_request_id=-1) [3m(storage_manager.py:726:lmcache.v1.distributed.storage_manager)[0m
[32;20m[2026-09-29 17:06:01,406] LMCache INFO:[0m Prefetch request completed (L1+L2): 9/10 retained keys (9 L1, 0 L2) in 321.7 ms (external_request_id=chatcmpl-9b6f1e2911d83876-bf914a14, prefetch_request_id=-1) [3m(storage_manager.py:726:lmcache.v1.distributed.storage_manager)[0m
[32;20m[2026-09-29 17:06:01,406] LMCache INFO:[0m Prefetch request completed (L1+L2): 9/9 retained keys (9 L1, 0 L2) in 321.5 ms (external_request_id=chatcmpl-b8494707a90a74b0-8e4f08b9, prefetch_request_id=-1) [3m(storage_manager.py:726:lmcache.v1.distributed.storage_manager)[0m
[32;20m[2026-09-29 17:06:01,407] LMCache INFO:[0m Prefetch request completed (L1+L2): 10/12 retained keys (10 L1, 0 L2) in 321.3 ms (external_request_id=chatcmpl-9cd54ffd56ef9fbf-92c1d90e, prefetch_request_id=-1) [3m(storage_manager.py:726:lmcache.v1.distributed.storage_manager)[0m
[32;20m[2026-09-29 17:06:01,407] LMCache INFO:[0m Prefetch request completed (L1+L2): 9/11 retained keys (9 L1, 0 L2) in 321.1 ms (external_request_id=chatcmpl-a7134f3d3285ece6-b3f4e66a, prefetch_request_id=-1) [3m(storage_manager.py:726:lmcache.v1.distributed.storage_manager)[0m
[32;20m[2026-09-29 17:06:01,407] LMCache INFO:[0m Prefetch request completed (L1+L2): 9/11 retained keys (9 L1, 0 L2) in 320.9 ms (external_request_id=chatcmpl-bc1e4c0fd0b89146-b60723f9, prefetch_request_id=-1) [3m(storage_manager.py:726:lmcache.v1.distributed.storage_manager)[0m
[32;20m[2026-09-29 17:06:01,407] LMCache INFO:[0m Prefetch request completed (L1+L2): 9/9 retained keys (9 L1, 0 L2) in 320.6 ms (external_request_id=chatcmpl-80002a456a3db73a-bb3df3ee, prefetch_request_id=-1) [3m(storage_manager.py:726:lmcache.v1.distributed.storage_manager)[0m
[32;20m[2026-09-29 17:06:01,407] LMCache INFO:[0m Prefetch request completed (L1+L2): 9/10 retained keys (9 L1, 0 L2) in 320.5 ms (external_request_id=chatcmpl-84578bd1462bad73-a7a01d14, prefetch_request_id=-1) [3m(storage_manager.py:726:lmcache.v1.distributed.storage_manager)[0m
[32;20m[2026-09-29 17:06:01,407] LMCache INFO:[0m Prefetch request completed (L1+L2): 9/11 retained keys (9 L1, 0 L2) in 320.1 ms (external_request_id=chatcmpl-96cd14922133911b-bf9a868a, prefetch_request_id=-1) [3m(storage_manager.py:726:lmcache.v1.distributed.storage_manager)[0m
[32;20m[2026-09-29 17:06:01,408] LMCache INFO:[0m Prefetch request completed (L1+L2): 10/13 retained keys (10 L1, 0 L2) in 320.1 ms (external_request_id=chatcmpl-b64acfe51b2ddd51-8f45f809, prefetch_request_id=-1) [3m(storage_manager.py:726:lmcache.v1.distributed.storage_manager)[0m
[32;20m[2026-09-29 17:06:01,449] LMCache INFO:[0m Stored 512 tokens in 0.001 seconds [3m(lmcache_driven_transfer.py:1276:lmcache.v1.multiprocess.modules.lmcache_driven_transfer)[0m
[32;20m[2026-09-29 17:06:01,885] LMCache INFO:[0m Stored 512 tokens in 0.002 seconds [3m(lmcache_driven_transfer.py:1276:lmcache.v1.multiprocess.modules.lmcache_driven_transfer)[0m
[32;20m[2026-09-29 17:06:02,007] LMCache INFO:[0m Stored 256 tokens in 0.001 seconds [3m(lmcache_driven_transfer.py:1276:lmcache.v1.multiprocess.modules.lmcache_driven_transfer)[0m
[32;20m[2026-09-29 17:06:02,069] LMCache INFO:[0m Stored 512 tokens in 0.001 seconds [3m(lmcache_driven_transfer.py:1276:lmcache.v1.multiprocess.modules.lmcache_driven_transfer)[0m
[32;20m[2026-09-29 17:06:02,184] LMCache INFO:[0m Stored 256 tokens in 0.001 seconds [3m(lmcache_driven_transfer.py:1276:lmcache.v1.multiprocess.modules.lmcache_driven_transfer)[0m
[32;20m[2026-09-29 17:06:02,253] LMCache INFO:[0m Stored 256 tokens in 0.001 seconds [3m(lmcache_driven_transfer.py:1276:lmcache.v1.multiprocess.modules.lmcache_driven_transfer)[0m
[32;20m[2026-09-29 17:06:02,389] LMCache INFO:[0m Stored 512 tokens in 0.002 seconds [3m(lmcache_driven_transfer.py:1276:lmcache.v1.multiprocess.modules.lmcache_driven_transfer)[0m
[32;20m[2026-09-29 17:06:02,556] LMCache INFO:[0m Stored 256 tokens in 0.001 seconds [3m(lmcache_driven_transfer.py:1276:lmcache.v1.multiprocess.modules.lmcache_driven_transfer)[0m
[32;20m[2026-09-29 17:06:02,689] LMCache INFO:[0m Stored 768 tokens in 0.002 seconds [3m(lmcache_driven_transfer.py:1276:lmcache.v1.multiprocess.modules.lmcache_driven_transfer)[0m
INFO:     172.26.132.42:60130 - "GET /metrics HTTP/1.1" 200 OK
[32;20m[2026-09-29 17:06:02,872] LMCache INFO:[0m Stored 512 tokens in 0.003 seconds [3m(lmcache_driven_transfer.py:1276:lmcache.v1.multiprocess.modules.lmcache_driven_transfer)[0m
[32;20m[2026-09-29 17:06:02,902] LMCache INFO:[0m Stored 256 tokens in 0.001 seconds [3m(lmcache_driven_transfer.py:1276:lmcache.v1.multiprocess.modules.lmcache_driven_transfer)[0m
[32;20m[2026-09-29 17:06:03,062] LMCache INFO:[0m Stored 512 tokens in 0.001 seconds [3m(lmcache_driven_transfer.py:1276:lmcache.v1.multiprocess.modules.lmcache_driven_transfer)[0m
[32;20m[2026-09-29 17:06:03,148] LMCache INFO:[0m Stored 512 tokens in 0.001 seconds [3m(lmcache_driven_transfer.py:1276:lmcache.v1.multiprocess.modules.lmcache_driven_transfer)[0m
[32;20m[2026-09-29 17:06:03,237] LMCache INFO:[0m Stored 512 tokens in 0.001 seconds [3m(lmcache_driven_transfer.py:1276:lmcache.v1.multiprocess.modules.lmcache_driven_transfer)[0m
[32;20m[2026-09-29 17:06:03,596] LMCache INFO:[0m Stored 256 tokens in 0.001 seconds [3m(lmcache_driven_transfer.py:1276:lmcache.v1.multiprocess.modules.lmcache_driven_transfer)[0m
[32;20m[2026-09-29 17:06:03,689] LMCache INFO:[0m Stored 256 tokens in 0.001 seconds [3m(lmcache_driven_transfer.py:1276:lmcache.v1.multiprocess.modules.lmcache_driven_transfer)[0m
[32;20m[2026-09-29 17:06:03,690] LMCache INFO:[0m Stored 512 tokens in 0.001 seconds [3m(lmcache_driven_transfer.py:1276:lmcache.v1.multiprocess.modules.lmcache_driven_transfer)[0m
[32;20m[2026-09-29 17:06:03,791] LMCache INFO:[0m Stored 768 tokens in 0.001 seconds [3m(lmcache_driven_transfer.py:1276:lmcache.v1.multiprocess.modules.lmcache_driven_transfer)[0m
[32;20m[2026-09-29 17:06:03,885] LMCache INFO:[0m Prefetch request completed (L1+L2): 9/12 retained keys (9 L1, 0 L2) in 2477.2 ms (external_request_id=chatcmpl-a91b6948d16ad3fa-89a0f65c, prefetch_request_id=-1) [3m(storage_manager.py:726:lmcache.v1.distributed.storage_manager)[0m
[32;20m[2026-09-29 17:06:03,890] LMCache INFO:[0m Prefetch request completed (L1+L2): 12/12 retained keys (12 L1, 0 L2) in 2481.2 ms (external_request_id=chatcmpl-89a4456f8cc6cbba-94137db3, prefetch_request_id=-1) [3m(storage_manager.py:726:lmcache.v1.distributed.storage_manager)[0m
[32;20m[2026-09-29 17:06:03,890] LMCache INFO:[0m Prefetch request completed (L1+L2): 9/10 retained keys (9 L1, 0 L2) in 2481.3 ms (external_request_id=chatcmpl-8c0bef7a78d9ba1f-9ee14ae8, prefetch_request_id=-1) [3m(storage_manager.py:726:lmcache.v1.distributed.storage_manager)[0m
[32;20m[2026-09-29 17:06:03,937] LMCache INFO:[0m Stored 768 tokens in 0.001 seconds [3m(lmcache_driven_transfer.py:1276:lmcache.v1.multiprocess.modules.lmcache_driven_transfer)[0m
[32;20m[2026-09-29 17:06:04,036] LMCache INFO:[0m L1 memory usage 0.81 above watermark 0.80; triggering eviction. [3m(eviction_controller.py:179:lmcache.v1.distributed.storage_controllers.eviction_controller)[0m
[32;20m[2026-09-29 17:06:04,231] LMCache INFO:[0m Stored 256 tokens in 0.001 seconds [3m(lmcache_driven_transfer.py:1276:lmcache.v1.multiprocess.modules.lmcache_driven_transfer)[0m
[32;20m[2026-09-29 17:06:04,234] LMCache INFO:[0m Prefetch request completed (L1+L2): 10/11 retained keys (10 L1, 0 L2) in 343.5 ms (external_request_id=chatcmpl-b400eb9d7cc9beb5-ba8d89d5, prefetch_request_id=-1) [3m(storage_manager.py:726:lmcache.v1.distributed.storage_manager)[0m
[32;20m[2026-09-29 17:06:04,234] LMCache INFO:[0m Prefetch request completed (L1+L2): 12/13 retained keys (12 L1, 0 L2) in 343.4 ms (external_request_id=chatcmpl-bc6d5d403fcec6bc-8a9214e7, prefetch_request_id=-1) [3m(storage_manager.py:726:lmcache.v1.distributed.storage_manager)[0m
[32;20m[2026-09-29 17:06:04,235] LMCache INFO:[0m Prefetch request completed (L1+L2): 10/11 retained keys (10 L1, 0 L2) in 343.1 ms (external_request_id=chatcmpl-ab117c3334928e30-8aefb19e, prefetch_request_id=-1) [3m(storage_manager.py:726:lmcache.v1.distributed.storage_manager)[0m
[32;20m[2026-09-29 17:06:04,235] LMCache INFO:[0m Prefetch request completed (L1+L2): 11/12 retained keys (11 L1, 0 L2) in 342.9 ms (external_request_id=chatcmpl-a0e4136a485e6933-bd5ed391, prefetch_request_id=-1) [3m(storage_manager.py:726:lmcache.v1.distributed.storage_manager)[0m
[32;20m[2026-09-29 17:06:04,235] LMCache INFO:[0m Prefetch request completed (L1+L2): 10/10 retained keys (10 L1, 0 L2) in 342.7 ms (external_request_id=chatcmpl-9ef2b7441fcb54fc-b9ec87ec, prefetch_request_id=-1) [3m(storage_manager.py:726:lmcache.v1.distributed.storage_manager)[0m
[32;20m[2026-09-29 17:06:04,235] LMCache INFO:[0m Prefetch request completed (L1+L2): 10/13 retained keys (10 L1, 0 L2) in 342.2 ms (external_request_id=chatcmpl-99aed1a1803479f9-b3b76c49, prefetch_request_id=-1) [3m(storage_manager.py:726:lmcache.v1.distributed.storage_manager)[0m
[32;20m[2026-09-29 17:06:04,235] LMCache INFO:[0m Prefetch request completed (L1+L2): 10/11 retained keys (10 L1, 0 L2) in 342.1 ms (external_request_id=chatcmpl-a562e9b49eafd18f-b1930531, prefetch_request_id=-1) [3m(storage_manager.py:726:lmcache.v1.distributed.storage_manager)[0m
[32;20m[2026-09-29 17:06:04,235] LMCache INFO:[0m Prefetch request completed (L1+L2): 9/11 retained keys (9 L1, 0 L2) in 341.9 ms (external_request_id=chatcmpl-863dd19a5e4582d8-bcd35f35, prefetch_request_id=-1) [3m(storage_manager.py:726:lmcache.v1.distributed.storage_manager)[0m
[32;20m[2026-09-29 17:06:04,236] LMCache INFO:[0m Prefetch request completed (L1+L2): 9/10 retained keys (9 L1, 0 L2) in 341.4 ms (external_request_id=chatcmpl-862d0683573cb5d6-8fc0591e, prefetch_request_id=-1) [3m(storage_manager.py:726:lmcache.v1.distributed.storage_manager)[0m
[32;20m[2026-09-29 17:06:04,236] LMCache INFO:[0m Prefetch request completed (L1+L2): 9/9 retained keys (9 L1, 0 L2) in 341.3 ms (external_request_id=chatcmpl-aa621492c4c41f4c-a0d96d8d, prefetch_request_id=-1) [3m(storage_manager.py:726:lmcache.v1.distributed.storage_manager)[0m
[32;20m[2026-09-29 17:06:04,236] LMCache INFO:[0m Prefetch request completed (L1+L2): 10/12 retained keys (10 L1, 0 L2) in 341.3 ms (external_request_id=chatcmpl-a7a3d080759e449a-bbcafffe, prefetch_request_id=-1) [3m(storage_manager.py:726:lmcache.v1.distributed.storage_manager)[0m
[32;20m[2026-09-29 17:06:04,236] LMCache INFO:[0m Prefetch request completed (L1+L2): 9/11 retained keys (9 L1, 0 L2) in 341.1 ms (external_request_id=chatcmpl-8ced65afdf73b06b-8ea70bf0, prefetch_request_id=-1) [3m(storage_manager.py:726:lmcache.v1.distributed.storage_manager)[0m
[32;20m[2026-09-29 17:06:04,236] LMCache INFO:[0m Prefetch request completed (L1+L2): 9/11 retained keys (9 L1, 0 L2) in 340.8 ms (external_request_id=chatcmpl-b04ffd9d3bb81491-82e7a2af, prefetch_request_id=-1) [3m(storage_manager.py:726:lmcache.v1.distributed.storage_manager)[0m
[32;20m[2026-09-29 17:06:04,236] LMCache INFO:[0m Prefetch request completed (L1+L2): 9/10 retained keys (9 L1, 0 L2) in 340.6 ms (external_request_id=chatcmpl-bed7ae4c5c7109b6-b11e3d64, prefetch_request_id=-1) [3m(storage_manager.py:726:lmcache.v1.distributed.storage_manager)[0m
[32;20m[2026-09-29 17:06:04,237] LMCache INFO:[0m Prefetch request completed (L1+L2): 9/12 retained keys (9 L1, 0 L2) in 340.4 ms (external_request_id=chatcmpl-95a2740d7165549b-a462be8e, prefetch_request_id=-1) [3m(storage_manager.py:726:lmcache.v1.distributed.storage_manager)[0m
[32;20m[2026-09-29 17:06:04,237] LMCache INFO:[0m Prefetch request completed (L1+L2): 9/11 retained keys (9 L1, 0 L2) in 340.1 ms (external_request_id=chatcmpl-89c22b2d08f2af3e-a2b8143b, prefetch_request_id=-1) [3m(storage_manager.py:726:lmcache.v1.distributed.storage_manager)[0m
[32;20m[2026-09-29 17:06:04,237] LMCache INFO:[0m Prefetch request completed (L1+L2): 10/12 retained keys (10 L1, 0 L2) in 339.8 ms (external_request_id=chatcmpl-ac26cbb813e9494a-9c4aca48, prefetch_request_id=-1) [3m(storage_manager.py:726:lmcache.v1.distributed.storage_manager)[0m
[32;20m[2026-09-29 17:06:04,237] LMCache INFO:[0m Prefetch request completed (L1+L2): 9/10 retained keys (9 L1, 0 L2) in 339.7 ms (external_request_id=chatcmpl-b759e48a0bb605ce-a05312fd, prefetch_request_id=-1) [3m(storage_manager.py:726:lmcache.v1.distributed.storage_manager)[0m
[32;20m[2026-09-29 17:06:04,237] LMCache INFO:[0m Prefetch request completed (L1+L2): 12/12 retained keys (12 L1, 0 L2) in 339.1 ms (external_request_id=chatcmpl-a3a6a458f515eec9-bbd48f31, prefetch_request_id=-1) [3m(storage_manager.py:726:lmcache.v1.distributed.storage_manager)[0m
[32;20m[2026-09-29 17:06:04,237] LMCache INFO:[0m Prefetch request completed (L1+L2): 9/9 retained keys (9 L1, 0 L2) in 339.1 ms (external_request_id=chatcmpl-9c85b9ee8fffb5df-bf29712e, prefetch_request_id=-1) [3m(storage_manager.py:726:lmcache.v1.distributed.storage_manager)[0m
[32;20m[2026-09-29 17:06:04,238] LMCache INFO:[0m Prefetch request completed (L1+L2): 10/10 retained keys (10 L1, 0 L2) in 339.1 ms (external_request_id=chatcmpl-a530ac9695f75ab4-a31b72e9, prefetch_request_id=-1) [3m(storage_manager.py:726:lmcache.v1.distributed.storage_manager)[0m
[32;20m[2026-09-29 17:06:04,293] LMCache INFO:[0m Stored 256 tokens in 0.001 seconds [3m(lmcache_driven_transfer.py:1276:lmcache.v1.multiprocess.modules.lmcache_driven_transfer)[0m
[32;20m[2026-09-29 17:06:04,426] LMCache INFO:[0m Stored 256 tokens in 0.001 seconds [3m(lmcache_driven_transfer.py:1276:lmcache.v1.multiprocess.modules.lmcache_driven_transfer)[0m
[32;20m[2026-09-29 17:06:04,573] LMCache INFO:[0m Stored 256 tokens in 0.001 seconds [3m(lmcache_driven_transfer.py:1276:lmcache.v1.multiprocess.modules.lmcache_driven_transfer)[0m
[32;20m[2026-09-29 17:06:04,737] LMCache INFO:[0m Stored 256 tokens in 0.001 seconds [3m(lmcache_driven_transfer.py:1276:lmcache.v1.multiprocess.modules.lmcache_driven_transfer)[0m
[32;20m[2026-09-29 17:06:04,740] LMCache INFO:[0m Stored 256 tokens in 0.001 seconds [3m(lmcache_driven_transfer.py:1276:lmcache.v1.multiprocess.modules.lmcache_driven_transfer)[0m
[32;20m[2026-09-29 17:06:04,879] LMCache INFO:[0m Stored 768 tokens in 0.001 seconds [3m(lmcache_driven_transfer.py:1276:lmcache.v1.multiprocess.modules.lmcache_driven_transfer)[0m
[32;20m[2026-09-29 17:06:04,981] LMCache INFO:[0m Stored 256 tokens in 0.001 seconds [3m(lmcache_driven_transfer.py:1276:lmcache.v1.multiprocess.modules.lmcache_driven_transfer)[0m
[32;20m[2026-09-29 17:06:05,073] LMCache INFO:[0m Stored 512 tokens in 0.001 seconds [3m(lmcache_driven_transfer.py:1276:lmcache.v1.multiprocess.modules.lmcache_driven_transfer)[0m
[32;20m[2026-09-29 17:06:05,225] LMCache INFO:[0m Stored 256 tokens in 0.001 seconds [3m(lmcache_driven_transfer.py:1276:lmcache.v1.multiprocess.modules.lmcache_driven_transfer)[0m
[32;20m[2026-09-29 17:06:05,341] LMCache INFO:[0m Stored 256 tokens in 0.001 seconds [3m(lmcache_driven_transfer.py:1276:lmcache.v1.multiprocess.modules.lmcache_driven_transfer)[0m
[32;20m[2026-09-29 17:06:05,342] LMCache INFO:[0m Stored 256 tokens in 0.001 seconds [3m(lmcache_driven_transfer.py:1276:lmcache.v1.multiprocess.modules.lmcache_driven_transfer)[0m
[32;20m[2026-09-29 17:06:05,395] LMCache INFO:[0m Stored 512 tokens in 0.001 seconds [3m(lmcache_driven_transfer.py:1276:lmcache.v1.multiprocess.modules.lmcache_driven_transfer)[0m
[32;20m[2026-09-29 17:06:05,542] LMCache INFO:[0m Stored 512 tokens in 0.001 seconds [3m(lmcache_driven_transfer.py:1276:lmcache.v1.multiprocess.modules.lmcache_driven_transfer)[0m
[32;20m[2026-09-29 17:06:05,648] LMCache INFO:[0m Stored 512 tokens in 0.001 seconds [3m(lmcache_driven_transfer.py:1276:lmcache.v1.multiprocess.modules.lmcache_driven_transfer)[0m
[32;20m[2026-09-29 17:06:05,649] LMCache INFO:[0m Stored 256 tokens in 0.001 seconds [3m(lmcache_driven_transfer.py:1276:lmcache.v1.multiprocess.modules.lmcache_driven_transfer)[0m
[32;20m[2026-09-29 17:06:05,967] LMCache INFO:[0m Stored 768 tokens in 0.001 seconds [3m(lmcache_driven_transfer.py:1276:lmcache.v1.multiprocess.modules.lmcache_driven_transfer)[0m
[32;20m[2026-09-29 17:06:06,171] LMCache INFO:[0m Stored 512 tokens in 0.002 seconds [3m(lmcache_driven_transfer.py:1276:lmcache.v1.multiprocess.modules.lmcache_driven_transfer)[0m
[32;20m[2026-09-29 17:06:06,204] LMCache INFO:[0m Stored 512 tokens in 0.001 seconds [3m(lmcache_driven_transfer.py:1276:lmcache.v1.multiprocess.modules.lmcache_driven_transfer)[0m
[32;20m[2026-09-29 17:06:06,356] LMCache INFO:[0m Stored 256 tokens in 0.001 seconds [3m(lmcache_driven_transfer.py:1276:lmcache.v1.multiprocess.modules.lmcache_driven_transfer)[0m
[32;20m[2026-09-29 17:06:06,428] LMCache INFO:[0m Stored 256 tokens in 0.001 seconds [3m(lmcache_driven_transfer.py:1276:lmcache.v1.multiprocess.modules.lmcache_driven_transfer)[0m
[32;20m[2026-09-29 17:06:06,634] LMCache INFO:[0m Prefetch request completed (L1+L2): 12/13 retained keys (12 L1, 0 L2) in 2396.2 ms (external_request_id=chatcmpl-969c0d299d9c255d-8e972f31, prefetch_request_id=-1) [3m(storage_manager.py:726:lmcache.v1.distributed.storage_manager)[0m
[32;20m[2026-09-29 17:06:06,635] LMCache INFO:[0m Prefetch request completed (L1+L2): 10/10 retained keys (10 L1, 0 L2) in 2396.0 ms (external_request_id=chatcmpl-a6efbe9e89f4b83f-8db8b9b8, prefetch_request_id=-1) [3m(storage_manager.py:726:lmcache.v1.distributed.storage_manager)[0m
[32;20m[2026-09-29 17:06:06,635] LMCache INFO:[0m Prefetch request completed (L1+L2): 11/12 retained keys (11 L1, 0 L2) in 2396.2 ms (external_request_id=chatcmpl-ae743d70e1515644-a253b24a, prefetch_request_id=-1) [3m(storage_manager.py:726:lmcache.v1.distributed.storage_manager)[0m
[32;20m[2026-09-29 17:06:06,682] LMCache INFO:[0m Stored 256 tokens in 0.001 seconds [3m(lmcache_driven_transfer.py:1276:lmcache.v1.multiprocess.modules.lmcache_driven_transfer)[0m
[32;20m[2026-09-29 17:06:06,859] LMCache INFO:[0m Stored 256 tokens in 0.001 seconds [3m(lmcache_driven_transfer.py:1276:lmcache.v1.multiprocess.modules.lmcache_driven_transfer)[0m
[32;20m[2026-09-29 17:06:07,038] LMCache INFO:[0m Stored 256 tokens in 0.002 seconds [3m(lmcache_driven_transfer.py:1276:lmcache.v1.multiprocess.modules.lmcache_driven_transfer)[0m
[32;20m[2026-09-29 17:06:07,041] LMCache INFO:[0m Prefetch request completed (L1+L2): 10/11 retained keys (10 L1, 0 L2) in 405.7 ms (external_request_id=chatcmpl-9b975faed4f60c32-b16ab585, prefetch_request_id=-1) [3m(storage_manager.py:726:lmcache.v1.distributed.storage_manager)[0m
[32;20m[2026-09-29 17:06:07,042] LMCache INFO:[0m Prefetch request completed (L1+L2): 10/13 retained keys (10 L1, 0 L2) in 405.6 ms (external_request_id=chatcmpl-9cc1412ce9835bbf-8c2afee4, prefetch_request_id=-1) [3m(storage_manager.py:726:lmcache.v1.distributed.storage_manager)[0m
[32;20m[2026-09-29 17:06:07,042] LMCache INFO:[0m Prefetch request completed (L1+L2): 10/13 retained keys (10 L1, 0 L2) in 405.3 ms (external_request_id=chatcmpl-add4e64ae25fc87e-be7512cf, prefetch_request_id=-1) [3m(storage_manager.py:726:lmcache.v1.distributed.storage_manager)[0m
[32;20m[2026-09-29 17:06:07,042] LMCache INFO:[0m Prefetch request completed (L1+L2): 9/10 retained keys (9 L1, 0 L2) in 405.2 ms (external_request_id=chatcmpl-ac948dbcf1c9a587-a4504907, prefetch_request_id=-1) [3m(storage_manager.py:726:lmcache.v1.distributed.storage_manager)[0m
[32;20m[2026-09-29 17:06:07,043] LMCache INFO:[0m Prefetch request completed (L1+L2): 9/10 retained keys (9 L1, 0 L2) in 405.1 ms (external_request_id=chatcmpl-959b962244d9100e-accfc169, prefetch_request_id=-1) [3m(storage_manager.py:726:lmcache.v1.distributed.storage_manager)[0m
[32;20m[2026-09-29 17:06:07,043] LMCache INFO:[0m Prefetch request completed (L1+L2): 9/10 retained keys (9 L1, 0 L2) in 404.9 ms (external_request_id=chatcmpl-bb94174412bb3e8a-94509cf7, prefetch_request_id=-1) [3m(storage_manager.py:726:lmcache.v1.distributed.storage_manager)[0m
[32;20m[2026-09-29 17:06:07,043] LMCache INFO:[0m Prefetch request completed (L1+L2): 10/11 retained keys (10 L1, 0 L2) in 404.5 ms (external_request_id=chatcmpl-b6a4944b8167ba05-8066e93f, prefetch_request_id=-1) [3m(storage_manager.py:726:lmcache.v1.distributed.storage_manager)[0m
[32;20m[2026-09-29 17:06:07,043] LMCache INFO:[0m Prefetch request completed (L1+L2): 9/9 retained keys (9 L1, 0 L2) in 404.2 ms (external_request_id=chatcmpl-bd80f2b134e55aee-bae4b910, prefetch_request_id=-1) [3m(storage_manager.py:726:lmcache.v1.distributed.storage_manager)[0m
[32;20m[2026-09-29 17:06:07,043] LMCache INFO:[0m Prefetch request completed (L1+L2): 9/11 retained keys (9 L1, 0 L2) in 404.2 ms (external_request_id=chatcmpl-b8ded985e3ae44b8-abe963c4, prefetch_request_id=-1) [3m(storage_manager.py:726:lmcache.v1.distributed.storage_manager)[0m
[32;20m[2026-09-29 17:06:07,043] LMCache INFO:[0m Prefetch request completed (L1+L2): 9/10 retained keys (9 L1, 0 L2) in 404.1 ms (external_request_id=chatcmpl-975109f6670a108a-a3f2d6ce, prefetch_request_id=-1) [3m(storage_manager.py:726:lmcache.v1.distributed.storage_manager)[0m
[32;20m[2026-09-29 17:06:07,044] LMCache INFO:[0m Prefetch request completed (L1+L2): 9/11 retained keys (9 L1, 0 L2) in 403.8 ms (external_request_id=chatcmpl-8a73255c3623d811-afdd8a04, prefetch_request_id=-1) [3m(storage_manager.py:726:lmcache.v1.distributed.storage_manager)[0m
[32;20m[2026-09-29 17:06:07,044] LMCache INFO:[0m Prefetch request completed (L1+L2): 9/10 retained keys (9 L1, 0 L2) in 403.6 ms (external_request_id=chatcmpl-8187f449a9a612b5-8e4c4287, prefetch_request_id=-1) [3m(storage_manager.py:726:lmcache.v1.distributed.storage_manager)[0m
[32;20m[2026-09-29 17:06:07,044] LMCache INFO:[0m Prefetch request completed (L1+L2): 10/13 retained keys (10 L1, 0 L2) in 403.4 ms (external_request_id=chatcmpl-8299aa80176b4aac-9db1a28a, prefetch_request_id=-1) [3m(storage_manager.py:726:lmcache.v1.distributed.storage_manager)[0m
[32;20m[2026-09-29 17:06:07,044] LMCache INFO:[0m Prefetch request completed (L1+L2): 9/12 retained keys (9 L1, 0 L2) in 403.0 ms (external_request_id=chatcmpl-b18b645b9916c9fe-843f2024, prefetch_request_id=-1) [3m(storage_manager.py:726:lmcache.v1.distributed.storage_manager)[0m
[32;20m[2026-09-29 17:06:07,044] LMCache INFO:[0m Prefetch request completed (L1+L2): 12/13 retained keys (12 L1, 0 L2) in 402.3 ms (external_request_id=chatcmpl-a7023771a31d842e-936ec7b9, prefetch_request_id=-1) [3m(storage_manager.py:726:lmcache.v1.distributed.storage_manager)[0m
[32;20m[2026-09-29 17:06:07,044] LMCache INFO:[0m Prefetch request completed (L1+L2): 9/9 retained keys (9 L1, 0 L2) in 402.4 ms (external_request_id=chatcmpl-baf8ee5b1c95cedb-95d999a6, prefetch_request_id=-1) [3m(storage_manager.py:726:lmcache.v1.distributed.storage_manager)[0m
[32;20m[2026-09-29 17:06:07,045] LMCache INFO:[0m Prefetch request completed (L1+L2): 10/11 retained keys (10 L1, 0 L2) in 402.2 ms (external_request_id=chatcmpl-bacc30ec69b67d60-8e4f722b, prefetch_request_id=-1) [3m(storage_manager.py:726:lmcache.v1.distributed.storage_manager)[0m
[32;20m[2026-09-29 17:06:07,045] LMCache INFO:[0m Prefetch request completed (L1+L2): 12/14 retained keys (12 L1, 0 L2) in 401.9 ms (external_request_id=chatcmpl-96cfec072f4206d9-aec8b70f, prefetch_request_id=-1) [3m(storage_manager.py:726:lmcache.v1.distributed.storage_manager)[0m
[32;20m[2026-09-29 17:06:07,045] LMCache INFO:[0m Prefetch request completed (L1+L2): 10/10 retained keys (10 L1, 0 L2) in 401.8 ms (external_request_id=chatcmpl-b352f8a686c00102-98d18eab, prefetch_request_id=-1) [3m(storage_manager.py:726:lmcache.v1.distributed.storage_manager)[0m
[32;20m[2026-09-29 17:06:07,045] LMCache INFO:[0m Prefetch request completed (L1+L2): 11/11 retained keys (11 L1, 0 L2) in 401.5 ms (external_request_id=chatcmpl-80f9c6f6f44f64d9-9e9e19ff, prefetch_request_id=-1) [3m(storage_manager.py:726:lmcache.v1.distributed.storage_manager)[0m
[32;20m[2026-09-29 17:06:07,045] LMCache INFO:[0m Prefetch request completed (L1+L2): 10/12 retained keys (10 L1, 0 L2) in 401.2 ms (external_request_id=chatcmpl-aecc6c0fe5a6ef85-9ea70f68, prefetch_request_id=-1) [3m(storage_manager.py:726:lmcache.v1.distributed.storage_manager)[0m
[32;20m[2026-09-29 17:06:07,113] LMCache INFO:[0m Stored 256 tokens in 0.001 seconds [3m(lmcache_driven_transfer.py:1276:lmcache.v1.multiprocess.modules.lmcache_driven_transfer)[0m
[32;20m[2026-09-29 17:06:07,115] LMCache INFO:[0m Stored 768 tokens in 0.001 seconds [3m(lmcache_driven_transfer.py:1276:lmcache.v1.multiprocess.modules.lmcache_driven_transfer)[0m
[32;20m[2026-09-29 17:06:07,250] LMCache INFO:[0m Stored 768 tokens in 0.001 seconds [3m(lmcache_driven_transfer.py:1276:lmcache.v1.multiprocess.modules.lmcache_driven_transfer)[0m
[32;20m[2026-09-29 17:06:07,474] LMCache INFO:[0m Stored 256 tokens in 0.001 seconds [3m(lmcache_driven_transfer.py:1276:lmcache.v1.multiprocess.modules.lmcache_driven_transfer)[0m
[32;20m[2026-09-29 17:06:07,716] LMCache INFO:[0m Stored 256 tokens in 0.001 seconds [3m(lmcache_driven_transfer.py:1276:lmcache.v1.multiprocess.modules.lmcache_driven_transfer)[0m
[32;20m[2026-09-29 17:06:07,882] LMCache INFO:[0m Stored 256 tokens in 0.001 seconds [3m(lmcache_driven_transfer.py:1276:lmcache.v1.multiprocess.modules.lmcache_driven_transfer)[0m
[32;20m[2026-09-29 17:06:07,970] LMCache INFO:[0m Stored 256 tokens in 0.001 seconds [3m(lmcache_driven_transfer.py:1276:lmcache.v1.multiprocess.modules.lmcache_driven_transfer)[0m
[32;20m[2026-09-29 17:06:08,053] LMCache INFO:[0m Stored 512 tokens in 0.001 seconds [3m(lmcache_driven_transfer.py:1276:lmcache.v1.multiprocess.modules.lmcache_driven_transfer)[0m
[32;20m[2026-09-29 17:06:08,225] LMCache INFO:[0m Stored 256 tokens in 0.001 seconds [3m(lmcache_driven_transfer.py:1276:lmcache.v1.multiprocess.modules.lmcache_driven_transfer)[0m
[32;20m[2026-09-29 17:06:08,428] LMCache INFO:[0m Stored 512 tokens in 0.001 seconds [3m(lmcache_driven_transfer.py:1276:lmcache.v1.multiprocess.modules.lmcache_driven_transfer)[0m
[32;20m[2026-09-29 17:06:08,492] LMCache INFO:[0m Stored 256 tokens in 0.003 seconds [3m(lmcache_driven_transfer.py:1276:lmcache.v1.multiprocess.modules.lmcache_driven_transfer)[0m
[32;20m[2026-09-29 17:06:08,702] LMCache INFO:[0m Stored 768 tokens in 0.003 seconds [3m(lmcache_driven_transfer.py:1276:lmcache.v1.multiprocess.modules.lmcache_driven_transfer)[0m
[32;20m[2026-09-29 17:06:08,732] LMCache INFO:[0m Stored 768 tokens in 0.001 seconds [3m(lmcache_driven_transfer.py:1276:lmcache.v1.multiprocess.modules.lmcache_driven_transfer)[0m
[32;20m[2026-09-29 17:06:08,896] LMCache INFO:[0m Stored 256 tokens in 0.001 seconds [3m(lmcache_driven_transfer.py:1276:lmcache.v1.multiprocess.modules.lmcache_driven_transfer)[0m
[32;20m[2026-09-29 17:06:09,035] LMCache INFO:[0m Stored 256 tokens in 0.001 seconds [3m(lmcache_driven_transfer.py:1276:lmcache.v1.multiprocess.modules.lmcache_driven_transfer)[0m
[32;20m[2026-09-29 17:06:09,219] LMCache INFO:[0m Stored 512 tokens in 0.001 seconds [3m(lmcache_driven_transfer.py:1276:lmcache.v1.multiprocess.modules.lmcache_driven_transfer)[0m
[32;20m[2026-09-29 17:06:09,556] LMCache INFO:[0m Prefetch request completed (L1+L2): 10/12 retained keys (10 L1, 0 L2) in 2509.7 ms (external_request_id=chatcmpl-9e06dae9f48a2b4e-85a68bb3, prefetch_request_id=-1) [3m(storage_manager.py:726:lmcache.v1.distributed.storage_manager)[0m
[32;20m[2026-09-29 17:06:09,556] LMCache INFO:[0m Prefetch request completed (L1+L2): 10/12 retained keys (10 L1, 0 L2) in 2509.6 ms (external_request_id=chatcmpl-a243d0baf73be1ce-9a57c6d1, prefetch_request_id=-1) [3m(storage_manager.py:726:lmcache.v1.distributed.storage_manager)[0m
[32;20m[2026-09-29 17:06:09,556] LMCache INFO:[0m Prefetch request completed (L1+L2): 9/10 retained keys (9 L1, 0 L2) in 2509.3 ms (external_request_id=chatcmpl-b05621f5dd54e939-9e69c4ad, prefetch_request_id=-1) [3m(storage_manager.py:726:lmcache.v1.distributed.storage_manager)[0m
[32;20m[2026-09-29 17:06:09,593] LMCache INFO:[0m Stored 512 tokens in 0.002 seconds [3m(lmcache_driven_transfer.py:1276:lmcache.v1.multiprocess.modules.lmcache_driven_transfer)[0m
[32;20m[2026-09-29 17:06:09,622] LMCache INFO:[0m Stored 512 tokens in 0.001 seconds [3m(lmcache_driven_transfer.py:1276:lmcache.v1.multiprocess.modules.lmcache_driven_transfer)[0m
[32;20m[2026-09-29 17:06:09,820] LMCache INFO:[0m Stored 512 tokens in 0.002 seconds [3m(lmcache_driven_transfer.py:1276:lmcache.v1.multiprocess.modules.lmcache_driven_transfer)[0m
[32;20m[2026-09-29 17:06:09,821] LMCache INFO:[0m Stored 256 tokens in 0.001 seconds [3m(lmcache_driven_transfer.py:1276:lmcache.v1.multiprocess.modules.lmcache_driven_transfer)[0m
[32;20m[2026-09-29 17:06:10,007] LMCache INFO:[0m Stored 256 tokens in 0.001 seconds [3m(lmcache_driven_transfer.py:1276:lmcache.v1.multiprocess.modules.lmcache_driven_transfer)[0m
[32;20m[2026-09-29 17:06:10,008] LMCache INFO:[0m Stored 256 tokens in 0.001 seconds [3m(lmcache_driven_transfer.py:1276:lmcache.v1.multiprocess.modules.lmcache_driven_transfer)[0m
[32;20m[2026-09-29 17:06:10,010] LMCache INFO:[0m Stored 256 tokens in 0.001 seconds [3m(lmcache_driven_transfer.py:1276:lmcache.v1.multiprocess.modules.lmcache_driven_transfer)[0m
[32;20m[2026-09-29 17:06:10,089] LMCache INFO:[0m Prefetch request completed (L1+L2): 9/12 retained keys (9 L1, 0 L2) in 532.6 ms (external_request_id=chatcmpl-a73fbf43e66fd9b2-a330f90c, prefetch_request_id=-1) [3m(storage_manager.py:726:lmcache.v1.distributed.storage_manager)[0m
[32;20m[2026-09-29 17:06:10,089] LMCache INFO:[0m Prefetch request completed (L1+L2): 9/10 retained keys (9 L1, 0 L2) in 532.3 ms (external_request_id=chatcmpl-a23f1ed954c17619-904b5a9a, prefetch_request_id=-1) [3m(storage_manager.py:726:lmcache.v1.distributed.storage_manager)[0m
[32;20m[2026-09-29 17:06:10,090] LMCache INFO:[0m Prefetch request completed (L1+L2): 10/13 retained keys (10 L1, 0 L2) in 532.0 ms (external_request_id=chatcmpl-a54685a578fb6c41-9f56f207, prefetch_request_id=-1) [3m(storage_manager.py:726:lmcache.v1.distributed.storage_manager)[0m
[32;20m[2026-09-29 17:06:10,090] LMCache INFO:[0m Prefetch request completed (L1+L2): 9/10 retained keys (9 L1, 0 L2) in 531.6 ms (external_request_id=chatcmpl-a9c9a6103c7ab8b8-aead67ef, prefetch_request_id=-1) [3m(storage_manager.py:726:lmcache.v1.distributed.storage_manager)[0m
[32;20m[2026-09-29 17:06:10,090] LMCache INFO:[0m Prefetch request completed (L1+L2): 9/12 retained keys (9 L1, 0 L2) in 531.3 ms (external_request_id=chatcmpl-b81613874e0fdabe-847dbfc3, prefetch_request_id=-1) [3m(storage_manager.py:726:lmcache.v1.distributed.storage_manager)[0m
[32;20m[2026-09-29 17:06:10,090] LMCache INFO:[0m Prefetch request completed (L1+L2): 9/10 retained keys (9 L1, 0 L2) in 531.0 ms (external_request_id=chatcmpl-96a758b47a1789bb-b79516ca, prefetch_request_id=-1) [3m(storage_manager.py:726:lmcache.v1.distributed.storage_manager)[0m
[32;20m[2026-09-29 17:06:10,090] LMCache INFO:[0m Prefetch request completed (L1+L2): 9/12 retained keys (9 L1, 0 L2) in 529.8 ms (external_request_id=chatcmpl-8f7ea9d25b3e7aef-aac4b97f, prefetch_request_id=-1) [3m(storage_manager.py:726:lmcache.v1.distributed.storage_manager)[0m
[32;20m[2026-09-29 17:06:10,090] LMCache INFO:[0m Prefetch request completed (L1+L2): 9/10 retained keys (9 L1, 0 L2) in 529.7 ms (external_request_id=chatcmpl-9407aa52c1a23b03-ab26b8cc, prefetch_request_id=-1) [3m(storage_manager.py:726:lmcache.v1.distributed.storage_manager)[0m
[32;20m[2026-09-29 17:06:10,090] LMCache INFO:[0m Prefetch request completed (L1+L2): 10/12 retained keys (10 L1, 0 L2) in 529.8 ms (external_request_id=chatcmpl-b940b3c992da74dc-89260883, prefetch_request_id=-1) [3m(storage_manager.py:726:lmcache.v1.distributed.storage_manager)[0m
[32;20m[2026-09-29 17:06:10,090] LMCache INFO:[0m Prefetch request completed (L1+L2): 9/11 retained keys (9 L1, 0 L2) in 529.7 ms (external_request_id=chatcmpl-bd35e7f63ddb234e-bd4bf534, prefetch_request_id=-1) [3m(storage_manager.py:726:lmcache.v1.distributed.storage_manager)[0m
[32;20m[2026-09-29 17:06:10,091] LMCache INFO:[0m Prefetch request completed (L1+L2): 12/14 retained keys (12 L1, 0 L2) in 529.7 ms (external_request_id=chatcmpl-9462ce846920d4e6-814a8a7e, prefetch_request_id=-1) [3m(storage_manager.py:726:lmcache.v1.distributed.storage_manager)[0m
[32;20m[2026-09-29 17:06:10,091] LMCache INFO:[0m Prefetch request completed (L1+L2): 9/11 retained keys (9 L1, 0 L2) in 529.7 ms (external_request_id=chatcmpl-882407ce8d422dc5-878f9910, prefetch_request_id=-1) [3m(storage_manager.py:726:lmcache.v1.distributed.storage_manager)[0m
[32;20m[2026-09-29 17:06:10,091] LMCache INFO:[0m Prefetch request completed (L1+L2): 10/10 retained keys (10 L1, 0 L2) in 529.4 ms (external_request_id=chatcmpl-8ecca82d377798eb-8d6dd232, prefetch_request_id=-1) [3m(storage_manager.py:726:lmcache.v1.distributed.storage_manager)[0m
[32;20m[2026-09-29 17:06:10,091] LMCache INFO:[0m Prefetch request completed (L1+L2): 12/14 retained keys (12 L1, 0 L2) in 529.2 ms (external_request_id=chatcmpl-ae46a83c5f42b4ab-9975258d, prefetch_request_id=-1) [3m(storage_manager.py:726:lmcache.v1.distributed.storage_manager)[0m
[32;20m[2026-09-29 17:06:10,091] LMCache INFO:[0m Prefetch request completed (L1+L2): 10/12 retained keys (10 L1, 0 L2) in 528.8 ms (external_request_id=chatcmpl-a0a7ea0763a96421-b672d406, prefetch_request_id=-1) [3m(storage_manager.py:726:lmcache.v1.distributed.storage_manager)[0m
[32;20m[2026-09-29 17:06:10,091] LMCache INFO:[0m Prefetch request completed (L1+L2): 11/12 retained keys (11 L1, 0 L2) in 528.4 ms (external_request_id=chatcmpl-870bf7b28d3599ae-942cf21d, prefetch_request_id=-1) [3m(storage_manager.py:726:lmcache.v1.distributed.storage_manager)[0m
[32;20m[2026-09-29 17:06:10,092] LMCache INFO:[0m Prefetch request completed (L1+L2): 10/11 retained keys (10 L1, 0 L2) in 528.4 ms (external_request_id=chatcmpl-9fd460bcc71ea564-8c21aadc, prefetch_request_id=-1) [3m(storage_manager.py:726:lmcache.v1.distributed.storage_manager)[0m
[32;20m[2026-09-29 17:06:10,092] LMCache INFO:[0m Prefetch request completed (L1+L2): 10/11 retained keys (10 L1, 0 L2) in 528.1 ms (external_request_id=chatcmpl-9b7722007ec56c05-8f11d303, prefetch_request_id=-1) [3m(storage_manager.py:726:lmcache.v1.distributed.storage_manager)[0m
[32;20m[2026-09-29 17:06:10,092] LMCache INFO:[0m Prefetch request completed (L1+L2): 10/12 retained keys (10 L1, 0 L2) in 527.7 ms (external_request_id=chatcmpl-97f36c1b2ffed030-bef3ec12, prefetch_request_id=-1) [3m(storage_manager.py:726:lmcache.v1.distributed.storage_manager)[0m
[32;20m[2026-09-29 17:06:10,092] LMCache INFO:[0m Prefetch request completed (L1+L2): 9/10 retained keys (9 L1, 0 L2) in 527.5 ms (external_request_id=chatcmpl-b16263973f521c9a-9df0181e, prefetch_request_id=-1) [3m(storage_manager.py:726:lmcache.v1.distributed.storage_manager)[0m
[32;20m[2026-09-29 17:06:10,138] LMCache INFO:[0m Stored 768 tokens in 0.002 seconds [3m(lmcache_driven_transfer.py:1276:lmcache.v1.multiprocess.modules.lmcache_driven_transfer)[0m
[32;20m[2026-09-29 17:06:10,183] LMCache INFO:[0m Stored 256 tokens in 0.001 seconds [3m(lmcache_driven_transfer.py:1276:lmcache.v1.multiprocess.modules.lmcache_driven_transfer)[0m
[32;20m[2026-09-29 17:06:10,185] LMCache INFO:[0m Stored 768 tokens in 0.001 seconds [3m(lmcache_driven_transfer.py:1276:lmcache.v1.multiprocess.modules.lmcache_driven_transfer)[0m
[32;20m[2026-09-29 17:06:10,433] LMCache INFO:[0m Stored 256 tokens in 0.001 seconds [3m(lmcache_driven_transfer.py:1276:lmcache.v1.multiprocess.modules.lmcache_driven_transfer)[0m
[32;20m[2026-09-29 17:06:10,435] LMCache INFO:[0m Stored 768 tokens in 0.001 seconds [3m(lmcache_driven_transfer.py:1276:lmcache.v1.multiprocess.modules.lmcache_driven_transfer)[0m
[32;20m[2026-09-29 17:06:10,674] LMCache INFO:[0m Stored 256 tokens in 0.001 seconds [3m(lmcache_driven_transfer.py:1276:lmcache.v1.multiprocess.modules.lmcache_driven_transfer)[0m
[32;20m[2026-09-29 17:06:10,918] LMCache INFO:[0m Stored 768 tokens in 0.001 seconds [3m(lmcache_driven_transfer.py:1276:lmcache.v1.multiprocess.modules.lmcache_driven_transfer)[0m
[32;20m[2026-09-29 17:06:11,084] LMCache INFO:[0m Stored 256 tokens in 0.001 seconds [3m(lmcache_driven_transfer.py:1276:lmcache.v1.multiprocess.modules.lmcache_driven_transfer)[0m
[32;20m[2026-09-29 17:06:11,173] LMCache INFO:[0m Stored 512 tokens in 0.001 seconds [3m(lmcache_driven_transfer.py:1276:lmcache.v1.multiprocess.modules.lmcache_driven_transfer)[0m
[32;20m[2026-09-29 17:06:11,259] LMCache INFO:[0m Stored 512 tokens in 0.001 seconds [3m(lmcache_driven_transfer.py:1276:lmcache.v1.multiprocess.modules.lmcache_driven_transfer)[0m
[32;20m[2026-09-29 17:06:11,344] LMCache INFO:[0m Stored 512 tokens in 0.001 seconds [3m(lmcache_driven_transfer.py:1276:lmcache.v1.multiprocess.modules.lmcache_driven_transfer)[0m
[32;20m[2026-09-29 17:06:11,472] LMCache INFO:[0m Stored 512 tokens in 0.001 seconds [3m(lmcache_driven_transfer.py:1276:lmcache.v1.multiprocess.modules.lmcache_driven_transfer)[0m
[32;20m[2026-09-29 17:06:11,619] LMCache INFO:[0m Stored 256 tokens in 0.001 seconds [3m(lmcache_driven_transfer.py:1276:lmcache.v1.multiprocess.modules.lmcache_driven_transfer)[0m
[32;20m[2026-09-29 17:06:11,725] LMCache INFO:[0m Stored 512 tokens in 0.002 seconds [3m(lmcache_driven_transfer.py:1276:lmcache.v1.multiprocess.modules.lmcache_driven_transfer)[0m
[32;20m[2026-09-29 17:06:11,792] LMCache INFO:[0m Stored 512 tokens in 0.003 seconds [3m(lmcache_driven_transfer.py:1276:lmcache.v1.multiprocess.modules.lmcache_driven_transfer)[0m
[32;20m[2026-09-29 17:06:11,879] LMCache INFO:[0m Stored 256 tokens in 0.001 seconds [3m(lmcache_driven_transfer.py:1276:lmcache.v1.multiprocess.modules.lmcache_driven_transfer)[0m
[32;20m[2026-09-29 17:06:12,153] LMCache INFO:[0m Stored 256 tokens in 0.001 seconds [3m(lmcache_driven_transfer.py:1276:lmcache.v1.multiprocess.modules.lmcache_driven_transfer)[0m
[32;20m[2026-09-29 17:06:12,219] LMCache INFO:[0m Stored 256 tokens in 0.001 seconds [3m(lmcache_driven_transfer.py:1276:lmcache.v1.multiprocess.modules.lmcache_driven_transfer)[0m
[32;20m[2026-09-29 17:06:12,354] LMCache INFO:[0m Stored 512 tokens in 0.003 seconds [3m(lmcache_driven_transfer.py:1276:lmcache.v1.multiprocess.modules.lmcache_driven_transfer)[0m
[32;20m[2026-09-29 17:06:12,385] LMCache INFO:[0m Stored 256 tokens in 0.001 seconds [3m(lmcache_driven_transfer.py:1276:lmcache.v1.multiprocess.modules.lmcache_driven_transfer)[0m
[32;20m[2026-09-29 17:06:12,581] LMCache INFO:[0m Prefetch request completed (L1+L2): 9/11 retained keys (9 L1, 0 L2) in 2488.0 ms (external_request_id=chatcmpl-9633b6da00e72a16-a21c1d4f, prefetch_request_id=-1) [3m(storage_manager.py:726:lmcache.v1.distributed.storage_manager)[0m
[32;20m[2026-09-29 17:06:12,581] LMCache INFO:[0m Prefetch request completed (L1+L2): 9/10 retained keys (9 L1, 0 L2) in 2487.9 ms (external_request_id=chatcmpl-aba56267b03b45ba-8902c20b, prefetch_request_id=-1) [3m(storage_manager.py:726:lmcache.v1.distributed.storage_manager)[0m
[32;20m[2026-09-29 17:06:12,581] LMCache INFO:[0m Prefetch request completed (L1+L2): 10/11 retained keys (10 L1, 0 L2) in 2487.9 ms (external_request_id=chatcmpl-81905a3f4cc73f66-a09bbfa9, prefetch_request_id=-1) [3m(storage_manager.py:726:lmcache.v1.distributed.storage_manager)[0m
[32;20m[2026-09-29 17:06:12,582] LMCache INFO:[0m Prefetch request completed (L1+L2): 9/10 retained keys (9 L1, 0 L2) in 2487.7 ms (external_request_id=chatcmpl-89ba47403e018c33-a8f2ee61, prefetch_request_id=-1) [3m(storage_manager.py:726:lmcache.v1.distributed.storage_manager)[0m
[32;20m[2026-09-29 17:06:12,626] LMCache INFO:[0m Stored 512 tokens in 0.001 seconds [3m(lmcache_driven_transfer.py:1276:lmcache.v1.multiprocess.modules.lmcache_driven_transfer)[0m
[32;20m[2026-09-29 17:06:12,776] LMCache INFO:[0m Stored 256 tokens in 0.001 seconds [3m(lmcache_driven_transfer.py:1276:lmcache.v1.multiprocess.modules.lmcache_driven_transfer)[0m
[32;20m[2026-09-29 17:06:12,851] LMCache INFO:[0m Stored 256 tokens in 0.001 seconds [3m(lmcache_driven_transfer.py:1276:lmcache.v1.multiprocess.modules.lmcache_driven_transfer)[0m
[32;20m[2026-09-29 17:06:12,918] LMCache INFO:[0m Stored 256 tokens in 0.001 seconds [3m(lmcache_driven_transfer.py:1276:lmcache.v1.multiprocess.modules.lmcache_driven_transfer)[0m
[32;20m[2026-09-29 17:06:12,979] LMCache INFO:[0m Prefetch request completed (L1+L2): 9/10 retained keys (9 L1, 0 L2) in 396.7 ms (external_request_id=chatcmpl-a8f138f83aa47768-9587a484, prefetch_request_id=-1) [3m(storage_manager.py:726:lmcache.v1.distributed.storage_manager)[0m
[32;20m[2026-09-29 17:06:12,979] LMCache INFO:[0m Prefetch request completed (L1+L2): 9/12 retained keys (9 L1, 0 L2) in 396.4 ms (external_request_id=chatcmpl-a33fbadd8a4fd70b-b25b990a, prefetch_request_id=-1) [3m(storage_manager.py:726:lmcache.v1.distributed.storage_manager)[0m
[32;20m[2026-09-29 17:06:12,979] LMCache INFO:[0m Prefetch request completed (L1+L2): 9/11 retained keys (9 L1, 0 L2) in 396.2 ms (external_request_id=chatcmpl-837a29ad3c9aab7b-b88fa4d6, prefetch_request_id=-1) [3m(storage_manager.py:726:lmcache.v1.distributed.storage_manager)[0m
[32;20m[2026-09-29 17:06:12,979] LMCache INFO:[0m Prefetch request completed (L1+L2): 9/11 retained keys (9 L1, 0 L2) in 395.9 ms (external_request_id=chatcmpl-b606fb052758dce8-aa269c8a, prefetch_request_id=-1) [3m(storage_manager.py:726:lmcache.v1.distributed.storage_manager)[0m
[32;20m[2026-09-29 17:06:12,980] LMCache INFO:[0m Prefetch request completed (L1+L2): 10/12 retained keys (10 L1, 0 L2) in 395.7 ms (external_request_id=chatcmpl-8f02bb4f88a0cc06-949a960a, prefetch_request_id=-1) [3m(storage_manager.py:726:lmcache.v1.distributed.storage_manager)[0m
[32;20m[2026-09-29 17:06:12,980] LMCache INFO:[0m Prefetch request completed (L1+L2): 9/10 retained keys (9 L1, 0 L2) in 395.3 ms (external_request_id=chatcmpl-ab2a3ad84cbcdc20-b8ce1cb9, prefetch_request_id=-1) [3m(storage_manager.py:726:lmcache.v1.distributed.storage_manager)[0m
[32;20m[2026-09-29 17:06:12,980] LMCache INFO:[0m Prefetch request completed (L1+L2): 12/12 retained keys (12 L1, 0 L2) in 395.1 ms (external_request_id=chatcmpl-b7baa2135332ab25-8384f8c5, prefetch_request_id=-1) [3m(storage_manager.py:726:lmcache.v1.distributed.storage_manager)[0m
[32;20m[2026-09-29 17:06:12,980] LMCache INFO:[0m Prefetch request completed (L1+L2): 9/12 retained keys (9 L1, 0 L2) in 394.7 ms (external_request_id=chatcmpl-a41a98cb72eb41d9-8b4df205, prefetch_request_id=-1) [3m(storage_manager.py:726:lmcache.v1.distributed.storage_manager)[0m
[32;20m[2026-09-29 17:06:12,980] LMCache INFO:[0m Prefetch request completed (L1+L2): 10/11 retained keys (10 L1, 0 L2) in 394.6 ms (external_request_id=chatcmpl-a35296e4c756eef0-ab246fcc, prefetch_request_id=-1) [3m(storage_manager.py:726:lmcache.v1.distributed.storage_manager)[0m
[32;20m[2026-09-29 17:06:12,981] LMCache INFO:[0m Prefetch request completed (L1+L2): 12/13 retained keys (12 L1, 0 L2) in 393.2 ms (external_request_id=chatcmpl-84e37a9dc5d3f4d6-957d29e4, prefetch_request_id=-1) [3m(storage_manager.py:726:lmcache.v1.distributed.storage_manager)[0m
[32;20m[2026-09-29 17:06:12,981] LMCache INFO:[0m Prefetch request completed (L1+L2): 10/13 retained keys (10 L1, 0 L2) in 393.2 ms (external_request_id=chatcmpl-bd9a81c46def9755-979b1675, prefetch_request_id=-1) [3m(storage_manager.py:726:lmcache.v1.distributed.storage_manager)[0m
[32;20m[2026-09-29 17:06:12,981] LMCache INFO:[0m Prefetch request completed (L1+L2): 11/12 retained keys (11 L1, 0 L2) in 393.1 ms (external_request_id=chatcmpl-a4955d81c9b4f7a1-93945c1e, prefetch_request_id=-1) [3m(storage_manager.py:726:lmcache.v1.distributed.storage_manager)[0m
[32;20m[2026-09-29 17:06:12,981] LMCache INFO:[0m Prefetch request completed (L1+L2): 10/10 retained keys (10 L1, 0 L2) in 393.1 ms (external_request_id=chatcmpl-8b3c764777b109fe-b7f0c8b7, prefetch_request_id=-1) [3m(storage_manager.py:726:lmcache.v1.distributed.storage_manager)[0m
[32;20m[2026-09-29 17:06:12,981] LMCache INFO:[0m Prefetch request completed (L1+L2): 10/11 retained keys (10 L1, 0 L2) in 393.1 ms (external_request_id=chatcmpl-9a7418a34d6612dc-ad28de94, prefetch_request_id=-1) [3m(storage_manager.py:726:lmcache.v1.distributed.storage_manager)[0m
[32;20m[2026-09-29 17:06:12,981] LMCache INFO:[0m Prefetch request completed (L1+L2): 10/11 retained keys (10 L1, 0 L2) in 393.2 ms (external_request_id=chatcmpl-956773659d0aa8ee-b9bd74e0, prefetch_request_id=-1) [3m(storage_manager.py:726:lmcache.v1.distributed.storage_manager)[0m
[32;20m[2026-09-29 17:06:12,982] LMCache INFO:[0m Prefetch request completed (L1+L2): 9/10 retained keys (9 L1, 0 L2) in 393.1 ms (external_request_id=chatcmpl-bec9905f5723b01a-b9151b0a, prefetch_request_id=-1) [3m(storage_manager.py:726:lmcache.v1.distributed.storage_manager)[0m
[32;20m[2026-09-29 17:06:12,982] LMCache INFO:[0m Prefetch request completed (L1+L2): 9/10 retained keys (9 L1, 0 L2) in 393.0 ms (external_request_id=chatcmpl-acefb22331fc67ac-9877f0ca, prefetch_request_id=-1) [3m(storage_manager.py:726:lmcache.v1.distributed.storage_manager)[0m
[32;20m[2026-09-29 17:06:12,982] LMCache INFO:[0m Prefetch request completed (L1+L2): 9/11 retained keys (9 L1, 0 L2) in 392.4 ms (external_request_id=chatcmpl-873c7d7eb35441f8-b4c56487, prefetch_request_id=-1) [3m(storage_manager.py:726:lmcache.v1.distributed.storage_manager)[0m
[32;20m[2026-09-29 17:06:12,982] LMCache INFO:[0m Prefetch request completed (L1+L2): 10/13 retained keys (10 L1, 0 L2) in 392.3 ms (external_request_id=chatcmpl-b6914b45c38f302f-a12e6ecc, prefetch_request_id=-1) [3m(storage_manager.py:726:lmcache.v1.distributed.storage_manager)[0m
[32;20m[2026-09-29 17:06:12,982] LMCache INFO:[0m Prefetch request completed (L1+L2): 9/9 retained keys (9 L1, 0 L2) in 392.0 ms (external_request_id=chatcmpl-804bcb9717902bd9-a1719129, prefetch_request_id=-1) [3m(storage_manager.py:726:lmcache.v1.distributed.storage_manager)[0m
[32;20m[2026-09-29 17:06:13,026] LMCache INFO:[0m Stored 256 tokens in 0.001 seconds [3m(lmcache_driven_transfer.py:1276:lmcache.v1.multiprocess.modules.lmcache_driven_transfer)[0m
[32;20m[2026-09-29 17:06:13,039] LMCache INFO:[0m L1 memory usage 0.81 above watermark 0.80; triggering eviction. [3m(eviction_controller.py:179:lmcache.v1.distributed.storage_controllers.eviction_controller)[0m
[32;20m[2026-09-29 17:06:13,136] LMCache INFO:[0m Stored 768 tokens in 0.002 seconds [3m(lmcache_driven_transfer.py:1276:lmcache.v1.multiprocess.modules.lmcache_driven_transfer)[0m
[32;20m[2026-09-29 17:06:13,138] LMCache INFO:[0m Stored 256 tokens in 0.001 seconds [3m(lmcache_driven_transfer.py:1276:lmcache.v1.multiprocess.modules.lmcache_driven_transfer)[0m
[32;20m[2026-09-29 17:06:13,439] LMCache INFO:[0m Stored 512 tokens in 0.002 seconds [3m(lmcache_driven_transfer.py:1276:lmcache.v1.multiprocess.modules.lmcache_driven_transfer)[0m
[32;20m[2026-09-29 17:06:13,525] LMCache INFO:[0m Stored 512 tokens in 0.001 seconds [3m(lmcache_driven_transfer.py:1276:lmcache.v1.multiprocess.modules.lmcache_driven_transfer)[0m
[32;20m[2026-09-29 17:06:13,526] LMCache INFO:[0m Stored 512 tokens in 0.001 seconds [3m(lmcache_driven_transfer.py:1276:lmcache.v1.multiprocess.modules.lmcache_driven_transfer)[0m
[32;20m[2026-09-29 17:06:13,657] LMCache INFO:[0m Stored 256 tokens in 0.001 seconds [3m(lmcache_driven_transfer.py:1276:lmcache.v1.multiprocess.modules.lmcache_driven_transfer)[0m
[32;20m[2026-09-29 17:06:13,747] LMCache INFO:[0m Stored 256 tokens in 0.001 seconds [3m(lmcache_driven_transfer.py:1276:lmcache.v1.multiprocess.modules.lmcache_driven_transfer)[0m
[32;20m[2026-09-29 17:06:13,876] LMCache INFO:[0m Stored 768 tokens in 0.001 seconds [3m(lmcache_driven_transfer.py:1276:lmcache.v1.multiprocess.modules.lmcache_driven_transfer)[0m
[32;20m[2026-09-29 17:06:14,027] LMCache INFO:[0m Stored 256 tokens in 0.002 seconds [3m(lmcache_driven_transfer.py:1276:lmcache.v1.multiprocess.modules.lmcache_driven_transfer)[0m
[32;20m[2026-09-29 17:06:14,058] LMCache INFO:[0m Stored 256 tokens in 0.001 seconds [3m(lmcache_driven_transfer.py:1276:lmcache.v1.multiprocess.modules.lmcache_driven_transfer)[0m
[32;20m[2026-09-29 17:06:14,098] LMCache INFO:[0m Stored 768 tokens in 0.001 seconds [3m(lmcache_driven_transfer.py:1276:lmcache.v1.multiprocess.modules.lmcache_driven_transfer)[0m
[32;20m[2026-09-29 17:06:14,203] LMCache INFO:[0m Stored 256 tokens in 0.001 seconds [3m(lmcache_driven_transfer.py:1276:lmcache.v1.multiprocess.modules.lmcache_driven_transfer)[0m
[32;20m[2026-09-29 17:06:14,356] LMCache INFO:[0m Stored 256 tokens in 0.001 seconds [3m(lmcache_driven_transfer.py:1276:lmcache.v1.multiprocess.modules.lmcache_driven_transfer)[0m
[32;20m[2026-09-29 17:06:14,459] LMCache INFO:[0m Stored 256 tokens in 0.001 seconds [3m(lmcache_driven_transfer.py:1276:lmcache.v1.multiprocess.modules.lmcache_driven_transfer)[0m
[32;20m[2026-09-29 17:06:14,669] LMCache INFO:[0m Stored 256 tokens in 0.001 seconds [3m(lmcache_driven_transfer.py:1276:lmcache.v1.multiprocess.modules.lmcache_driven_transfer)[0m
[32;20m[2026-09-29 17:06:14,670] LMCache INFO:[0m Stored 256 tokens in 0.001 seconds [3m(lmcache_driven_transfer.py:1276:lmcache.v1.multiprocess.modules.lmcache_driven_transfer)[0m
[32;20m[2026-09-29 17:06:15,031] LMCache INFO:[0m Stored 256 tokens in 0.001 seconds [3m(lmcache_driven_transfer.py:1276:lmcache.v1.multiprocess.modules.lmcache_driven_transfer)[0m
[32;20m[2026-09-29 17:06:15,241] LMCache INFO:[0m Stored 512 tokens in 0.002 seconds [3m(lmcache_driven_transfer.py:1276:lmcache.v1.multiprocess.modules.lmcache_driven_transfer)[0m
[32;20m[2026-09-29 17:06:15,242] LMCache INFO:[0m Stored 768 tokens in 0.001 seconds [3m(lmcache_driven_transfer.py:1276:lmcache.v1.multiprocess.modules.lmcache_driven_transfer)[0m
[32;20m[2026-09-29 17:06:15,411] LMCache INFO:[0m Prefetch request completed (L1+L2): 9/10 retained keys (9 L1, 0 L2) in 2428.8 ms (external_request_id=chatcmpl-9369b33a63322249-adddc237, prefetch_request_id=-1) [3m(storage_manager.py:726:lmcache.v1.distributed.storage_manager)[0m
[32;20m[2026-09-29 17:06:15,412] LMCache INFO:[0m Prefetch request completed (L1+L2): 9/9 retained keys (9 L1, 0 L2) in 2428.9 ms (external_request_id=chatcmpl-af82d5a317aeaa1f-b0beed01, prefetch_request_id=-1) [3m(storage_manager.py:726:lmcache.v1.distributed.storage_manager)[0m
[32;20m[2026-09-29 17:06:15,412] LMCache INFO:[0m Prefetch request completed (L1+L2): 9/11 retained keys (9 L1, 0 L2) in 2428.6 ms (external_request_id=chatcmpl-b65f82cbd03a05ac-838a1804, prefetch_request_id=-1) [3m(storage_manager.py:726:lmcache.v1.distributed.storage_manager)[0m
[32;20m[2026-09-29 17:06:15,412] LMCache INFO:[0m Prefetch request completed (L1+L2): 9/10 retained keys (9 L1, 0 L2) in 2428.2 ms (external_request_id=chatcmpl-91f99faa5f2550c9-a2f2ad2d, prefetch_request_id=-1) [3m(storage_manager.py:726:lmcache.v1.distributed.storage_manager)[0m
[32;20m[2026-09-29 17:06:15,478] LMCache INFO:[0m Stored 256 tokens in 0.001 seconds [3m(lmcache_driven_transfer.py:1276:lmcache.v1.multiprocess.modules.lmcache_driven_transfer)[0m
[32;20m[2026-09-29 17:06:15,612] LMCache INFO:[0m Stored 256 tokens in 0.001 seconds [3m(lmcache_driven_transfer.py:1276:lmcache.v1.multiprocess.modules.lmcache_driven_transfer)[0m
[32;20m[2026-09-29 17:06:15,663] LMCache INFO:[0m Stored 512 tokens in 0.001 seconds [3m(lmcache_driven_transfer.py:1276:lmcache.v1.multiprocess.modules.lmcache_driven_transfer)[0m
[32;20m[2026-09-29 17:06:15,664] LMCache INFO:[0m Stored 256 tokens in 0.001 seconds [3m(lmcache_driven_transfer.py:1276:lmcache.v1.multiprocess.modules.lmcache_driven_transfer)[0m
[32;20m[2026-09-29 17:06:15,882] LMCache INFO:[0m Stored 256 tokens in 0.001 seconds [3m(lmcache_driven_transfer.py:1276:lmcache.v1.multiprocess.modules.lmcache_driven_transfer)[0m
[32;20m[2026-09-29 17:06:16,042] LMCache INFO:[0m Prefetch request completed (L1+L2): 10/13 retained keys (10 L1, 0 L2) in 629.1 ms (external_request_id=chatcmpl-9c4712b1a1577a8e-9acda2f6, prefetch_request_id=-1) [3m(storage_manager.py:726:lmcache.v1.distributed.storage_manager)[0m
[32;20m[2026-09-29 17:06:16,042] LMCache INFO:[0m Prefetch request completed (L1+L2): 9/10 retained keys (9 L1, 0 L2) in 628.8 ms (external_request_id=chatcmpl-8d00fad3b453204f-9fb3f320, prefetch_request_id=-1) [3m(storage_manager.py:726:lmcache.v1.distributed.storage_manager)[0m
[32;20m[2026-09-29 17:06:16,042] LMCache INFO:[0m Prefetch request completed (L1+L2): 12/13 retained keys (12 L1, 0 L2) in 628.3 ms (external_request_id=chatcmpl-8cd13fcdf65b4cfb-a1d969d7, prefetch_request_id=-1) [3m(storage_manager.py:726:lmcache.v1.distributed.storage_manager)[0m
[32;20m[2026-09-29 17:06:16,042] LMCache INFO:[0m Prefetch request completed (L1+L2): 9/9 retained keys (9 L1, 0 L2) in 628.2 ms (external_request_id=chatcmpl-aa7539640e303caf-9cda9ede, prefetch_request_id=-1) [3m(storage_manager.py:726:lmcache.v1.distributed.storage_manager)[0m
[32;20m[2026-09-29 17:06:16,043] LMCache INFO:[0m Prefetch request completed (L1+L2): 10/11 retained keys (10 L1, 0 L2) in 627.9 ms (external_request_id=chatcmpl-80492604cddf3796-b989c6fd, prefetch_request_id=-1) [3m(storage_manager.py:726:lmcache.v1.distributed.storage_manager)[0m
[32;20m[2026-09-29 17:06:16,043] LMCache INFO:[0m Prefetch request completed (L1+L2): 12/13 retained keys (12 L1, 0 L2) in 628.0 ms (external_request_id=chatcmpl-903e288683aefa0a-a36da826, prefetch_request_id=-1) [3m(storage_manager.py:726:lmcache.v1.distributed.storage_manager)[0m
[32;20m[2026-09-29 17:06:16,043] LMCache INFO:[0m Prefetch request completed (L1+L2): 10/11 retained keys (10 L1, 0 L2) in 627.0 ms (external_request_id=chatcmpl-91c65ec897a4eb50-ac263fa7, prefetch_request_id=-1) [3m(storage_manager.py:726:lmcache.v1.distributed.storage_manager)[0m
[32;20m[2026-09-29 17:06:16,043] LMCache INFO:[0m Prefetch request completed (L1+L2): 11/12 retained keys (11 L1, 0 L2) in 627.0 ms (external_request_id=chatcmpl-9903f3ca1742073d-9c00ee0d, prefetch_request_id=-1) [3m(storage_manager.py:726:lmcache.v1.distributed.storage_manager)[0m
[32;20m[2026-09-29 17:06:16,043] LMCache INFO:[0m Prefetch request completed (L1+L2): 10/11 retained keys (10 L1, 0 L2) in 627.0 ms (external_request_id=chatcmpl-a0833e81eb635eef-a82a67d0, prefetch_request_id=-1) [3m(storage_manager.py:726:lmcache.v1.distributed.storage_manager)[0m
[32;20m[2026-09-29 17:06:16,043] LMCache INFO:[0m Prefetch request completed (L1+L2): 10/11 retained keys (10 L1, 0 L2) in 626.9 ms (external_request_id=chatcmpl-96548829cfdb5bfe-8e0a18a5, prefetch_request_id=-1) [3m(storage_manager.py:726:lmcache.v1.distributed.storage_manager)[0m
[32;20m[2026-09-29 17:06:16,043] LMCache INFO:[0m Prefetch request completed (L1+L2): 10/12 retained keys (10 L1, 0 L2) in 626.5 ms (external_request_id=chatcmpl-9914f4dd8f215c22-aeb62d85, prefetch_request_id=-1) [3m(storage_manager.py:726:lmcache.v1.distributed.storage_manager)[0m
[32;20m[2026-09-29 17:06:16,044] LMCache INFO:[0m Prefetch request completed (L1+L2): 9/10 retained keys (9 L1, 0 L2) in 626.2 ms (external_request_id=chatcmpl-b6152740f9cb3354-9d444020, prefetch_request_id=-1) [3m(storage_manager.py:726:lmcache.v1.distributed.storage_manager)[0m
[32;20m[2026-09-29 17:06:16,044] LMCache INFO:[0m Prefetch request completed (L1+L2): 9/12 retained keys (9 L1, 0 L2) in 625.9 ms (external_request_id=chatcmpl-89ce4c2948e17927-b72ec09e, prefetch_request_id=-1) [3m(storage_manager.py:726:lmcache.v1.distributed.storage_manager)[0m
[32;20m[2026-09-29 17:06:16,044] LMCache INFO:[0m Prefetch request completed (L1+L2): 9/10 retained keys (9 L1, 0 L2) in 625.6 ms (external_request_id=chatcmpl-982bb2c10c2a5a1e-bac0e335, prefetch_request_id=-1) [3m(storage_manager.py:726:lmcache.v1.distributed.storage_manager)[0m
[32;20m[2026-09-29 17:06:16,044] LMCache INFO:[0m Prefetch request completed (L1+L2): 10/13 retained keys (10 L1, 0 L2) in 625.5 ms (external_request_id=chatcmpl-a5191e9a7dc616d3-a14797cc, prefetch_request_id=-1) [3m(storage_manager.py:726:lmcache.v1.distributed.storage_manager)[0m
[32;20m[2026-09-29 17:06:16,044] LMCache INFO:[0m Prefetch request completed (L1+L2): 9/11 retained keys (9 L1, 0 L2) in 624.8 ms (external_request_id=chatcmpl-90d2eb26d1666a43-be36c2e7, prefetch_request_id=-1) [3m(storage_manager.py:726:lmcache.v1.distributed.storage_manager)[0m
[32;20m[2026-09-29 17:06:16,045] LMCache INFO:[0m Prefetch request completed (L1+L2): 9/9 retained keys (9 L1, 0 L2) in 624.8 ms (external_request_id=chatcmpl-a255c5a6e2d2de6e-8f46f51a, prefetch_request_id=-1) [3m(storage_manager.py:726:lmcache.v1.distributed.storage_manager)[0m
[32;20m[2026-09-29 17:06:16,045] LMCache INFO:[0m Prefetch request completed (L1+L2): 9/11 retained keys (9 L1, 0 L2) in 624.8 ms (external_request_id=chatcmpl-8d3daa360f82aef7-b8c14e81, prefetch_request_id=-1) [3m(storage_manager.py:726:lmcache.v1.distributed.storage_manager)[0m
[32;20m[2026-09-29 17:06:16,046] LMCache INFO:[0m Prefetch request completed (L1+L2): 9/10 retained keys (9 L1, 0 L2) in 625.0 ms (external_request_id=chatcmpl-8eab283ed18e91af-a6321845, prefetch_request_id=-1) [3m(storage_manager.py:726:lmcache.v1.distributed.storage_manager)[0m
[32;20m[2026-09-29 17:06:16,096] LMCache INFO:[0m Stored 768 tokens in 0.002 seconds [3m(lmcache_driven_transfer.py:1276:lmcache.v1.multiprocess.modules.lmcache_driven_transfer)[0m
[32;20m[2026-09-29 17:06:16,097] LMCache INFO:[0m Stored 256 tokens in 0.001 seconds [3m(lmcache_driven_transfer.py:1276:lmcache.v1.multiprocess.modules.lmcache_driven_transfer)[0m
[32;20m[2026-09-29 17:06:16,099] LMCache INFO:[0m Stored 256 tokens in 0.001 seconds [3m(lmcache_driven_transfer.py:1276:lmcache.v1.multiprocess.modules.lmcache_driven_transfer)[0m
[32;20m[2026-09-29 17:06:16,446] LMCache INFO:[0m Stored 256 tokens in 0.002 seconds [3m(lmcache_driven_transfer.py:1276:lmcache.v1.multiprocess.modules.lmcache_driven_transfer)[0m
[32;20m[2026-09-29 17:06:16,448] LMCache INFO:[0m Stored 256 tokens in 0.001 seconds [3m(lmcache_driven_transfer.py:1276:lmcache.v1.multiprocess.modules.lmcache_driven_transfer)[0m
[32;20m[2026-09-29 17:06:16,533] LMCache INFO:[0m Stored 256 tokens in 0.005 seconds [3m(lmcache_driven_transfer.py:1276:lmcache.v1.multiprocess.modules.lmcache_driven_transfer)[0m
[32;20m[2026-09-29 17:06:16,561] LMCache INFO:[0m Stored 256 tokens in 0.001 seconds [3m(lmcache_driven_transfer.py:1276:lmcache.v1.multiprocess.modules.lmcache_driven_transfer)[0m
[32;20m[2026-09-29 17:06:16,691] LMCache INFO:[0m Stored 256 tokens in 0.001 seconds [3m(lmcache_driven_transfer.py:1276:lmcache.v1.multiprocess.modules.lmcache_driven_transfer)[0m
[32;20m[2026-09-29 17:06:16,732] LMCache INFO:[0m Stored 256 tokens in 0.001 seconds [3m(lmcache_driven_transfer.py:1276:lmcache.v1.multiprocess.modules.lmcache_driven_transfer)[0m
[32;20m[2026-09-29 17:06:16,960] LMCache INFO:[0m Stored 256 tokens in 0.001 seconds [3m(lmcache_driven_transfer.py:1276:lmcache.v1.multiprocess.modules.lmcache_driven_transfer)[0m
[32;20m[2026-09-29 17:06:17,053] LMCache INFO:[0m Stored 512 tokens in 0.001 seconds [3m(lmcache_driven_transfer.py:1276:lmcache.v1.multiprocess.modules.lmcache_driven_transfer)[0m
[32;20m[2026-09-29 17:06:17,055] LMCache INFO:[0m Stored 256 tokens in 0.001 seconds [3m(lmcache_driven_transfer.py:1276:lmcache.v1.multiprocess.modules.lmcache_driven_transfer)[0m
[32;20m[2026-09-29 17:06:17,183] LMCache INFO:[0m Stored 256 tokens in 0.001 seconds [3m(lmcache_driven_transfer.py:1276:lmcache.v1.multiprocess.modules.lmcache_driven_transfer)[0m
[32;20m[2026-09-29 17:06:17,251] LMCache INFO:[0m Stored 768 tokens in 0.002 seconds [3m(lmcache_driven_transfer.py:1276:lmcache.v1.multiprocess.modules.lmcache_driven_transfer)[0m
[32;20m[2026-09-29 17:06:17,252] LMCache INFO:[0m Stored 256 tokens in 0.001 seconds [3m(lmcache_driven_transfer.py:1276:lmcache.v1.multiprocess.modules.lmcache_driven_transfer)[0m
[32;20m[2026-09-29 17:06:17,419] LMCache INFO:[0m Stored 256 tokens in 0.001 seconds [3m(lmcache_driven_transfer.py:1276:lmcache.v1.multiprocess.modules.lmcache_driven_transfer)[0m
[32;20m[2026-09-29 17:06:17,545] LMCache INFO:[0m Stored 768 tokens in 0.001 seconds [3m(lmcache_driven_transfer.py:1276:lmcache.v1.multiprocess.modules.lmcache_driven_transfer)[0m
[32;20m[2026-09-29 17:06:17,675] LMCache INFO:[0m Stored 512 tokens in 0.001 seconds [3m(lmcache_driven_transfer.py:1276:lmcache.v1.multiprocess.modules.lmcache_driven_transfer)[0m
[32;20m[2026-09-29 17:06:17,676] LMCache INFO:[0m Stored 256 tokens in 0.001 seconds [3m(lmcache_driven_transfer.py:1276:lmcache.v1.multiprocess.modules.lmcache_driven_transfer)[0m
INFO:     172.26.132.42:5957 - "GET /metrics HTTP/1.1" 200 OK
[32;20m[2026-09-29 17:06:17,775] LMCache INFO:[0m Stored 256 tokens in 0.001 seconds [3m(lmcache_driven_transfer.py:1276:lmcache.v1.multiprocess.modules.lmcache_driven_transfer)[0m
[32;20m[2026-09-29 17:06:17,896] LMCache INFO:[0m Stored 512 tokens in 0.001 seconds [3m(lmcache_driven_transfer.py:1276:lmcache.v1.multiprocess.modules.lmcache_driven_transfer)[0m
[32;20m[2026-09-29 17:06:18,034] LMCache INFO:[0m Stored 256 tokens in 0.001 seconds [3m(lmcache_driven_transfer.py:1276:lmcache.v1.multiprocess.modules.lmcache_driven_transfer)[0m
[32;20m[2026-09-29 17:06:18,271] LMCache INFO:[0m Prefetch request completed (L1+L2): 9/12 retained keys (9 L1, 0 L2) in 2224.7 ms (external_request_id=chatcmpl-852077727e1efc63-bc18c3d1, prefetch_request_id=-1) [3m(storage_manager.py:726:lmcache.v1.distributed.storage_manager)[0m
[32;20m[2026-09-29 17:06:18,271] LMCache INFO:[0m Prefetch request completed (L1+L2): 10/12 retained keys (10 L1, 0 L2) in 2224.6 ms (external_request_id=chatcmpl-9ba51374569b232e-9f3643dd, prefetch_request_id=-1) [3m(storage_manager.py:726:lmcache.v1.distributed.storage_manager)[0m
[32;20m[2026-09-29 17:06:18,271] LMCache INFO:[0m Prefetch request completed (L1+L2): 9/11 retained keys (9 L1, 0 L2) in 2224.5 ms (external_request_id=chatcmpl-bbb38c4375644f84-b3ac6dd0, prefetch_request_id=-1) [3m(storage_manager.py:726:lmcache.v1.distributed.storage_manager)[0m
[32;20m[2026-09-29 17:06:18,271] LMCache INFO:[0m Prefetch request completed (L1+L2): 12/13 retained keys (12 L1, 0 L2) in 2224.2 ms (external_request_id=chatcmpl-bc91ed0f48e7c19a-bff6db21, prefetch_request_id=-1) [3m(storage_manager.py:726:lmcache.v1.distributed.storage_manager)[0m
[32;20m[2026-09-29 17:06:18,271] LMCache INFO:[0m Prefetch request completed (L1+L2): 9/11 retained keys (9 L1, 0 L2) in 2224.0 ms (external_request_id=chatcmpl-b045f63153412782-bb7fdd50, prefetch_request_id=-1) [3m(storage_manager.py:726:lmcache.v1.distributed.storage_manager)[0m
[32;20m[2026-09-29 17:06:18,318] LMCache INFO:[0m Stored 768 tokens in 0.002 seconds [3m(lmcache_driven_transfer.py:1276:lmcache.v1.multiprocess.modules.lmcache_driven_transfer)[0m
[32;20m[2026-09-29 17:06:18,350] LMCache INFO:[0m Stored 512 tokens in 0.001 seconds [3m(lmcache_driven_transfer.py:1276:lmcache.v1.multiprocess.modules.lmcache_driven_transfer)[0m
[32;20m[2026-09-29 17:06:18,612] LMCache INFO:[0m Stored 512 tokens in 0.001 seconds [3m(lmcache_driven_transfer.py:1276:lmcache.v1.multiprocess.modules.lmcache_driven_transfer)[0m
[32;20m[2026-09-29 17:06:18,613] LMCache INFO:[0m Stored 256 tokens in 0.001 seconds [3m(lmcache_driven_transfer.py:1276:lmcache.v1.multiprocess.modules.lmcache_driven_transfer)[0m
[32;20m[2026-09-29 17:06:18,756] LMCache INFO:[0m Stored 512 tokens in 0.001 seconds [3m(lmcache_driven_transfer.py:1276:lmcache.v1.multiprocess.modules.lmcache_driven_transfer)[0m
[32;20m[2026-09-29 17:06:18,892] LMCache INFO:[0m Prefetch request completed (L1+L2): 10/12 retained keys (10 L1, 0 L2) in 619.9 ms (external_request_id=chatcmpl-88706ecab3548c30-bf2eed9d, prefetch_request_id=-1) [3m(storage_manager.py:726:lmcache.v1.distributed.storage_manager)[0m
[32;20m[2026-09-29 17:06:18,892] LMCache INFO:[0m Prefetch request completed (L1+L2): 12/15 retained keys (12 L1, 0 L2) in 619.6 ms (external_request_id=chatcmpl-801a41740e19fcee-9b916358, prefetch_request_id=-1) [3m(storage_manager.py:726:lmcache.v1.distributed.storage_manager)[0m
[32;20m[2026-09-29 17:06:18,892] LMCache INFO:[0m Prefetch request completed (L1+L2): 10/12 retained keys (10 L1, 0 L2) in 619.3 ms (external_request_id=chatcmpl-928289fffc8b3874-a3ed9e7f, prefetch_request_id=-1) [3m(storage_manager.py:726:lmcache.v1.distributed.storage_manager)[0m
[32;20m[2026-09-29 17:06:18,892] LMCache INFO:[0m Prefetch request completed (L1+L2): 11/12 retained keys (11 L1, 0 L2) in 619.2 ms (external_request_id=chatcmpl-9490548f7527d2f3-950d135a, prefetch_request_id=-1) [3m(storage_manager.py:726:lmcache.v1.distributed.storage_manager)[0m
[32;20m[2026-09-29 17:06:18,893] LMCache INFO:[0m Prefetch request completed (L1+L2): 10/13 retained keys (10 L1, 0 L2) in 618.9 ms (external_request_id=chatcmpl-addfc29573f148ff-9731119e, prefetch_request_id=-1) [3m(storage_manager.py:726:lmcache.v1.distributed.storage_manager)[0m
[32;20m[2026-09-29 17:06:18,893] LMCache INFO:[0m Prefetch request completed (L1+L2): 10/13 retained keys (10 L1, 0 L2) in 618.3 ms (external_request_id=chatcmpl-93cc5474befc2c3c-836138bf, prefetch_request_id=-1) [3m(storage_manager.py:726:lmcache.v1.distributed.storage_manager)[0m
[32;20m[2026-09-29 17:06:18,893] LMCache INFO:[0m Prefetch request completed (L1+L2): 10/13 retained keys (10 L1, 0 L2) in 618.3 ms (external_request_id=chatcmpl-9a9489ae5c387446-98a5a61f, prefetch_request_id=-1) [3m(storage_manager.py:726:lmcache.v1.distributed.storage_manager)[0m
[32;20m[2026-09-29 17:06:18,893] LMCache INFO:[0m Prefetch request completed (L1+L2): 9/11 retained keys (9 L1, 0 L2) in 617.9 ms (external_request_id=chatcmpl-94b98e6654346ae0-8aa99451, prefetch_request_id=-1) [3m(storage_manager.py:726:lmcache.v1.distributed.storage_manager)[0m
[32;20m[2026-09-29 17:06:18,893] LMCache INFO:[0m Prefetch request completed (L1+L2): 9/10 retained keys (9 L1, 0 L2) in 617.7 ms (external_request_id=chatcmpl-9f6aa4e23d36332d-bdd49a4e, prefetch_request_id=-1) [3m(storage_manager.py:726:lmcache.v1.distributed.storage_manager)[0m
[32;20m[2026-09-29 17:06:18,893] LMCache INFO:[0m Prefetch request completed (L1+L2): 9/11 retained keys (9 L1, 0 L2) in 617.5 ms (external_request_id=chatcmpl-8abe8ef70dfca687-96598f99, prefetch_request_id=-1) [3m(storage_manager.py:726:lmcache.v1.distributed.storage_manager)[0m
[32;20m[2026-09-29 17:06:18,894] LMCache INFO:[0m Prefetch request completed (L1+L2): 10/13 retained keys (10 L1, 0 L2) in 617.2 ms (external_request_id=chatcmpl-a561c7eb911b75a0-b9de21b3, prefetch_request_id=-1) [3m(storage_manager.py:726:lmcache.v1.distributed.storage_manager)[0m
[32;20m[2026-09-29 17:06:18,894] LMCache INFO:[0m Prefetch request completed (L1+L2): 9/10 retained keys (9 L1, 0 L2) in 617.2 ms (external_request_id=chatcmpl-9eff524153b95fc2-b938a735, prefetch_request_id=-1) [3m(storage_manager.py:726:lmcache.v1.distributed.storage_manager)[0m
[32;20m[2026-09-29 17:06:18,894] LMCache INFO:[0m Prefetch request completed (L1+L2): 9/10 retained keys (9 L1, 0 L2) in 616.8 ms (external_request_id=chatcmpl-b84025fa4d5d7fc2-8bc2b196, prefetch_request_id=-1) [3m(storage_manager.py:726:lmcache.v1.distributed.storage_manager)[0m
[32;20m[2026-09-29 17:06:18,894] LMCache INFO:[0m Prefetch request completed (L1+L2): 9/11 retained keys (9 L1, 0 L2) in 616.5 ms (external_request_id=chatcmpl-a3a700b7be0a8926-b453b600, prefetch_request_id=-1) [3m(storage_manager.py:726:lmcache.v1.distributed.storage_manager)[0m
[32;20m[2026-09-29 17:06:18,894] LMCache INFO:[0m Prefetch request completed (L1+L2): 9/11 retained keys (9 L1, 0 L2) in 616.0 ms (external_request_id=chatcmpl-aa8fa724c31eca77-abc992d8, prefetch_request_id=-1) [3m(storage_manager.py:726:lmcache.v1.distributed.storage_manager)[0m
[32;20m[2026-09-29 17:06:18,894] LMCache INFO:[0m Prefetch request completed (L1+L2): 9/11 retained keys (9 L1, 0 L2) in 615.2 ms (external_request_id=chatcmpl-a68d90557bdd7add-8bfd6237, prefetch_request_id=-1) [3m(storage_manager.py:726:lmcache.v1.distributed.storage_manager)[0m
[32;20m[2026-09-29 17:06:18,894] LMCache INFO:[0m Prefetch request completed (L1+L2): 10/11 retained keys (10 L1, 0 L2) in 615.1 ms (external_request_id=chatcmpl-a78fa53cfbe6f1a3-96cc1526, prefetch_request_id=-1) [3m(storage_manager.py:726:lmcache.v1.distributed.storage_manager)[0m
[32;20m[2026-09-29 17:06:18,895] LMCache INFO:[0m Prefetch request completed (L1+L2): 9/11 retained keys (9 L1, 0 L2) in 615.1 ms (external_request_id=chatcmpl-ae1cc9163d28a7b9-b5315b07, prefetch_request_id=-1) [3m(storage_manager.py:726:lmcache.v1.distributed.storage_manager)[0m
[32;20m[2026-09-29 17:06:18,895] LMCache INFO:[0m Prefetch request completed (L1+L2): 12/12 retained keys (12 L1, 0 L2) in 615.2 ms (external_request_id=chatcmpl-86dce6b585652144-a1208849, prefetch_request_id=-1) [3m(storage_manager.py:726:lmcache.v1.distributed.storage_manager)[0m
[32;20m[2026-09-29 17:06:18,940] LMCache INFO:[0m Stored 512 tokens in 0.001 seconds [3m(lmcache_driven_transfer.py:1276:lmcache.v1.multiprocess.modules.lmcache_driven_transfer)[0m
[32;20m[2026-09-29 17:06:19,069] LMCache INFO:[0m Stored 768 tokens in 0.001 seconds [3m(lmcache_driven_transfer.py:1276:lmcache.v1.multiprocess.modules.lmcache_driven_transfer)[0m
[32;20m[2026-09-29 17:06:19,180] LMCache INFO:[0m Stored 512 tokens in 0.003 seconds [3m(lmcache_driven_transfer.py:1276:lmcache.v1.multiprocess.modules.lmcache_driven_transfer)[0m
[32;20m[2026-09-29 17:06:19,221] LMCache INFO:[0m Stored 256 tokens in 0.001 seconds [3m(lmcache_driven_transfer.py:1276:lmcache.v1.multiprocess.modules.lmcache_driven_transfer)[0m
[32;20m[2026-09-29 17:06:19,282] LMCache INFO:[0m Stored 768 tokens in 0.001 seconds [3m(lmcache_driven_transfer.py:1276:lmcache.v1.multiprocess.modules.lmcache_driven_transfer)[0m
[32;20m[2026-09-29 17:06:19,284] LMCache INFO:[0m Stored 256 tokens in 0.001 seconds [3m(lmcache_driven_transfer.py:1276:lmcache.v1.multiprocess.modules.lmcache_driven_transfer)[0m
[32;20m[2026-09-29 17:06:19,519] LMCache INFO:[0m Stored 768 tokens in 0.001 seconds [3m(lmcache_driven_transfer.py:1276:lmcache.v1.multiprocess.modules.lmcache_driven_transfer)[0m
[32;20m[2026-09-29 17:06:19,606] LMCache INFO:[0m Stored 768 tokens in 0.001 seconds [3m(lmcache_driven_transfer.py:1276:lmcache.v1.multiprocess.modules.lmcache_driven_transfer)[0m
[32;20m[2026-09-29 17:06:19,736] LMCache INFO:[0m Stored 512 tokens in 0.001 seconds [3m(lmcache_driven_transfer.py:1276:lmcache.v1.multiprocess.modules.lmcache_driven_transfer)[0m
[32;20m[2026-09-29 17:06:19,845] LMCache INFO:[0m Stored 256 tokens in 0.001 seconds [3m(lmcache_driven_transfer.py:1276:lmcache.v1.multiprocess.modules.lmcache_driven_transfer)[0m
[32;20m[2026-09-29 17:06:19,877] LMCache INFO:[0m Stored 512 tokens in 0.001 seconds [3m(lmcache_driven_transfer.py:1276:lmcache.v1.multiprocess.modules.lmcache_driven_transfer)[0m
[32;20m[2026-09-29 17:06:19,981] LMCache INFO:[0m Stored 768 tokens in 0.001 seconds [3m(lmcache_driven_transfer.py:1276:lmcache.v1.multiprocess.modules.lmcache_driven_transfer)[0m
[32;20m[2026-09-29 17:06:20,305] LMCache INFO:[0m Stored 256 tokens in 0.001 seconds [3m(lmcache_driven_transfer.py:1276:lmcache.v1.multiprocess.modules.lmcache_driven_transfer)[0m
[32;20m[2026-09-29 17:06:20,549] LMCache INFO:[0m Stored 256 tokens in 0.002 seconds [3m(lmcache_driven_transfer.py:1276:lmcache.v1.multiprocess.modules.lmcache_driven_transfer)[0m
[32;20m[2026-09-29 17:06:20,580] LMCache INFO:[0m Stored 512 tokens in 0.001 seconds [3m(lmcache_driven_transfer.py:1276:lmcache.v1.multiprocess.modules.lmcache_driven_transfer)[0m
[32;20m[2026-09-29 17:06:20,727] LMCache INFO:[0m Stored 512 tokens in 0.002 seconds [3m(lmcache_driven_transfer.py:1276:lmcache.v1.multiprocess.modules.lmcache_driven_transfer)[0m
[32;20m[2026-09-29 17:06:21,009] LMCache INFO:[0m Stored 512 tokens in 0.002 seconds [3m(lmcache_driven_transfer.py:1276:lmcache.v1.multiprocess.modules.lmcache_driven_transfer)[0m
[32;20m[2026-09-29 17:06:21,042] LMCache INFO:[0m L1 memory usage 0.81 above watermark 0.80; triggering eviction. [3m(eviction_controller.py:179:lmcache.v1.distributed.storage_controllers.eviction_controller)[0m
[32;20m[2026-09-29 17:06:21,044] LMCache INFO:[0m Stored 256 tokens in 0.003 seconds [3m(lmcache_driven_transfer.py:1276:lmcache.v1.multiprocess.modules.lmcache_driven_transfer)[0m
[32;20m[2026-09-29 17:06:21,224] LMCache INFO:[0m Stored 512 tokens in 0.001 seconds [3m(lmcache_driven_transfer.py:1276:lmcache.v1.multiprocess.modules.lmcache_driven_transfer)[0m
[32;20m[2026-09-29 17:06:21,353] LMCache INFO:[0m Prefetch request completed (L1+L2): 9/10 retained keys (9 L1, 0 L2) in 2457.3 ms (external_request_id=chatcmpl-9fb879e25c83bf9e-a5321559, prefetch_request_id=-1) [3m(storage_manager.py:726:lmcache.v1.distributed.storage_manager)[0m
[32;20m[2026-09-29 17:06:21,353] LMCache INFO:[0m Prefetch request completed (L1+L2): 10/11 retained keys (10 L1, 0 L2) in 2457.1 ms (external_request_id=chatcmpl-b84278222f698e40-83acdfad, prefetch_request_id=-1) [3m(storage_manager.py:726:lmcache.v1.distributed.storage_manager)[0m
[32;20m[2026-09-29 17:06:21,353] LMCache INFO:[0m Prefetch request completed (L1+L2): 12/14 retained keys (12 L1, 0 L2) in 2456.8 ms (external_request_id=chatcmpl-a6ce202561289d4e-a4e5b985, prefetch_request_id=-1) [3m(storage_manager.py:726:lmcache.v1.distributed.storage_manager)[0m
[32;20m[2026-09-29 17:06:21,353] LMCache INFO:[0m Prefetch request completed (L1+L2): 10/11 retained keys (10 L1, 0 L2) in 2456.4 ms (external_request_id=chatcmpl-af29d44aec057727-befd6cbc, prefetch_request_id=-1) [3m(storage_manager.py:726:lmcache.v1.distributed.storage_manager)[0m
[32;20m[2026-09-29 17:06:21,353] LMCache INFO:[0m Prefetch request completed (L1+L2): 11/11 retained keys (11 L1, 0 L2) in 2456.4 ms (external_request_id=chatcmpl-9182bdf2ff29b5e8-b0874056, prefetch_request_id=-1) [3m(storage_manager.py:726:lmcache.v1.distributed.storage_manager)[0m
[32;20m[2026-09-29 17:06:21,400] LMCache INFO:[0m Stored 256 tokens in 0.002 seconds [3m(lmcache_driven_transfer.py:1276:lmcache.v1.multiprocess.modules.lmcache_driven_transfer)[0m
[32;20m[2026-09-29 17:06:21,402] LMCache INFO:[0m Stored 256 tokens in 0.001 seconds [3m(lmcache_driven_transfer.py:1276:lmcache.v1.multiprocess.modules.lmcache_driven_transfer)[0m
[32;20m[2026-09-29 17:06:21,403] LMCache INFO:[0m Stored 256 tokens in 0.001 seconds [3m(lmcache_driven_transfer.py:1276:lmcache.v1.multiprocess.modules.lmcache_driven_transfer)[0m
[32;20m[2026-09-29 17:06:21,707] LMCache INFO:[0m Stored 512 tokens in 0.001 seconds [3m(lmcache_driven_transfer.py:1276:lmcache.v1.multiprocess.modules.lmcache_driven_transfer)[0m
[32;20m[2026-09-29 17:06:21,793] LMCache INFO:[0m Stored 256 tokens in 0.001 seconds [3m(lmcache_driven_transfer.py:1276:lmcache.v1.multiprocess.modules.lmcache_driven_transfer)[0m
[32;20m[2026-09-29 17:06:22,075] LMCache INFO:[0m Prefetch request completed (L1+L2): 10/11 retained keys (10 L1, 0 L2) in 721.2 ms (external_request_id=chatcmpl-b7f28d4e640d6990-9874bdae, prefetch_request_id=-1) [3m(storage_manager.py:726:lmcache.v1.distributed.storage_manager)[0m
[32;20m[2026-09-29 17:06:22,076] LMCache INFO:[0m Prefetch request completed (L1+L2): 10/12 retained keys (10 L1, 0 L2) in 721.1 ms (external_request_id=chatcmpl-a774edcd364123d6-87533efb, prefetch_request_id=-1) [3m(storage_manager.py:726:lmcache.v1.distributed.storage_manager)[0m
[32;20m[2026-09-29 17:06:22,076] LMCache INFO:[0m Prefetch request completed (L1+L2): 10/12 retained keys (10 L1, 0 L2) in 721.0 ms (external_request_id=chatcmpl-91202c0e4ac11e35-8a6b542b, prefetch_request_id=-1) [3m(storage_manager.py:726:lmcache.v1.distributed.storage_manager)[0m
[32;20m[2026-09-29 17:06:22,076] LMCache INFO:[0m Prefetch request completed (L1+L2): 9/10 retained keys (9 L1, 0 L2) in 720.7 ms (external_request_id=chatcmpl-a529bc93ae7ca259-bf6aee49, prefetch_request_id=-1) [3m(storage_manager.py:726:lmcache.v1.distributed.storage_manager)[0m
[32;20m[2026-09-29 17:06:22,076] LMCache INFO:[0m Prefetch request completed (L1+L2): 9/11 retained keys (9 L1, 0 L2) in 720.4 ms (external_request_id=chatcmpl-8df214b356f5f331-a2f30852, prefetch_request_id=-1) [3m(storage_manager.py:726:lmcache.v1.distributed.storage_manager)[0m
[32;20m[2026-09-29 17:06:22,076] LMCache INFO:[0m Prefetch request completed (L1+L2): 9/11 retained keys (9 L1, 0 L2) in 720.0 ms (external_request_id=chatcmpl-8f76de2ddd2522ab-adbe14b0, prefetch_request_id=-1) [3m(storage_manager.py:726:lmcache.v1.distributed.storage_manager)[0m
[32;20m[2026-09-29 17:06:22,076] LMCache INFO:[0m Prefetch request completed (L1+L2): 10/11 retained keys (10 L1, 0 L2) in 718.7 ms (external_request_id=chatcmpl-abd7b7df10f80705-9daa902c, prefetch_request_id=-1) [3m(storage_manager.py:726:lmcache.v1.distributed.storage_manager)[0m
[32;20m[2026-09-29 17:06:22,076] LMCache INFO:[0m Prefetch request completed (L1+L2): 9/9 retained keys (9 L1, 0 L2) in 718.6 ms (external_request_id=chatcmpl-870c319338cc1f8c-b140cfa0, prefetch_request_id=-1) [3m(storage_manager.py:726:lmcache.v1.distributed.storage_manager)[0m
[32;20m[2026-09-29 17:06:22,077] LMCache INFO:[0m Prefetch request completed (L1+L2): 9/10 retained keys (9 L1, 0 L2) in 718.8 ms (external_request_id=chatcmpl-9867e5b7b3913974-8a837041, prefetch_request_id=-1) [3m(storage_manager.py:726:lmcache.v1.distributed.storage_manager)[0m
[32;20m[2026-09-29 17:06:22,077] LMCache INFO:[0m Prefetch request completed (L1+L2): 9/10 retained keys (9 L1, 0 L2) in 718.7 ms (external_request_id=chatcmpl-9fe59b60bef6f24b-817e5232, prefetch_request_id=-1) [3m(storage_manager.py:726:lmcache.v1.distributed.storage_manager)[0m
[32;20m[2026-09-29 17:06:22,077] LMCache INFO:[0m Prefetch request completed (L1+L2): 9/11 retained keys (9 L1, 0 L2) in 718.6 ms (external_request_id=chatcmpl-82fa38dd70e987f1-825b4c5d, prefetch_request_id=-1) [3m(storage_manager.py:726:lmcache.v1.distributed.storage_manager)[0m
[32;20m[2026-09-29 17:06:22,077] LMCache INFO:[0m Prefetch request completed (L1+L2): 9/10 retained keys (9 L1, 0 L2) in 718.6 ms (external_request_id=chatcmpl-87fc85a4bb9eabda-aeefc8f6, prefetch_request_id=-1) [3m(storage_manager.py:726:lmcache.v1.distributed.storage_manager)[0m
[32;20m[2026-09-29 17:06:22,077] LMCache INFO:[0m Prefetch request completed (L1+L2): 10/13 retained keys (10 L1, 0 L2) in 718.4 ms (external_request_id=chatcmpl-ad1e6d0823044362-a20cf475, prefetch_request_id=-1) [3m(storage_manager.py:726:lmcache.v1.distributed.storage_manager)[0m
[32;20m[2026-09-29 17:06:22,078] LMCache INFO:[0m Prefetch request completed (L1+L2): 9/9 retained keys (9 L1, 0 L2) in 718.6 ms (external_request_id=chatcmpl-aabb8bfb6758b805-99355082, prefetch_request_id=-1) [3m(storage_manager.py:726:lmcache.v1.distributed.storage_manager)[0m
[32;20m[2026-09-29 17:06:22,078] LMCache INFO:[0m Prefetch request completed (L1+L2): 12/13 retained keys (12 L1, 0 L2) in 718.3 ms (external_request_id=chatcmpl-8cd6bf6bce2a03aa-9751ef7c, prefetch_request_id=-1) [3m(storage_manager.py:726:lmcache.v1.distributed.storage_manager)[0m
[32;20m[2026-09-29 17:06:22,078] LMCache INFO:[0m Prefetch request completed (L1+L2): 9/10 retained keys (9 L1, 0 L2) in 718.0 ms (external_request_id=chatcmpl-8e21f211c98bdec0-84feb140, prefetch_request_id=-1) [3m(storage_manager.py:726:lmcache.v1.distributed.storage_manager)[0m
[32;20m[2026-09-29 17:06:22,078] LMCache INFO:[0m Prefetch request completed (L1+L2): 10/12 retained keys (10 L1, 0 L2) in 717.5 ms (external_request_id=chatcmpl-8926922eb7350b55-98431778, prefetch_request_id=-1) [3m(storage_manager.py:726:lmcache.v1.distributed.storage_manager)[0m
[32;20m[2026-09-29 17:06:22,078] LMCache INFO:[0m Prefetch request completed (L1+L2): 12/13 retained keys (12 L1, 0 L2) in 716.9 ms (external_request_id=chatcmpl-b79afc715e630de9-99e60a45, prefetch_request_id=-1) [3m(storage_manager.py:726:lmcache.v1.distributed.storage_manager)[0m
[32;20m[2026-09-29 17:06:22,078] LMCache INFO:[0m Prefetch request completed (L1+L2): 10/12 retained keys (10 L1, 0 L2) in 716.9 ms (external_request_id=chatcmpl-85b80cc247624c55-8bfb4385, prefetch_request_id=-1) [3m(storage_manager.py:726:lmcache.v1.distributed.storage_manager)[0m
[32;20m[2026-09-29 17:06:22,082] LMCache INFO:[0m Stored 256 tokens in 0.002 seconds [3m(lmcache_driven_transfer.py:1276:lmcache.v1.multiprocess.modules.lmcache_driven_transfer)[0m
[32;20m[2026-09-29 17:06:22,123] LMCache INFO:[0m Stored 256 tokens in 0.001 seconds [3m(lmcache_driven_transfer.py:1276:lmcache.v1.multiprocess.modules.lmcache_driven_transfer)[0m
[32;20m[2026-09-29 17:06:22,275] LMCache INFO:[0m Stored 512 tokens in 0.002 seconds [3m(lmcache_driven_transfer.py:1276:lmcache.v1.multiprocess.modules.lmcache_driven_transfer)[0m
[32;20m[2026-09-29 17:06:22,306] LMCache INFO:[0m Stored 512 tokens in 0.001 seconds [3m(lmcache_driven_transfer.py:1276:lmcache.v1.multiprocess.modules.lmcache_driven_transfer)[0m
[32;20m[2026-09-29 17:06:22,455] LMCache INFO:[0m Stored 256 tokens in 0.002 seconds [3m(lmcache_driven_transfer.py:1276:lmcache.v1.multiprocess.modules.lmcache_driven_transfer)[0m
[32;20m[2026-09-29 17:06:22,592] LMCache INFO:[0m Stored 512 tokens in 0.001 seconds [3m(lmcache_driven_transfer.py:1276:lmcache.v1.multiprocess.modules.lmcache_driven_transfer)[0m
[32;20m[2026-09-29 17:06:22,779] LMCache INFO:[0m Stored 512 tokens in 0.001 seconds [3m(lmcache_driven_transfer.py:1276:lmcache.v1.multiprocess.modules.lmcache_driven_transfer)[0m
[32;20m[2026-09-29 17:06:22,902] LMCache INFO:[0m Stored 256 tokens in 0.002 seconds [3m(lmcache_driven_transfer.py:1276:lmcache.v1.multiprocess.modules.lmcache_driven_transfer)[0m
[32;20m[2026-09-29 17:06:23,121] LMCache INFO:[0m Stored 256 tokens in 0.001 seconds [3m(lmcache_driven_transfer.py:1276:lmcache.v1.multiprocess.modules.lmcache_driven_transfer)[0m
[32;20m[2026-09-29 17:06:23,249] LMCache INFO:[0m Stored 256 tokens in 0.001 seconds [3m(lmcache_driven_transfer.py:1276:lmcache.v1.multiprocess.modules.lmcache_driven_transfer)[0m
[32;20m[2026-09-29 17:06:23,312] LMCache INFO:[0m Stored 512 tokens in 0.001 seconds [3m(lmcache_driven_transfer.py:1276:lmcache.v1.multiprocess.modules.lmcache_driven_transfer)[0m
[32;20m[2026-09-29 17:06:23,402] LMCache INFO:[0m Stored 256 tokens in 0.001 seconds [3m(lmcache_driven_transfer.py:1276:lmcache.v1.multiprocess.modules.lmcache_driven_transfer)[0m
[32;20m[2026-09-29 17:06:23,707] LMCache INFO:[0m Stored 768 tokens in 0.003 seconds [3m(lmcache_driven_transfer.py:1276:lmcache.v1.multiprocess.modules.lmcache_driven_transfer)[0m
[32;20m[2026-09-29 17:06:23,878] LMCache INFO:[0m Stored 256 tokens in 0.002 seconds [3m(lmcache_driven_transfer.py:1276:lmcache.v1.multiprocess.modules.lmcache_driven_transfer)[0m
[32;20m[2026-09-29 17:06:23,879] LMCache INFO:[0m Stored 256 tokens in 0.001 seconds [3m(lmcache_driven_transfer.py:1276:lmcache.v1.multiprocess.modules.lmcache_driven_transfer)[0m
[32;20m[2026-09-29 17:06:23,994] LMCache INFO:[0m Stored 256 tokens in 0.001 seconds [3m(lmcache_driven_transfer.py:1276:lmcache.v1.multiprocess.modules.lmcache_driven_transfer)[0m
[32;20m[2026-09-29 17:06:24,164] LMCache INFO:[0m Stored 512 tokens in 0.001 seconds [3m(lmcache_driven_transfer.py:1276:lmcache.v1.multiprocess.modules.lmcache_driven_transfer)[0m
[32;20m[2026-09-29 17:06:24,309] LMCache INFO:[0m Stored 256 tokens in 0.002 seconds [3m(lmcache_driven_transfer.py:1276:lmcache.v1.multiprocess.modules.lmcache_driven_transfer)[0m
[32;20m[2026-09-29 17:06:24,377] LMCache INFO:[0m Stored 512 tokens in 0.001 seconds [3m(lmcache_driven_transfer.py:1276:lmcache.v1.multiprocess.modules.lmcache_driven_transfer)[0m
[32;20m[2026-09-29 17:06:24,596] LMCache INFO:[0m Prefetch request completed (L1+L2): 11/13 retained keys (11 L1, 0 L2) in 2517.2 ms (external_request_id=chatcmpl-b85590b08fcf8a76-a3508151, prefetch_request_id=-1) [3m(storage_manager.py:726:lmcache.v1.distributed.storage_manager)[0m
[32;20m[2026-09-29 17:06:24,596] LMCache INFO:[0m Prefetch request completed (L1+L2): 10/12 retained keys (10 L1, 0 L2) in 2516.9 ms (external_request_id=chatcmpl-861e0cff847282e5-a3758a76, prefetch_request_id=-1) [3m(storage_manager.py:726:lmcache.v1.distributed.storage_manager)[0m
[32;20m[2026-09-29 17:06:24,596] LMCache INFO:[0m Prefetch request completed (L1+L2): 10/11 retained keys (10 L1, 0 L2) in 2516.3 ms (external_request_id=chatcmpl-a799add87ed12543-b6742c55, prefetch_request_id=-1) [3m(storage_manager.py:726:lmcache.v1.distributed.storage_manager)[0m
[32;20m[2026-09-29 17:06:24,596] LMCache INFO:[0m Prefetch request completed (L1+L2): 10/13 retained keys (10 L1, 0 L2) in 2515.1 ms (external_request_id=chatcmpl-997aea53624c82f2-95ddffe0, prefetch_request_id=-1) [3m(storage_manager.py:726:lmcache.v1.distributed.storage_manager)[0m
[32;20m[2026-09-29 17:06:24,597] LMCache INFO:[0m Prefetch request completed (L1+L2): 9/11 retained keys (9 L1, 0 L2) in 2515.3 ms (external_request_id=chatcmpl-b4d8b3b2568cdd00-85bb6caf, prefetch_request_id=-1) [3m(storage_manager.py:726:lmcache.v1.distributed.storage_manager)[0m
[32;20m[2026-09-29 17:06:24,648] LMCache INFO:[0m Stored 512 tokens in 0.002 seconds [3m(lmcache_driven_transfer.py:1276:lmcache.v1.multiprocess.modules.lmcache_driven_transfer)[0m
[32;20m[2026-09-29 17:06:24,650] LMCache INFO:[0m Stored 512 tokens in 0.001 seconds [3m(lmcache_driven_transfer.py:1276:lmcache.v1.multiprocess.modules.lmcache_driven_transfer)[0m
[32;20m[2026-09-29 17:06:24,830] LMCache INFO:[0m Stored 256 tokens in 0.002 seconds [3m(lmcache_driven_transfer.py:1276:lmcache.v1.multiprocess.modules.lmcache_driven_transfer)[0m
[32;20m[2026-09-29 17:06:24,898] LMCache INFO:[0m Stored 768 tokens in 0.002 seconds [3m(lmcache_driven_transfer.py:1276:lmcache.v1.multiprocess.modules.lmcache_driven_transfer)[0m
[32;20m[2026-09-29 17:06:25,004] LMCache INFO:[0m Stored 512 tokens in 0.002 seconds [3m(lmcache_driven_transfer.py:1276:lmcache.v1.multiprocess.modules.lmcache_driven_transfer)[0m
[32;20m[2026-09-29 17:06:25,005] LMCache INFO:[0m Stored 256 tokens in 0.001 seconds [3m(lmcache_driven_transfer.py:1276:lmcache.v1.multiprocess.modules.lmcache_driven_transfer)[0m
[32;20m[2026-09-29 17:06:25,124] LMCache INFO:[0m Prefetch request completed (L1+L2): 9/11 retained keys (9 L1, 0 L2) in 526.6 ms (external_request_id=chatcmpl-bd136558848ee692-867dc8f2, prefetch_request_id=-1) [3m(storage_manager.py:726:lmcache.v1.distributed.storage_manager)[0m
[32;20m[2026-09-29 17:06:25,124] LMCache INFO:[0m Prefetch request completed (L1+L2): 9/11 retained keys (9 L1, 0 L2) in 526.2 ms (external_request_id=chatcmpl-862193a2e5756826-84698984, prefetch_request_id=-1) [3m(storage_manager.py:726:lmcache.v1.distributed.storage_manager)[0m
[32;20m[2026-09-29 17:06:25,124] LMCache INFO:[0m Prefetch request completed (L1+L2): 10/11 retained keys (10 L1, 0 L2) in 526.2 ms (external_request_id=chatcmpl-8fd7d44f089c6719-b2481f70, prefetch_request_id=-1) [3m(storage_manager.py:726:lmcache.v1.distributed.storage_manager)[0m
[32;20m[2026-09-29 17:06:25,125] LMCache INFO:[0m Prefetch request completed (L1+L2): 9/9 retained keys (9 L1, 0 L2) in 526.0 ms (external_request_id=chatcmpl-badca414841716a6-8d50cea0, prefetch_request_id=-1) [3m(storage_manager.py:726:lmcache.v1.distributed.storage_manager)[0m
[32;20m[2026-09-29 17:06:25,125] LMCache INFO:[0m Prefetch request completed (L1+L2): 9/11 retained keys (9 L1, 0 L2) in 525.7 ms (external_request_id=chatcmpl-a47775598ea06329-bfbb3566, prefetch_request_id=-1) [3m(storage_manager.py:726:lmcache.v1.distributed.storage_manager)[0m
[32;20m[2026-09-29 17:06:25,125] LMCache INFO:[0m Prefetch request completed (L1+L2): 9/11 retained keys (9 L1, 0 L2) in 525.5 ms (external_request_id=chatcmpl-b6a97a505cc0910e-ba2e51d4, prefetch_request_id=-1) [3m(storage_manager.py:726:lmcache.v1.distributed.storage_manager)[0m
[32;20m[2026-09-29 17:06:25,125] LMCache INFO:[0m Prefetch request completed (L1+L2): 9/12 retained keys (9 L1, 0 L2) in 525.1 ms (external_request_id=chatcmpl-96885dc9266571fd-988cd055, prefetch_request_id=-1) [3m(storage_manager.py:726:lmcache.v1.distributed.storage_manager)[0m
[32;20m[2026-09-29 17:06:25,125] LMCache INFO:[0m Prefetch request completed (L1+L2): 9/11 retained keys (9 L1, 0 L2) in 524.8 ms (external_request_id=chatcmpl-b3f4127b68b35637-aaf46173, prefetch_request_id=-1) [3m(storage_manager.py:726:lmcache.v1.distributed.storage_manager)[0m
[32;20m[2026-09-29 17:06:25,125] LMCache INFO:[0m Prefetch request completed (L1+L2): 10/11 retained keys (10 L1, 0 L2) in 524.5 ms (external_request_id=chatcmpl-9b542fda57af6c0b-91d5455a, prefetch_request_id=-1) [3m(storage_manager.py:726:lmcache.v1.distributed.storage_manager)[0m
[32;20m[2026-09-29 17:06:25,125] LMCache INFO:[0m Prefetch request completed (L1+L2): 9/11 retained keys (9 L1, 0 L2) in 524.2 ms (external_request_id=chatcmpl-98a034830ea86ca6-91bd582b, prefetch_request_id=-1) [3m(storage_manager.py:726:lmcache.v1.distributed.storage_manager)[0m
[32;20m[2026-09-29 17:06:25,126] LMCache INFO:[0m Prefetch request completed (L1+L2): 12/12 retained keys (12 L1, 0 L2) in 524.0 ms (external_request_id=chatcmpl-9eda81e71bdb87cd-9501f3dc, prefetch_request_id=-1) [3m(storage_manager.py:726:lmcache.v1.distributed.storage_manager)[0m
[32;20m[2026-09-29 17:06:25,126] LMCache INFO:[0m Prefetch request completed (L1+L2): 9/10 retained keys (9 L1, 0 L2) in 523.8 ms (external_request_id=chatcmpl-a175fa7b0583afca-a4383d51, prefetch_request_id=-1) [3m(storage_manager.py:726:lmcache.v1.distributed.storage_manager)[0m
[32;20m[2026-09-29 17:06:25,126] LMCache INFO:[0m Prefetch request completed (L1+L2): 10/10 retained keys (10 L1, 0 L2) in 523.6 ms (external_request_id=chatcmpl-a77da1d2eef3a4ed-a9cce508, prefetch_request_id=-1) [3m(storage_manager.py:726:lmcache.v1.distributed.storage_manager)[0m
[32;20m[2026-09-29 17:06:25,126] LMCache INFO:[0m Prefetch request completed (L1+L2): 12/14 retained keys (12 L1, 0 L2) in 523.3 ms (external_request_id=chatcmpl-a18da48f0837e682-80568c38, prefetch_request_id=-1) [3m(storage_manager.py:726:lmcache.v1.distributed.storage_manager)[0m
[32;20m[2026-09-29 17:06:25,126] LMCache INFO:[0m Prefetch request completed (L1+L2): 10/10 retained keys (10 L1, 0 L2) in 521.5 ms (external_request_id=chatcmpl-9210a97bcaab8228-8bc6bf2f, prefetch_request_id=-1) [3m(storage_manager.py:726:lmcache.v1.distributed.storage_manager)[0m
[32;20m[2026-09-29 17:06:25,126] LMCache INFO:[0m Prefetch request completed (L1+L2): 11/12 retained keys (11 L1, 0 L2) in 520.7 ms (external_request_id=chatcmpl-aa29f32f2a42a11c-b19eccb5, prefetch_request_id=-1) [3m(storage_manager.py:726:lmcache.v1.distributed.storage_manager)[0m
[32;20m[2026-09-29 17:06:25,126] LMCache INFO:[0m Prefetch request completed (L1+L2): 10/11 retained keys (10 L1, 0 L2) in 520.5 ms (external_request_id=chatcmpl-b7cb8a6e4ee3745d-b62b89f3, prefetch_request_id=-1) [3m(storage_manager.py:726:lmcache.v1.distributed.storage_manager)[0m
[32;20m[2026-09-29 17:06:25,127] LMCache INFO:[0m Prefetch request completed (L1+L2): 10/12 retained keys (10 L1, 0 L2) in 520.4 ms (external_request_id=chatcmpl-923d0bfebcdc6755-b017d4e4, prefetch_request_id=-1) [3m(storage_manager.py:726:lmcache.v1.distributed.storage_manager)[0m
[32;20m[2026-09-29 17:06:25,127] LMCache INFO:[0m Prefetch request completed (L1+L2): 10/12 retained keys (10 L1, 0 L2) in 520.0 ms (external_request_id=chatcmpl-8523986c397b19fe-9029ad10, prefetch_request_id=-1) [3m(storage_manager.py:726:lmcache.v1.distributed.storage_manager)[0m
[32;20m[2026-09-29 17:06:25,173] LMCache INFO:[0m Stored 512 tokens in 0.002 seconds [3m(lmcache_driven_transfer.py:1276:lmcache.v1.multiprocess.modules.lmcache_driven_transfer)[0m
[32;20m[2026-09-29 17:06:25,321] LMCache INFO:[0m Stored 512 tokens in 0.001 seconds [3m(lmcache_driven_transfer.py:1276:lmcache.v1.multiprocess.modules.lmcache_driven_transfer)[0m
[32;20m[2026-09-29 17:06:25,429] LMCache INFO:[0m Stored 256 tokens in 0.002 seconds [3m(lmcache_driven_transfer.py:1276:lmcache.v1.multiprocess.modules.lmcache_driven_transfer)[0m
[32;20m[2026-09-29 17:06:25,559] LMCache INFO:[0m Stored 256 tokens in 0.001 seconds [3m(lmcache_driven_transfer.py:1276:lmcache.v1.multiprocess.modules.lmcache_driven_transfer)[0m
[32;20m[2026-09-29 17:06:25,629] LMCache INFO:[0m Stored 512 tokens in 0.001 seconds [3m(lmcache_driven_transfer.py:1276:lmcache.v1.multiprocess.modules.lmcache_driven_transfer)[0m
[32;20m[2026-09-29 17:06:25,854] LMCache INFO:[0m Stored 512 tokens in 0.002 seconds [3m(lmcache_driven_transfer.py:1276:lmcache.v1.multiprocess.modules.lmcache_driven_transfer)[0m
[32;20m[2026-09-29 17:06:26,103] LMCache INFO:[0m Stored 768 tokens in 0.002 seconds [3m(lmcache_driven_transfer.py:1276:lmcache.v1.multiprocess.modules.lmcache_driven_transfer)[0m
[32;20m[2026-09-29 17:06:26,104] LMCache INFO:[0m Stored 512 tokens in 0.001 seconds [3m(lmcache_driven_transfer.py:1276:lmcache.v1.multiprocess.modules.lmcache_driven_transfer)[0m
[32;20m[2026-09-29 17:06:26,266] LMCache INFO:[0m Stored 256 tokens in 0.001 seconds [3m(lmcache_driven_transfer.py:1276:lmcache.v1.multiprocess.modules.lmcache_driven_transfer)[0m
[32;20m[2026-09-29 17:06:26,334] LMCache INFO:[0m Stored 512 tokens in 0.001 seconds [3m(lmcache_driven_transfer.py:1276:lmcache.v1.multiprocess.modules.lmcache_driven_transfer)[0m
[32;20m[2026-09-29 17:06:26,647] LMCache INFO:[0m Stored 256 tokens in 0.003 seconds [3m(lmcache_driven_transfer.py:1276:lmcache.v1.multiprocess.modules.lmcache_driven_transfer)[0m
[32;20m[2026-09-29 17:06:26,753] LMCache INFO:[0m Stored 512 tokens in 0.001 seconds [3m(lmcache_driven_transfer.py:1276:lmcache.v1.multiprocess.modules.lmcache_driven_transfer)[0m
[32;20m[2026-09-29 17:06:26,964] LMCache INFO:[0m Stored 256 tokens in 0.001 seconds [3m(lmcache_driven_transfer.py:1276:lmcache.v1.multiprocess.modules.lmcache_driven_transfer)[0m
[32;20m[2026-09-29 17:06:27,057] LMCache INFO:[0m Stored 256 tokens in 0.001 seconds [3m(lmcache_driven_transfer.py:1276:lmcache.v1.multiprocess.modules.lmcache_driven_transfer)[0m
[32;20m[2026-09-29 17:06:27,185] LMCache INFO:[0m Stored 512 tokens in 0.002 seconds [3m(lmcache_driven_transfer.py:1276:lmcache.v1.multiprocess.modules.lmcache_driven_transfer)[0m
[32;20m[2026-09-29 17:06:27,350] LMCache INFO:[0m Stored 512 tokens in 0.002 seconds [3m(lmcache_driven_transfer.py:1276:lmcache.v1.multiprocess.modules.lmcache_driven_transfer)[0m
[32;20m[2026-09-29 17:06:27,408] LMCache INFO:[0m Prefetch request completed (L1+L2): 9/12 retained keys (9 L1, 0 L2) in 2280.7 ms (external_request_id=chatcmpl-9df6ea4be7f6c0e7-ace5292d, prefetch_request_id=-1) [3m(storage_manager.py:726:lmcache.v1.distributed.storage_manager)[0m
[32;20m[2026-09-29 17:06:27,408] LMCache INFO:[0m Prefetch request completed (L1+L2): 9/11 retained keys (9 L1, 0 L2) in 2280.2 ms (external_request_id=chatcmpl-af330cc260c3e9a5-b136ece9, prefetch_request_id=-1) [3m(storage_manager.py:726:lmcache.v1.distributed.storage_manager)[0m
[32;20m[2026-09-29 17:06:27,408] LMCache INFO:[0m Prefetch request completed (L1+L2): 9/10 retained keys (9 L1, 0 L2) in 2280.1 ms (external_request_id=chatcmpl-803e9d01e32ab4c9-b116dc49, prefetch_request_id=-1) [3m(storage_manager.py:726:lmcache.v1.distributed.storage_manager)[0m
[32;20m[2026-09-29 17:06:27,408] LMCache INFO:[0m Prefetch request completed (L1+L2): 10/11 retained keys (10 L1, 0 L2) in 2279.7 ms (external_request_id=chatcmpl-96b5de1969eed148-91bd35ae, prefetch_request_id=-1) [3m(storage_manager.py:726:lmcache.v1.distributed.storage_manager)[0m
[32;20m[2026-09-29 17:06:27,409] LMCache INFO:[0m Prefetch request completed (L1+L2): 9/9 retained keys (9 L1, 0 L2) in 2279.4 ms (external_request_id=chatcmpl-ba8b39999c55e29f-94743313, prefetch_request_id=-1) [3m(storage_manager.py:726:lmcache.v1.distributed.storage_manager)[0m
[32;20m[2026-09-29 17:06:27,455] LMCache INFO:[0m Stored 768 tokens in 0.002 seconds [3m(lmcache_driven_transfer.py:1276:lmcache.v1.multiprocess.modules.lmcache_driven_transfer)[0m
[32;20m[2026-09-29 17:06:27,585] LMCache INFO:[0m Stored 512 tokens in 0.001 seconds [3m(lmcache_driven_transfer.py:1276:lmcache.v1.multiprocess.modules.lmcache_driven_transfer)[0m
[32;20m[2026-09-29 17:06:27,692] LMCache INFO:[0m Stored 256 tokens in 0.001 seconds [3m(lmcache_driven_transfer.py:1276:lmcache.v1.multiprocess.modules.lmcache_driven_transfer)[0m
[32;20m[2026-09-29 17:06:27,780] LMCache INFO:[0m Stored 256 tokens in 0.001 seconds [3m(lmcache_driven_transfer.py:1276:lmcache.v1.multiprocess.modules.lmcache_driven_transfer)[0m
[32;20m[2026-09-29 17:06:27,969] LMCache INFO:[0m Prefetch request completed (L1+L2): 9/10 retained keys (9 L1, 0 L2) in 560.1 ms (external_request_id=chatcmpl-9afdec12afbebf07-8e49ac74, prefetch_request_id=-1) [3m(storage_manager.py:726:lmcache.v1.distributed.storage_manager)[0m
[32;20m[2026-09-29 17:06:27,970] LMCache INFO:[0m Prefetch request completed (L1+L2): 9/10 retained keys (9 L1, 0 L2) in 559.8 ms (external_request_id=chatcmpl-9ba76b5208540ea9-b5633dc5, prefetch_request_id=-1) [3m(storage_manager.py:726:lmcache.v1.distributed.storage_manager)[0m
[32;20m[2026-09-29 17:06:27,970] LMCache INFO:[0m Prefetch request completed (L1+L2): 9/11 retained keys (9 L1, 0 L2) in 559.4 ms (external_request_id=chatcmpl-ba572581aa3c46f9-a528faba, prefetch_request_id=-1) [3m(storage_manager.py:726:lmcache.v1.distributed.storage_manager)[0m
[32;20m[2026-09-29 17:06:27,970] LMCache INFO:[0m Prefetch request completed (L1+L2): 9/10 retained keys (9 L1, 0 L2) in 559.3 ms (external_request_id=chatcmpl-b3e3db79db78c677-ac9526e1, prefetch_request_id=-1) [3m(storage_manager.py:726:lmcache.v1.distributed.storage_manager)[0m
[32;20m[2026-09-29 17:06:27,970] LMCache INFO:[0m Prefetch request completed (L1+L2): 10/11 retained keys (10 L1, 0 L2) in 558.9 ms (external_request_id=chatcmpl-b42608fc03276ffb-8e1088ab, prefetch_request_id=-1) [3m(storage_manager.py:726:lmcache.v1.distributed.storage_manager)[0m
[32;20m[2026-09-29 17:06:27,970] LMCache INFO:[0m Prefetch request completed (L1+L2): 9/11 retained keys (9 L1, 0 L2) in 558.8 ms (external_request_id=chatcmpl-8ae2a9e2061680c6-a1bbf19b, prefetch_request_id=-1) [3m(storage_manager.py:726:lmcache.v1.distributed.storage_manager)[0m
[32;20m[2026-09-29 17:06:27,970] LMCache INFO:[0m Prefetch request completed (L1+L2): 12/14 retained keys (12 L1, 0 L2) in 558.4 ms (external_request_id=chatcmpl-ace639aa299388ba-897922bc, prefetch_request_id=-1) [3m(storage_manager.py:726:lmcache.v1.distributed.storage_manager)[0m
[32;20m[2026-09-29 17:06:27,971] LMCache INFO:[0m Prefetch request completed (L1+L2): 9/9 retained keys (9 L1, 0 L2) in 558.1 ms (external_request_id=chatcmpl-ac44f3910317ae2a-a5f35460, prefetch_request_id=-1) [3m(storage_manager.py:726:lmcache.v1.distributed.storage_manager)[0m
[32;20m[2026-09-29 17:06:27,971] LMCache INFO:[0m Prefetch request completed (L1+L2): 10/10 retained keys (10 L1, 0 L2) in 558.0 ms (external_request_id=chatcmpl-972ad8f52a506da8-b3493153, prefetch_request_id=-1) [3m(storage_manager.py:726:lmcache.v1.distributed.storage_manager)[0m
[32;20m[2026-09-29 17:06:27,971] LMCache INFO:[0m Prefetch request completed (L1+L2): 12/14 retained keys (12 L1, 0 L2) in 557.7 ms (external_request_id=chatcmpl-a9722f25f30356ed-bc17c15a, prefetch_request_id=-1) [3m(storage_manager.py:726:lmcache.v1.distributed.storage_manager)[0m
[32;20m[2026-09-29 17:06:27,971] LMCache INFO:[0m Prefetch request completed (L1+L2): 10/11 retained keys (10 L1, 0 L2) in 557.5 ms (external_request_id=chatcmpl-a00773ce1d2a7997-ba33a63d, prefetch_request_id=-1) [3m(storage_manager.py:726:lmcache.v1.distributed.storage_manager)[0m
[32;20m[2026-09-29 17:06:27,971] LMCache INFO:[0m Prefetch request completed (L1+L2): 11/11 retained keys (11 L1, 0 L2) in 556.3 ms (external_request_id=chatcmpl-8b85a39e3ed28a63-be5167ad, prefetch_request_id=-1) [3m(storage_manager.py:726:lmcache.v1.distributed.storage_manager)[0m
[32;20m[2026-09-29 17:06:27,972] LMCache INFO:[0m Prefetch request completed (L1+L2): 10/12 retained keys (10 L1, 0 L2) in 556.3 ms (external_request_id=chatcmpl-b04ca42fff4be4a9-bb19a83b, prefetch_request_id=-1) [3m(storage_manager.py:726:lmcache.v1.distributed.storage_manager)[0m
[32;20m[2026-09-29 17:06:27,972] LMCache INFO:[0m Prefetch request completed (L1+L2): 10/12 retained keys (10 L1, 0 L2) in 556.2 ms (external_request_id=chatcmpl-b55f0a44f5a59856-bfe38339, prefetch_request_id=-1) [3m(storage_manager.py:726:lmcache.v1.distributed.storage_manager)[0m
[32;20m[2026-09-29 17:06:27,972] LMCache INFO:[0m Prefetch request completed (L1+L2): 10/12 retained keys (10 L1, 0 L2) in 556.2 ms (external_request_id=chatcmpl-9c00b5c59136f3c0-9f0bd4aa, prefetch_request_id=-1) [3m(storage_manager.py:726:lmcache.v1.distributed.storage_manager)[0m
[32;20m[2026-09-29 17:06:27,972] LMCache INFO:[0m Prefetch request completed (L1+L2): 9/11 retained keys (9 L1, 0 L2) in 554.8 ms (external_request_id=chatcmpl-bd7eec8257ef3307-8816d1be, prefetch_request_id=-1) [3m(storage_manager.py:726:lmcache.v1.distributed.storage_manager)[0m
[32;20m[2026-09-29 17:06:27,972] LMCache INFO:[0m Prefetch request completed (L1+L2): 9/10 retained keys (9 L1, 0 L2) in 554.8 ms (external_request_id=chatcmpl-b3c24d1ad96bbd60-bc6dac43, prefetch_request_id=-1) [3m(storage_manager.py:726:lmcache.v1.distributed.storage_manager)[0m
[32;20m[2026-09-29 17:06:27,973] LMCache INFO:[0m Prefetch request completed (L1+L2): 9/10 retained keys (9 L1, 0 L2) in 554.6 ms (external_request_id=chatcmpl-ab3ce55c753aa61d-abbf86ef, prefetch_request_id=-1) [3m(storage_manager.py:726:lmcache.v1.distributed.storage_manager)[0m
[32;20m[2026-09-29 17:06:27,973] LMCache INFO:[0m Prefetch request completed (L1+L2): 10/13 retained keys (10 L1, 0 L2) in 554.3 ms (external_request_id=chatcmpl-82b99a5a6b0c9889-93bd8ba2, prefetch_request_id=-1) [3m(storage_manager.py:726:lmcache.v1.distributed.storage_manager)[0m
[32;20m[2026-09-29 17:06:28,018] LMCache INFO:[0m Stored 256 tokens in 0.001 seconds [3m(lmcache_driven_transfer.py:1276:lmcache.v1.multiprocess.modules.lmcache_driven_transfer)[0m
[32;20m[2026-09-29 17:06:28,144] LMCache INFO:[0m Stored 256 tokens in 0.001 seconds [3m(lmcache_driven_transfer.py:1276:lmcache.v1.multiprocess.modules.lmcache_driven_transfer)[0m
[32;20m[2026-09-29 17:06:28,390] LMCache INFO:[0m Stored 512 tokens in 0.002 seconds [3m(lmcache_driven_transfer.py:1276:lmcache.v1.multiprocess.modules.lmcache_driven_transfer)[0m
[32;20m[2026-09-29 17:06:28,457] LMCache INFO:[0m Stored 256 tokens in 0.001 seconds [3m(lmcache_driven_transfer.py:1276:lmcache.v1.multiprocess.modules.lmcache_driven_transfer)[0m
[32;20m[2026-09-29 17:06:28,458] LMCache INFO:[0m Stored 256 tokens in 0.001 seconds [3m(lmcache_driven_transfer.py:1276:lmcache.v1.multiprocess.modules.lmcache_driven_transfer)[0m
[32;20m[2026-09-29 17:06:28,567] LMCache INFO:[0m Stored 512 tokens in 0.001 seconds [3m(lmcache_driven_transfer.py:1276:lmcache.v1.multiprocess.modules.lmcache_driven_transfer)[0m
[32;20m[2026-09-29 17:06:28,713] LMCache INFO:[0m Stored 512 tokens in 0.001 seconds [3m(lmcache_driven_transfer.py:1276:lmcache.v1.multiprocess.modules.lmcache_driven_transfer)[0m
[32;20m[2026-09-29 17:06:29,116] LMCache INFO:[0m Stored 512 tokens in 0.002 seconds [3m(lmcache_driven_transfer.py:1276:lmcache.v1.multiprocess.modules.lmcache_driven_transfer)[0m
[32;20m[2026-09-29 17:06:29,224] LMCache INFO:[0m Stored 256 tokens in 0.001 seconds [3m(lmcache_driven_transfer.py:1276:lmcache.v1.multiprocess.modules.lmcache_driven_transfer)[0m
[32;20m[2026-09-29 17:06:29,453] LMCache INFO:[0m Stored 256 tokens in 0.001 seconds [3m(lmcache_driven_transfer.py:1276:lmcache.v1.multiprocess.modules.lmcache_driven_transfer)[0m
[32;20m[2026-09-29 17:06:29,548] LMCache INFO:[0m Stored 512 tokens in 0.001 seconds [3m(lmcache_driven_transfer.py:1276:lmcache.v1.multiprocess.modules.lmcache_driven_transfer)[0m
[32;20m[2026-09-29 17:06:29,600] LMCache INFO:[0m Stored 512 tokens in 0.001 seconds [3m(lmcache_driven_transfer.py:1276:lmcache.v1.multiprocess.modules.lmcache_driven_transfer)[0m
[32;20m[2026-09-29 17:06:29,622] LMCache INFO:[0m Stored 256 tokens in 0.001 seconds [3m(lmcache_driven_transfer.py:1276:lmcache.v1.multiprocess.modules.lmcache_driven_transfer)[0m
[32;20m[2026-09-29 17:06:29,722] LMCache INFO:[0m Stored 512 tokens in 0.001 seconds [3m(lmcache_driven_transfer.py:1276:lmcache.v1.multiprocess.modules.lmcache_driven_transfer)[0m
[32;20m[2026-09-29 17:06:29,969] LMCache INFO:[0m Stored 512 tokens in 0.002 seconds [3m(lmcache_driven_transfer.py:1276:lmcache.v1.multiprocess.modules.lmcache_driven_transfer)[0m
[32;20m[2026-09-29 17:06:30,045] LMCache INFO:[0m L1 memory usage 0.80 above watermark 0.80; triggering eviction. [3m(eviction_controller.py:179:lmcache.v1.distributed.storage_controllers.eviction_controller)[0m
[32;20m[2026-09-29 17:06:30,117] LMCache INFO:[0m Stored 256 tokens in 0.001 seconds [3m(lmcache_driven_transfer.py:1276:lmcache.v1.multiprocess.modules.lmcache_driven_transfer)[0m
[32;20m[2026-09-29 17:06:30,223] LMCache INFO:[0m Stored 256 tokens in 0.001 seconds [3m(lmcache_driven_transfer.py:1276:lmcache.v1.multiprocess.modules.lmcache_driven_transfer)[0m
[32;20m[2026-09-29 17:06:30,291] LMCache INFO:[0m Stored 768 tokens in 0.002 seconds [3m(lmcache_driven_transfer.py:1276:lmcache.v1.multiprocess.modules.lmcache_driven_transfer)[0m
[32;20m[2026-09-29 17:06:30,370] LMCache INFO:[0m Stored 256 tokens in 0.001 seconds [3m(lmcache_driven_transfer.py:1276:lmcache.v1.multiprocess.modules.lmcache_driven_transfer)[0m
[32;20m[2026-09-29 17:06:30,607] LMCache INFO:[0m Prefetch request completed (L1+L2): 9/10 retained keys (9 L1, 0 L2) in 2633.9 ms (external_request_id=chatcmpl-aaddbe3ef79db80d-b6c87681, prefetch_request_id=-1) [3m(storage_manager.py:726:lmcache.v1.distributed.storage_manager)[0m
[32;20m[2026-09-29 17:06:30,608] LMCache INFO:[0m Prefetch request completed (L1+L2): 9/12 retained keys (9 L1, 0 L2) in 2633.8 ms (external_request_id=chatcmpl-93b758e9bb1dd194-bff2dccc, prefetch_request_id=-1) [3m(storage_manager.py:726:lmcache.v1.distributed.storage_manager)[0m
[32;20m[2026-09-29 17:06:30,608] LMCache INFO:[0m Prefetch request completed (L1+L2): 9/9 retained keys (9 L1, 0 L2) in 2634.0 ms (external_request_id=chatcmpl-a6e65f8aca4a63b7-a4f7e807, prefetch_request_id=-1) [3m(storage_manager.py:726:lmcache.v1.distributed.storage_manager)[0m
[32;20m[2026-09-29 17:06:30,608] LMCache INFO:[0m Prefetch request completed (L1+L2): 9/11 retained keys (9 L1, 0 L2) in 2633.5 ms (external_request_id=chatcmpl-824fbe9bd15d28f4-96dcc9a9, prefetch_request_id=-1) [3m(storage_manager.py:726:lmcache.v1.distributed.storage_manager)[0m
[32;20m[2026-09-29 17:06:30,608] LMCache INFO:[0m Prefetch request completed (L1+L2): 9/12 retained keys (9 L1, 0 L2) in 2633.3 ms (external_request_id=chatcmpl-8865b0bf0be78765-ba1039a8, prefetch_request_id=-1) [3m(storage_manager.py:726:lmcache.v1.distributed.storage_manager)[0m
[32;20m[2026-09-29 17:06:30,656] LMCache INFO:[0m Stored 256 tokens in 0.001 seconds [3m(lmcache_driven_transfer.py:1276:lmcache.v1.multiprocess.modules.lmcache_driven_transfer)[0m
[32;20m[2026-09-29 17:06:30,658] LMCache INFO:[0m Stored 768 tokens in 0.001 seconds [3m(lmcache_driven_transfer.py:1276:lmcache.v1.multiprocess.modules.lmcache_driven_transfer)[0m
[32;20m[2026-09-29 17:06:30,848] LMCache INFO:[0m Stored 512 tokens in 0.002 seconds [3m(lmcache_driven_transfer.py:1276:lmcache.v1.multiprocess.modules.lmcache_driven_transfer)[0m
[32;20m[2026-09-29 17:06:30,850] LMCache INFO:[0m Stored 768 tokens in 0.001 seconds [3m(lmcache_driven_transfer.py:1276:lmcache.v1.multiprocess.modules.lmcache_driven_transfer)[0m
[32;20m[2026-09-29 17:06:31,138] LMCache INFO:[0m Prefetch request completed (L1+L2): 10/11 retained keys (10 L1, 0 L2) in 529.5 ms (external_request_id=chatcmpl-a6dcd1fe60dda4f2-af136f44, prefetch_request_id=-1) [3m(storage_manager.py:726:lmcache.v1.distributed.storage_manager)[0m
[32;20m[2026-09-29 17:06:31,139] LMCache INFO:[0m Prefetch request completed (L1+L2): 9/11 retained keys (9 L1, 0 L2) in 529.7 ms (external_request_id=chatcmpl-a20c52d33b2c7c1d-9c27c4d1, prefetch_request_id=-1) [3m(storage_manager.py:726:lmcache.v1.distributed.storage_manager)[0m
[32;20m[2026-09-29 17:06:31,139] LMCache INFO:[0m Prefetch request completed (L1+L2): 12/13 retained keys (12 L1, 0 L2) in 529.1 ms (external_request_id=chatcmpl-b00107a9fe293162-92ec8d3b, prefetch_request_id=-1) [3m(storage_manager.py:726:lmcache.v1.distributed.storage_manager)[0m
[32;20m[2026-09-29 17:06:31,139] LMCache INFO:[0m Prefetch request completed (L1+L2): 9/12 retained keys (9 L1, 0 L2) in 529.1 ms (external_request_id=chatcmpl-b2d30b36b832b615-9ef787a8, prefetch_request_id=-1) [3m(storage_manager.py:726:lmcache.v1.distributed.storage_manager)[0m
[32;20m[2026-09-29 17:06:31,139] LMCache INFO:[0m Prefetch request completed (L1+L2): 10/10 retained keys (10 L1, 0 L2) in 528.3 ms (external_request_id=chatcmpl-87444f5b75696115-961119c7, prefetch_request_id=-1) [3m(storage_manager.py:726:lmcache.v1.distributed.storage_manager)[0m
[32;20m[2026-09-29 17:06:31,139] LMCache INFO:[0m Prefetch request completed (L1+L2): 12/14 retained keys (12 L1, 0 L2) in 528.3 ms (external_request_id=chatcmpl-86090ccb351881f2-8fda50dc, prefetch_request_id=-1) [3m(storage_manager.py:726:lmcache.v1.distributed.storage_manager)[0m
[32;20m[2026-09-29 17:06:31,139] LMCache INFO:[0m Prefetch request completed (L1+L2): 10/11 retained keys (10 L1, 0 L2) in 527.8 ms (external_request_id=chatcmpl-a7f9b7cc44db5015-b761e771, prefetch_request_id=-1) [3m(storage_manager.py:726:lmcache.v1.distributed.storage_manager)[0m
[32;20m[2026-09-29 17:06:31,139] LMCache INFO:[0m Prefetch request completed (L1+L2): 11/11 retained keys (11 L1, 0 L2) in 527.6 ms (external_request_id=chatcmpl-9bbb84d72affaf03-afe113a7, prefetch_request_id=-1) [3m(storage_manager.py:726:lmcache.v1.distributed.storage_manager)[0m
[32;20m[2026-09-29 17:06:31,140] LMCache INFO:[0m Prefetch request completed (L1+L2): 10/11 retained keys (10 L1, 0 L2) in 527.3 ms (external_request_id=chatcmpl-bd77219c5d19c41f-a9e02d75, prefetch_request_id=-1) [3m(storage_manager.py:726:lmcache.v1.distributed.storage_manager)[0m
[32;20m[2026-09-29 17:06:31,140] LMCache INFO:[0m Prefetch request completed (L1+L2): 10/11 retained keys (10 L1, 0 L2) in 527.0 ms (external_request_id=chatcmpl-8c2444e0e401f8c2-8e5a4a8a, prefetch_request_id=-1) [3m(storage_manager.py:726:lmcache.v1.distributed.storage_manager)[0m
[32;20m[2026-09-29 17:06:31,140] LMCache INFO:[0m Prefetch request completed (L1+L2): 10/12 retained keys (10 L1, 0 L2) in 526.2 ms (external_request_id=chatcmpl-ac8b8a4629540b82-830c081f, prefetch_request_id=-1) [3m(storage_manager.py:726:lmcache.v1.distributed.storage_manager)[0m
[32;20m[2026-09-29 17:06:31,140] LMCache INFO:[0m Prefetch request completed (L1+L2): 9/10 retained keys (9 L1, 0 L2) in 526.2 ms (external_request_id=chatcmpl-8e4f95f924137d99-846bd7de, prefetch_request_id=-1) [3m(storage_manager.py:726:lmcache.v1.distributed.storage_manager)[0m
[32;20m[2026-09-29 17:06:31,140] LMCache INFO:[0m Prefetch request completed (L1+L2): 9/12 retained keys (9 L1, 0 L2) in 526.1 ms (external_request_id=chatcmpl-8b37b61ac2036297-9e1f7749, prefetch_request_id=-1) [3m(storage_manager.py:726:lmcache.v1.distributed.storage_manager)[0m
[32;20m[2026-09-29 17:06:31,141] LMCache INFO:[0m Prefetch request completed (L1+L2): 9/9 retained keys (9 L1, 0 L2) in 526.2 ms (external_request_id=chatcmpl-b0008f4cd124ad48-9c6ff1cb, prefetch_request_id=-1) [3m(storage_manager.py:726:lmcache.v1.distributed.storage_manager)[0m
[32;20m[2026-09-29 17:06:31,141] LMCache INFO:[0m Prefetch request completed (L1+L2): 10/11 retained keys (10 L1, 0 L2) in 526.1 ms (external_request_id=chatcmpl-98cc1fe2d99b79d7-a8c722e8, prefetch_request_id=-1) [3m(storage_manager.py:726:lmcache.v1.distributed.storage_manager)[0m
[32;20m[2026-09-29 17:06:31,141] LMCache INFO:[0m Prefetch request completed (L1+L2): 9/10 retained keys (9 L1, 0 L2) in 525.8 ms (external_request_id=chatcmpl-86a68e95c5cc27c6-bb91ab36, prefetch_request_id=-1) [3m(storage_manager.py:726:lmcache.v1.distributed.storage_manager)[0m
[32;20m[2026-09-29 17:06:31,141] LMCache INFO:[0m Prefetch request completed (L1+L2): 9/12 retained keys (9 L1, 0 L2) in 525.2 ms (external_request_id=chatcmpl-8bdce845288887a5-b083a9f1, prefetch_request_id=-1) [3m(storage_manager.py:726:lmcache.v1.distributed.storage_manager)[0m
[32;20m[2026-09-29 17:06:31,141] LMCache INFO:[0m Prefetch request completed (L1+L2): 9/10 retained keys (9 L1, 0 L2) in 524.7 ms (external_request_id=chatcmpl-a55c9ccbdbe2bd80-adabcfda, prefetch_request_id=-1) [3m(storage_manager.py:726:lmcache.v1.distributed.storage_manager)[0m
[32;20m[2026-09-29 17:06:31,141] LMCache INFO:[0m Prefetch request completed (L1+L2): 9/11 retained keys (9 L1, 0 L2) in 524.7 ms (external_request_id=chatcmpl-a03bf16582d48d4c-814fe895, prefetch_request_id=-1) [3m(storage_manager.py:726:lmcache.v1.distributed.storage_manager)[0m
[32;20m[2026-09-29 17:06:31,186] LMCache INFO:[0m Stored 256 tokens in 0.001 seconds [3m(lmcache_driven_transfer.py:1276:lmcache.v1.multiprocess.modules.lmcache_driven_transfer)[0m
[32;20m[2026-09-29 17:06:31,342] LMCache INFO:[0m Stored 512 tokens in 0.002 seconds [3m(lmcache_driven_transfer.py:1276:lmcache.v1.multiprocess.modules.lmcache_driven_transfer)[0m
[32;20m[2026-09-29 17:06:31,344] LMCache INFO:[0m Stored 256 tokens in 0.002 seconds [3m(lmcache_driven_transfer.py:1276:lmcache.v1.multiprocess.modules.lmcache_driven_transfer)[0m
[32;20m[2026-09-29 17:06:31,383] LMCache INFO:[0m Stored 768 tokens in 0.001 seconds [3m(lmcache_driven_transfer.py:1276:lmcache.v1.multiprocess.modules.lmcache_driven_transfer)[0m
[32;20m[2026-09-29 17:06:31,384] LMCache INFO:[0m Stored 256 tokens in 0.001 seconds [3m(lmcache_driven_transfer.py:1276:lmcache.v1.multiprocess.modules.lmcache_driven_transfer)[0m
[32;20m[2026-09-29 17:06:31,932] LMCache INFO:[0m Stored 512 tokens in 0.002 seconds [3m(lmcache_driven_transfer.py:1276:lmcache.v1.multiprocess.modules.lmcache_driven_transfer)[0m
[32;20m[2026-09-29 17:06:32,020] LMCache INFO:[0m Stored 256 tokens in 0.001 seconds [3m(lmcache_driven_transfer.py:1276:lmcache.v1.multiprocess.modules.lmcache_driven_transfer)[0m
[32;20m[2026-09-29 17:06:32,264] LMCache INFO:[0m Stored 256 tokens in 0.001 seconds [3m(lmcache_driven_transfer.py:1276:lmcache.v1.multiprocess.modules.lmcache_driven_transfer)[0m
[32;20m[2026-09-29 17:06:32,315] LMCache INFO:[0m Stored 256 tokens in 0.001 seconds [3m(lmcache_driven_transfer.py:1276:lmcache.v1.multiprocess.modules.lmcache_driven_transfer)[0m
[32;20m[2026-09-29 17:06:32,316] LMCache INFO:[0m Stored 256 tokens in 0.001 seconds [3m(lmcache_driven_transfer.py:1276:lmcache.v1.multiprocess.modules.lmcache_driven_transfer)[0m
[32;20m[2026-09-29 17:06:32,462] LMCache INFO:[0m Stored 512 tokens in 0.001 seconds [3m(lmcache_driven_transfer.py:1276:lmcache.v1.multiprocess.modules.lmcache_driven_transfer)[0m
[32;20m[2026-09-29 17:06:32,569] LMCache INFO:[0m Stored 256 tokens in 0.001 seconds [3m(lmcache_driven_transfer.py:1276:lmcache.v1.multiprocess.modules.lmcache_driven_transfer)[0m
[32;20m[2026-09-29 17:06:32,682] LMCache INFO:[0m Stored 768 tokens in 0.002 seconds [3m(lmcache_driven_transfer.py:1276:lmcache.v1.multiprocess.modules.lmcache_driven_transfer)[0m
INFO:     172.26.132.42:2397 - "GET /metrics HTTP/1.1" 200 OK
[32;20m[2026-09-29 17:06:32,904] LMCache INFO:[0m Stored 256 tokens in 0.001 seconds [3m(lmcache_driven_transfer.py:1276:lmcache.v1.multiprocess.modules.lmcache_driven_transfer)[0m
[32;20m[2026-09-29 17:06:32,906] LMCache INFO:[0m Stored 256 tokens in 0.001 seconds [3m(lmcache_driven_transfer.py:1276:lmcache.v1.multiprocess.modules.lmcache_driven_transfer)[0m
[32;20m[2026-09-29 17:06:32,907] LMCache INFO:[0m Stored 256 tokens in 0.001 seconds [3m(lmcache_driven_transfer.py:1276:lmcache.v1.multiprocess.modules.lmcache_driven_transfer)[0m
[32;20m[2026-09-29 17:06:33,035] LMCache INFO:[0m Stored 768 tokens in 0.003 seconds [3m(lmcache_driven_transfer.py:1276:lmcache.v1.multiprocess.modules.lmcache_driven_transfer)[0m
[32;20m[2026-09-29 17:06:33,065] LMCache INFO:[0m Stored 256 tokens in 0.001 seconds [3m(lmcache_driven_transfer.py:1276:lmcache.v1.multiprocess.modules.lmcache_driven_transfer)[0m
[32;20m[2026-09-29 17:06:33,116] LMCache INFO:[0m Stored 512 tokens in 0.001 seconds [3m(lmcache_driven_transfer.py:1276:lmcache.v1.multiprocess.modules.lmcache_driven_transfer)[0m
[32;20m[2026-09-29 17:06:33,377] LMCache INFO:[0m Prefetch request completed (L1+L2): 9/10 retained keys (9 L1, 0 L2) in 2235.4 ms (external_request_id=chatcmpl-84b24590aae1cf25-91393ad8, prefetch_request_id=-1) [3m(storage_manager.py:726:lmcache.v1.distributed.storage_manager)[0m
[32;20m[2026-09-29 17:06:33,378] LMCache INFO:[0m Prefetch request completed (L1+L2): 10/11 retained keys (10 L1, 0 L2) in 2234.8 ms (external_request_id=chatcmpl-b8f448b81de4e66a-a9a32e92, prefetch_request_id=-1) [3m(storage_manager.py:726:lmcache.v1.distributed.storage_manager)[0m
[32;20m[2026-09-29 17:06:33,378] LMCache INFO:[0m Prefetch request completed (L1+L2): 9/11 retained keys (9 L1, 0 L2) in 2234.7 ms (external_request_id=chatcmpl-9fda4227c945ff78-82436922, prefetch_request_id=-1) [3m(storage_manager.py:726:lmcache.v1.distributed.storage_manager)[0m
[32;20m[2026-09-29 17:06:33,378] LMCache INFO:[0m Prefetch request completed (L1+L2): 12/12 retained keys (12 L1, 0 L2) in 2234.7 ms (external_request_id=chatcmpl-b974a7268188a6b2-8704a0f0, prefetch_request_id=-1) [3m(storage_manager.py:726:lmcache.v1.distributed.storage_manager)[0m
[32;20m[2026-09-29 17:06:33,378] LMCache INFO:[0m Prefetch request completed (L1+L2): 9/9 retained keys (9 L1, 0 L2) in 2234.4 ms (external_request_id=chatcmpl-bb83ca99d24dfb60-8bbc7734, prefetch_request_id=-1) [3m(storage_manager.py:726:lmcache.v1.distributed.storage_manager)[0m
[32;20m[2026-09-29 17:06:33,423] LMCache INFO:[0m Stored 256 tokens in 0.001 seconds [3m(lmcache_driven_transfer.py:1276:lmcache.v1.multiprocess.modules.lmcache_driven_transfer)[0m
[32;20m[2026-09-29 17:06:33,785] LMCache INFO:[0m Stored 256 tokens in 0.002 seconds [3m(lmcache_driven_transfer.py:1276:lmcache.v1.multiprocess.modules.lmcache_driven_transfer)[0m
[32;20m[2026-09-29 17:06:33,833] LMCache INFO:[0m Stored 512 tokens in 0.001 seconds [3m(lmcache_driven_transfer.py:1276:lmcache.v1.multiprocess.modules.lmcache_driven_transfer)[0m
[32;20m[2026-09-29 17:06:34,011] LMCache INFO:[0m Prefetch request completed (L1+L2): 10/11 retained keys (10 L1, 0 L2) in 631.9 ms (external_request_id=chatcmpl-823a37dbd6d40e72-a53ca9d1, prefetch_request_id=-1) [3m(storage_manager.py:726:lmcache.v1.distributed.storage_manager)[0m
[32;20m[2026-09-29 17:06:34,011] LMCache INFO:[0m Prefetch request completed (L1+L2): 12/14 retained keys (12 L1, 0 L2) in 631.4 ms (external_request_id=chatcmpl-9a0f919e87c45294-ad3b737d, prefetch_request_id=-1) [3m(storage_manager.py:726:lmcache.v1.distributed.storage_manager)[0m
[32;20m[2026-09-29 17:06:34,011] LMCache INFO:[0m Prefetch request completed (L1+L2): 10/12 retained keys (10 L1, 0 L2) in 631.2 ms (external_request_id=chatcmpl-880a4f2c5baef7c0-95bb8fb0, prefetch_request_id=-1) [3m(storage_manager.py:726:lmcache.v1.distributed.storage_manager)[0m
[32;20m[2026-09-29 17:06:34,011] LMCache INFO:[0m Prefetch request completed (L1+L2): 11/11 retained keys (11 L1, 0 L2) in 630.9 ms (external_request_id=chatcmpl-8277130d470a5581-99ac636b, prefetch_request_id=-1) [3m(storage_manager.py:726:lmcache.v1.distributed.storage_manager)[0m
[32;20m[2026-09-29 17:06:34,011] LMCache INFO:[0m Prefetch request completed (L1+L2): 10/11 retained keys (10 L1, 0 L2) in 630.5 ms (external_request_id=chatcmpl-a91a104411bc249d-823bee63, prefetch_request_id=-1) [3m(storage_manager.py:726:lmcache.v1.distributed.storage_manager)[0m
[32;20m[2026-09-29 17:06:34,011] LMCache INFO:[0m Prefetch request completed (L1+L2): 10/11 retained keys (10 L1, 0 L2) in 629.9 ms (external_request_id=chatcmpl-825606754cfa654a-866f382e, prefetch_request_id=-1) [3m(storage_manager.py:726:lmcache.v1.distributed.storage_manager)[0m
[32;20m[2026-09-29 17:06:34,011] LMCache INFO:[0m Prefetch request completed (L1+L2): 10/11 retained keys (10 L1, 0 L2) in 629.8 ms (external_request_id=chatcmpl-af6aaf7a9c3d3d59-902f1606, prefetch_request_id=-1) [3m(storage_manager.py:726:lmcache.v1.distributed.storage_manager)[0m
[32;20m[2026-09-29 17:06:34,012] LMCache INFO:[0m Prefetch request completed (L1+L2): 9/11 retained keys (9 L1, 0 L2) in 629.9 ms (external_request_id=chatcmpl-ae32ea1b098fcc7d-b6e2df4d, prefetch_request_id=-1) [3m(storage_manager.py:726:lmcache.v1.distributed.storage_manager)[0m
[32;20m[2026-09-29 17:06:34,012] LMCache INFO:[0m Prefetch request completed (L1+L2): 9/10 retained keys (9 L1, 0 L2) in 629.8 ms (external_request_id=chatcmpl-8a7c9a64be81153d-850cf401, prefetch_request_id=-1) [3m(storage_manager.py:726:lmcache.v1.distributed.storage_manager)[0m
[32;20m[2026-09-29 17:06:34,012] LMCache INFO:[0m Prefetch request completed (L1+L2): 9/11 retained keys (9 L1, 0 L2) in 629.3 ms (external_request_id=chatcmpl-8d7e0c3f4c34be85-9708f759, prefetch_request_id=-1) [3m(storage_manager.py:726:lmcache.v1.distributed.storage_manager)[0m
[32;20m[2026-09-29 17:06:34,012] LMCache INFO:[0m Prefetch request completed (L1+L2): 10/12 retained keys (10 L1, 0 L2) in 629.1 ms (external_request_id=chatcmpl-bfe0082d2ac95739-9ba26896, prefetch_request_id=-1) [3m(storage_manager.py:726:lmcache.v1.distributed.storage_manager)[0m
[32;20m[2026-09-29 17:06:34,012] LMCache INFO:[0m Prefetch request completed (L1+L2): 9/10 retained keys (9 L1, 0 L2) in 628.1 ms (external_request_id=chatcmpl-94ce98e1c7483cc3-9a294d57, prefetch_request_id=-1) [3m(storage_manager.py:726:lmcache.v1.distributed.storage_manager)[0m
[32;20m[2026-09-29 17:06:34,012] LMCache INFO:[0m Prefetch request completed (L1+L2): 9/11 retained keys (9 L1, 0 L2) in 628.0 ms (external_request_id=chatcmpl-84be811beee60717-a6afcf85, prefetch_request_id=-1) [3m(storage_manager.py:726:lmcache.v1.distributed.storage_manager)[0m
[32;20m[2026-09-29 17:06:34,013] LMCache INFO:[0m Prefetch request completed (L1+L2): 9/10 retained keys (9 L1, 0 L2) in 628.0 ms (external_request_id=chatcmpl-a589ed3b1abebc29-9ae4663f, prefetch_request_id=-1) [3m(storage_manager.py:726:lmcache.v1.distributed.storage_manager)[0m
[32;20m[2026-09-29 17:06:34,013] LMCache INFO:[0m Prefetch request completed (L1+L2): 9/10 retained keys (9 L1, 0 L2) in 628.0 ms (external_request_id=chatcmpl-a0b1092946f97f8f-ba5e2a2a, prefetch_request_id=-1) [3m(storage_manager.py:726:lmcache.v1.distributed.storage_manager)[0m
[32;20m[2026-09-29 17:06:34,013] LMCache INFO:[0m Prefetch request completed (L1+L2): 9/12 retained keys (9 L1, 0 L2) in 627.9 ms (external_request_id=chatcmpl-89f18cfd8f90df84-a8d4751f, prefetch_request_id=-1) [3m(storage_manager.py:726:lmcache.v1.distributed.storage_manager)[0m
[32;20m[2026-09-29 17:06:34,013] LMCache INFO:[0m Prefetch request completed (L1+L2): 10/11 retained keys (10 L1, 0 L2) in 627.9 ms (external_request_id=chatcmpl-81f6782db3099937-a822a38a, prefetch_request_id=-1) [3m(storage_manager.py:726:lmcache.v1.distributed.storage_manager)[0m
[32;20m[2026-09-29 17:06:34,013] LMCache INFO:[0m Prefetch request completed (L1+L2): 9/11 retained keys (9 L1, 0 L2) in 627.8 ms (external_request_id=chatcmpl-89337727e131ee25-90091c29, prefetch_request_id=-1) [3m(storage_manager.py:726:lmcache.v1.distributed.storage_manager)[0m
[32;20m[2026-09-29 17:06:34,013] LMCache INFO:[0m Prefetch request completed (L1+L2): 12/12 retained keys (12 L1, 0 L2) in 627.7 ms (external_request_id=chatcmpl-addf2b1323da9d1a-ba9919c7, prefetch_request_id=-1) [3m(storage_manager.py:726:lmcache.v1.distributed.storage_manager)[0m
[32;20m[2026-09-29 17:06:34,057] LMCache INFO:[0m Stored 256 tokens in 0.002 seconds [3m(lmcache_driven_transfer.py:1276:lmcache.v1.multiprocess.modules.lmcache_driven_transfer)[0m
[32;20m[2026-09-29 17:06:34,093] LMCache INFO:[0m Stored 512 tokens in 0.001 seconds [3m(lmcache_driven_transfer.py:1276:lmcache.v1.multiprocess.modules.lmcache_driven_transfer)[0m
[32;20m[2026-09-29 17:06:34,095] LMCache INFO:[0m Stored 512 tokens in 0.001 seconds [3m(lmcache_driven_transfer.py:1276:lmcache.v1.multiprocess.modules.lmcache_driven_transfer)[0m
[32;20m[2026-09-29 17:06:34,456] LMCache INFO:[0m Stored 256 tokens in 0.001 seconds [3m(lmcache_driven_transfer.py:1276:lmcache.v1.multiprocess.modules.lmcache_driven_transfer)[0m
[32;20m[2026-09-29 17:06:34,495] LMCache INFO:[0m Stored 256 tokens in 0.001 seconds [3m(lmcache_driven_transfer.py:1276:lmcache.v1.multiprocess.modules.lmcache_driven_transfer)[0m
[32;20m[2026-09-29 17:06:34,566] LMCache INFO:[0m Stored 256 tokens in 0.001 seconds [3m(lmcache_driven_transfer.py:1276:lmcache.v1.multiprocess.modules.lmcache_driven_transfer)[0m
[32;20m[2026-09-29 17:06:34,677] LMCache INFO:[0m Stored 256 tokens in 0.001 seconds [3m(lmcache_driven_transfer.py:1276:lmcache.v1.multiprocess.modules.lmcache_driven_transfer)[0m
[32;20m[2026-09-29 17:06:34,786] LMCache INFO:[0m Stored 256 tokens in 0.001 seconds [3m(lmcache_driven_transfer.py:1276:lmcache.v1.multiprocess.modules.lmcache_driven_transfer)[0m
[32;20m[2026-09-29 17:06:34,896] LMCache INFO:[0m Stored 512 tokens in 0.002 seconds [3m(lmcache_driven_transfer.py:1276:lmcache.v1.multiprocess.modules.lmcache_driven_transfer)[0m
[32;20m[2026-09-29 17:06:35,100] LMCache INFO:[0m Stored 256 tokens in 0.001 seconds [3m(lmcache_driven_transfer.py:1276:lmcache.v1.multiprocess.modules.lmcache_driven_transfer)[0m
[32;20m[2026-09-29 17:06:35,308] LMCache INFO:[0m Stored 512 tokens in 0.001 seconds [3m(lmcache_driven_transfer.py:1276:lmcache.v1.multiprocess.modules.lmcache_driven_transfer)[0m
[32;20m[2026-09-29 17:06:35,393] LMCache INFO:[0m Stored 512 tokens in 0.001 seconds [3m(lmcache_driven_transfer.py:1276:lmcache.v1.multiprocess.modules.lmcache_driven_transfer)[0m
[32;20m[2026-09-29 17:06:35,543] LMCache INFO:[0m Stored 256 tokens in 0.001 seconds [3m(lmcache_driven_transfer.py:1276:lmcache.v1.multiprocess.modules.lmcache_driven_transfer)[0m
[32;20m[2026-09-29 17:06:35,545] LMCache INFO:[0m Stored 512 tokens in 0.001 seconds [3m(lmcache_driven_transfer.py:1276:lmcache.v1.multiprocess.modules.lmcache_driven_transfer)[0m
[32;20m[2026-09-29 17:06:35,646] LMCache INFO:[0m Stored 256 tokens in 0.001 seconds [3m(lmcache_driven_transfer.py:1276:lmcache.v1.multiprocess.modules.lmcache_driven_transfer)[0m
[32;20m[2026-09-29 17:06:35,717] LMCache INFO:[0m Stored 256 tokens in 0.001 seconds [3m(lmcache_driven_transfer.py:1276:lmcache.v1.multiprocess.modules.lmcache_driven_transfer)[0m
[32;20m[2026-09-29 17:06:35,830] LMCache INFO:[0m Stored 768 tokens in 0.002 seconds [3m(lmcache_driven_transfer.py:1276:lmcache.v1.multiprocess.modules.lmcache_driven_transfer)[0m
[32;20m[2026-09-29 17:06:36,017] LMCache INFO:[0m Stored 256 tokens in 0.001 seconds [3m(lmcache_driven_transfer.py:1276:lmcache.v1.multiprocess.modules.lmcache_driven_transfer)[0m
[32;20m[2026-09-29 17:06:36,143] LMCache INFO:[0m Stored 512 tokens in 0.001 seconds [3m(lmcache_driven_transfer.py:1276:lmcache.v1.multiprocess.modules.lmcache_driven_transfer)[0m
[32;20m[2026-09-29 17:06:36,309] LMCache INFO:[0m Prefetch request completed (L1+L2): 9/9 retained keys (9 L1, 0 L2) in 2295.1 ms (external_request_id=chatcmpl-9077219be3b0f0bb-b09cff74, prefetch_request_id=-1) [3m(storage_manager.py:726:lmcache.v1.distributed.storage_manager)[0m
[32;20m[2026-09-29 17:06:36,309] LMCache INFO:[0m Prefetch request completed (L1+L2): 10/10 retained keys (10 L1, 0 L2) in 2294.7 ms (external_request_id=chatcmpl-9876d581db652a75-83f71e4f, prefetch_request_id=-1) [3m(storage_manager.py:726:lmcache.v1.distributed.storage_manager)[0m
[32;20m[2026-09-29 17:06:36,309] LMCache INFO:[0m Prefetch request completed (L1+L2): 12/13 retained keys (12 L1, 0 L2) in 2294.6 ms (external_request_id=chatcmpl-8c0314da020f48df-920cfa18, prefetch_request_id=-1) [3m(storage_manager.py:726:lmcache.v1.distributed.storage_manager)[0m
[32;20m[2026-09-29 17:06:36,310] LMCache INFO:[0m Prefetch request completed (L1+L2): 10/12 retained keys (10 L1, 0 L2) in 2294.3 ms (external_request_id=chatcmpl-93084ade322bb3e9-8dda7f04, prefetch_request_id=-1) [3m(storage_manager.py:726:lmcache.v1.distributed.storage_manager)[0m
[32;20m[2026-09-29 17:06:36,310] LMCache INFO:[0m Prefetch request completed (L1+L2): 11/12 retained keys (11 L1, 0 L2) in 2294.4 ms (external_request_id=chatcmpl-8e4fd97bf0bb25ae-bd18cd38, prefetch_request_id=-1) [3m(storage_manager.py:726:lmcache.v1.distributed.storage_manager)[0m
[32;20m[2026-09-29 17:06:36,437] LMCache INFO:[0m Stored 256 tokens in 0.001 seconds [3m(lmcache_driven_transfer.py:1276:lmcache.v1.multiprocess.modules.lmcache_driven_transfer)[0m
[32;20m[2026-09-29 17:06:36,523] LMCache INFO:[0m Stored 512 tokens in 0.001 seconds [3m(lmcache_driven_transfer.py:1276:lmcache.v1.multiprocess.modules.lmcache_driven_transfer)[0m
[32;20m[2026-09-29 17:06:36,690] LMCache INFO:[0m Stored 256 tokens in 0.001 seconds [3m(lmcache_driven_transfer.py:1276:lmcache.v1.multiprocess.modules.lmcache_driven_transfer)[0m
[32;20m[2026-09-29 17:06:36,846] LMCache INFO:[0m Prefetch request completed (L1+L2): 10/11 retained keys (10 L1, 0 L2) in 535.5 ms (external_request_id=chatcmpl-8b1c3de853ec321b-b3c1abf1, prefetch_request_id=-1) [3m(storage_manager.py:726:lmcache.v1.distributed.storage_manager)[0m
[32;20m[2026-09-29 17:06:36,847] LMCache INFO:[0m Prefetch request completed (L1+L2): 10/12 retained keys (10 L1, 0 L2) in 535.7 ms (external_request_id=chatcmpl-99d07a61809ca895-a1adaa63, prefetch_request_id=-1) [3m(storage_manager.py:726:lmcache.v1.distributed.storage_manager)[0m
[32;20m[2026-09-29 17:06:36,847] LMCache INFO:[0m Prefetch request completed (L1+L2): 10/13 retained keys (10 L1, 0 L2) in 534.1 ms (external_request_id=chatcmpl-880c8f8026fadb84-88e30e67, prefetch_request_id=-1) [3m(storage_manager.py:726:lmcache.v1.distributed.storage_manager)[0m
[32;20m[2026-09-29 17:06:36,847] LMCache INFO:[0m Prefetch request completed (L1+L2): 9/11 retained keys (9 L1, 0 L2) in 532.4 ms (external_request_id=chatcmpl-87d9b5b4ae96ca26-a6364279, prefetch_request_id=-1) [3m(storage_manager.py:726:lmcache.v1.distributed.storage_manager)[0m
[32;20m[2026-09-29 17:06:36,847] LMCache INFO:[0m Prefetch request completed (L1+L2): 9/10 retained keys (9 L1, 0 L2) in 532.2 ms (external_request_id=chatcmpl-a0d95745204cbb0c-9cd381fc, prefetch_request_id=-1) [3m(storage_manager.py:726:lmcache.v1.distributed.storage_manager)[0m
[32;20m[2026-09-29 17:06:36,847] LMCache INFO:[0m Prefetch request completed (L1+L2): 9/9 retained keys (9 L1, 0 L2) in 532.0 ms (external_request_id=chatcmpl-b5ee1740013e77df-9a1a7bea, prefetch_request_id=-1) [3m(storage_manager.py:726:lmcache.v1.distributed.storage_manager)[0m
[32;20m[2026-09-29 17:06:36,847] LMCache INFO:[0m Prefetch request completed (L1+L2): 10/12 retained keys (10 L1, 0 L2) in 531.9 ms (external_request_id=chatcmpl-999c17b55335ea3d-9e3bb1f2, prefetch_request_id=-1) [3m(storage_manager.py:726:lmcache.v1.distributed.storage_manager)[0m
[32;20m[2026-09-29 17:06:36,848] LMCache INFO:[0m Prefetch request completed (L1+L2): 9/11 retained keys (9 L1, 0 L2) in 532.0 ms (external_request_id=chatcmpl-a45dcedf330fe3d3-b373e276, prefetch_request_id=-1) [3m(storage_manager.py:726:lmcache.v1.distributed.storage_manager)[0m
[32;20m[2026-09-29 17:06:36,848] LMCache INFO:[0m Prefetch request completed (L1+L2): 9/11 retained keys (9 L1, 0 L2) in 532.1 ms (external_request_id=chatcmpl-90fbe6755196ce63-9701aa16, prefetch_request_id=-1) [3m(storage_manager.py:726:lmcache.v1.distributed.storage_manager)[0m
[32;20m[2026-09-29 17:06:36,848] LMCache INFO:[0m Prefetch request completed (L1+L2): 9/9 retained keys (9 L1, 0 L2) in 531.9 ms (external_request_id=chatcmpl-9c67432db097fb1d-98c4175e, prefetch_request_id=-1) [3m(storage_manager.py:726:lmcache.v1.distributed.storage_manager)[0m
[32;20m[2026-09-29 17:06:36,849] LMCache INFO:[0m Prefetch request completed (L1+L2): 9/10 retained keys (9 L1, 0 L2) in 531.9 ms (external_request_id=chatcmpl-b389b9de7afaab9b-be99e1ba, prefetch_request_id=-1) [3m(storage_manager.py:726:lmcache.v1.distributed.storage_manager)[0m
[32;20m[2026-09-29 17:06:36,849] LMCache INFO:[0m Prefetch request completed (L1+L2): 9/11 retained keys (9 L1, 0 L2) in 531.7 ms (external_request_id=chatcmpl-bc1249729caaafd9-aab2262e, prefetch_request_id=-1) [3m(storage_manager.py:726:lmcache.v1.distributed.storage_manager)[0m
[32;20m[2026-09-29 17:06:36,849] LMCache INFO:[0m Prefetch request completed (L1+L2): 10/11 retained keys (10 L1, 0 L2) in 531.2 ms (external_request_id=chatcmpl-bdd5022aefbf23b0-b29a876e, prefetch_request_id=-1) [3m(storage_manager.py:726:lmcache.v1.distributed.storage_manager)[0m
[32;20m[2026-09-29 17:06:36,849] LMCache INFO:[0m Prefetch request completed (L1+L2): 9/9 retained keys (9 L1, 0 L2) in 531.0 ms (external_request_id=chatcmpl-bf0559b867db2e6f-8a390c5f, prefetch_request_id=-1) [3m(storage_manager.py:726:lmcache.v1.distributed.storage_manager)[0m
[32;20m[2026-09-29 17:06:36,849] LMCache INFO:[0m Prefetch request completed (L1+L2): 12/14 retained keys (12 L1, 0 L2) in 529.7 ms (external_request_id=chatcmpl-adefbbee4f84e9cd-bac34eb2, prefetch_request_id=-1) [3m(storage_manager.py:726:lmcache.v1.distributed.storage_manager)[0m
[32;20m[2026-09-29 17:06:36,849] LMCache INFO:[0m Prefetch request completed (L1+L2): 9/9 retained keys (9 L1, 0 L2) in 529.4 ms (external_request_id=chatcmpl-a1a87b672d482f83-919da866, prefetch_request_id=-1) [3m(storage_manager.py:726:lmcache.v1.distributed.storage_manager)[0m
[32;20m[2026-09-29 17:06:36,850] LMCache INFO:[0m Prefetch request completed (L1+L2): 10/12 retained keys (10 L1, 0 L2) in 529.3 ms (external_request_id=chatcmpl-a2e911b8d45e7896-bea8d3cd, prefetch_request_id=-1) [3m(storage_manager.py:726:lmcache.v1.distributed.storage_manager)[0m
[32;20m[2026-09-29 17:06:36,850] LMCache INFO:[0m Prefetch request completed (L1+L2): 12/14 retained keys (12 L1, 0 L2) in 529.1 ms (external_request_id=chatcmpl-88b6ff6e97ee213c-8db13342, prefetch_request_id=-1) [3m(storage_manager.py:726:lmcache.v1.distributed.storage_manager)[0m
[32;20m[2026-09-29 17:06:36,850] LMCache INFO:[0m Prefetch request completed (L1+L2): 10/10 retained keys (10 L1, 0 L2) in 529.0 ms (external_request_id=chatcmpl-9c03b5ae6496c2c4-b17f00e9, prefetch_request_id=-1) [3m(storage_manager.py:726:lmcache.v1.distributed.storage_manager)[0m
[32;20m[2026-09-29 17:06:36,893] LMCache INFO:[0m Stored 256 tokens in 0.001 seconds [3m(lmcache_driven_transfer.py:1276:lmcache.v1.multiprocess.modules.lmcache_driven_transfer)[0m
[32;20m[2026-09-29 17:06:37,023] LMCache INFO:[0m Stored 512 tokens in 0.001 seconds [3m(lmcache_driven_transfer.py:1276:lmcache.v1.multiprocess.modules.lmcache_driven_transfer)[0m
[32;20m[2026-09-29 17:06:37,110] LMCache INFO:[0m Stored 768 tokens in 0.002 seconds [3m(lmcache_driven_transfer.py:1276:lmcache.v1.multiprocess.modules.lmcache_driven_transfer)[0m
[32;20m[2026-09-29 17:06:37,142] LMCache INFO:[0m Stored 512 tokens in 0.001 seconds [3m(lmcache_driven_transfer.py:1276:lmcache.v1.multiprocess.modules.lmcache_driven_transfer)[0m
[32;20m[2026-09-29 17:06:37,323] LMCache INFO:[0m Stored 256 tokens in 0.001 seconds [3m(lmcache_driven_transfer.py:1276:lmcache.v1.multiprocess.modules.lmcache_driven_transfer)[0m
[32;20m[2026-09-29 17:06:37,597] LMCache INFO:[0m Stored 512 tokens in 0.001 seconds [3m(lmcache_driven_transfer.py:1276:lmcache.v1.multiprocess.modules.lmcache_driven_transfer)[0m
[32;20m[2026-09-29 17:06:37,710] LMCache INFO:[0m Stored 512 tokens in 0.001 seconds [3m(lmcache_driven_transfer.py:1276:lmcache.v1.multiprocess.modules.lmcache_driven_transfer)[0m
[32;20m[2026-09-29 17:06:37,711] LMCache INFO:[0m Stored 512 tokens in 0.001 seconds [3m(lmcache_driven_transfer.py:1276:lmcache.v1.multiprocess.modules.lmcache_driven_transfer)[0m
[32;20m[2026-09-29 17:06:37,712] LMCache INFO:[0m Stored 256 tokens in 0.001 seconds [3m(lmcache_driven_transfer.py:1276:lmcache.v1.multiprocess.modules.lmcache_driven_transfer)[0m
[32;20m[2026-09-29 17:06:37,960] LMCache INFO:[0m Stored 256 tokens in 0.001 seconds [3m(lmcache_driven_transfer.py:1276:lmcache.v1.multiprocess.modules.lmcache_driven_transfer)[0m
[32;20m[2026-09-29 17:06:38,047] LMCache INFO:[0m Stored 512 tokens in 0.001 seconds [3m(lmcache_driven_transfer.py:1276:lmcache.v1.multiprocess.modules.lmcache_driven_transfer)[0m
[32;20m[2026-09-29 17:06:38,257] LMCache INFO:[0m Stored 256 tokens in 0.003 seconds [3m(lmcache_driven_transfer.py:1276:lmcache.v1.multiprocess.modules.lmcache_driven_transfer)[0m
[32;20m[2026-09-29 17:06:38,361] LMCache INFO:[0m Stored 512 tokens in 0.003 seconds [3m(lmcache_driven_transfer.py:1276:lmcache.v1.multiprocess.modules.lmcache_driven_transfer)[0m
[32;20m[2026-09-29 17:06:38,399] LMCache INFO:[0m Stored 512 tokens in 0.001 seconds [3m(lmcache_driven_transfer.py:1276:lmcache.v1.multiprocess.modules.lmcache_driven_transfer)[0m
[32;20m[2026-09-29 17:06:38,401] LMCache INFO:[0m Stored 512 tokens in 0.001 seconds [3m(lmcache_driven_transfer.py:1276:lmcache.v1.multiprocess.modules.lmcache_driven_transfer)[0m
[32;20m[2026-09-29 17:06:38,620] LMCache INFO:[0m Stored 256 tokens in 0.001 seconds [3m(lmcache_driven_transfer.py:1276:lmcache.v1.multiprocess.modules.lmcache_driven_transfer)[0m
[32;20m[2026-09-29 17:06:39,028] LMCache INFO:[0m Stored 256 tokens in 0.001 seconds [3m(lmcache_driven_transfer.py:1276:lmcache.v1.multiprocess.modules.lmcache_driven_transfer)[0m
[32;20m[2026-09-29 17:06:39,069] LMCache INFO:[0m Prefetch request completed (L1+L2): 11/13 retained keys (11 L1, 0 L2) in 2218.1 ms (external_request_id=chatcmpl-ab1de5af5d0eece3-a80008fa, prefetch_request_id=-1) [3m(storage_manager.py:726:lmcache.v1.distributed.storage_manager)[0m
[32;20m[2026-09-29 17:06:39,069] LMCache INFO:[0m Prefetch request completed (L1+L2): 10/12 retained keys (10 L1, 0 L2) in 2217.8 ms (external_request_id=chatcmpl-8a0c163a7ccd7475-8bdf535a, prefetch_request_id=-1) [3m(storage_manager.py:726:lmcache.v1.distributed.storage_manager)[0m
[32;20m[2026-09-29 17:06:39,069] LMCache INFO:[0m Prefetch request completed (L1+L2): 10/12 retained keys (10 L1, 0 L2) in 2217.7 ms (external_request_id=chatcmpl-8930ebd325ea445f-812b1ce4, prefetch_request_id=-1) [3m(storage_manager.py:726:lmcache.v1.distributed.storage_manager)[0m
[32;20m[2026-09-29 17:06:39,069] LMCache INFO:[0m Prefetch request completed (L1+L2): 10/11 retained keys (10 L1, 0 L2) in 2217.4 ms (external_request_id=chatcmpl-823a6fb3a3b91900-b13e6064, prefetch_request_id=-1) [3m(storage_manager.py:726:lmcache.v1.distributed.storage_manager)[0m
[32;20m[2026-09-29 17:06:39,070] LMCache INFO:[0m Prefetch request completed (L1+L2): 9/10 retained keys (9 L1, 0 L2) in 2217.2 ms (external_request_id=chatcmpl-8ef3dede8fd6a88e-a0f51861, prefetch_request_id=-1) [3m(storage_manager.py:726:lmcache.v1.distributed.storage_manager)[0m
[32;20m[2026-09-29 17:06:39,121] LMCache INFO:[0m Stored 512 tokens in 0.001 seconds [3m(lmcache_driven_transfer.py:1276:lmcache.v1.multiprocess.modules.lmcache_driven_transfer)[0m
[32;20m[2026-09-29 17:06:39,124] LMCache INFO:[0m Stored 512 tokens in 0.003 seconds [3m(lmcache_driven_transfer.py:1276:lmcache.v1.multiprocess.modules.lmcache_driven_transfer)[0m
[32;20m[2026-09-29 17:06:39,126] LMCache INFO:[0m Stored 512 tokens in 0.001 seconds [3m(lmcache_driven_transfer.py:1276:lmcache.v1.multiprocess.modules.lmcache_driven_transfer)[0m
[32;20m[2026-09-29 17:06:39,399] LMCache INFO:[0m Stored 256 tokens in 0.003 seconds [3m(lmcache_driven_transfer.py:1276:lmcache.v1.multiprocess.modules.lmcache_driven_transfer)[0m
[32;20m[2026-09-29 17:06:39,430] LMCache INFO:[0m Stored 256 tokens in 0.001 seconds [3m(lmcache_driven_transfer.py:1276:lmcache.v1.multiprocess.modules.lmcache_driven_transfer)[0m
[32;20m[2026-09-29 17:06:39,472] LMCache INFO:[0m Prefetch request completed (L1+L2): 9/12 retained keys (9 L1, 0 L2) in 401.6 ms (external_request_id=chatcmpl-8ec7a7a4cc72c5d4-92fa7f24, prefetch_request_id=-1) [3m(storage_manager.py:726:lmcache.v1.distributed.storage_manager)[0m
[32;20m[2026-09-29 17:06:39,472] LMCache INFO:[0m Prefetch request completed (L1+L2): 9/11 retained keys (9 L1, 0 L2) in 401.4 ms (external_request_id=chatcmpl-9d7df2cedba5a017-a61c3092, prefetch_request_id=-1) [3m(storage_manager.py:726:lmcache.v1.distributed.storage_manager)[0m
[32;20m[2026-09-29 17:06:39,472] LMCache INFO:[0m Prefetch request completed (L1+L2): 10/11 retained keys (10 L1, 0 L2) in 400.3 ms (external_request_id=chatcmpl-bb3ea26dfb353549-81be8c9c, prefetch_request_id=-1) [3m(storage_manager.py:726:lmcache.v1.distributed.storage_manager)[0m
[32;20m[2026-09-29 17:06:39,472] LMCache INFO:[0m Prefetch request completed (L1+L2): 9/11 retained keys (9 L1, 0 L2) in 400.0 ms (external_request_id=chatcmpl-81b18f0f17f2bc7b-963a68f0, prefetch_request_id=-1) [3m(storage_manager.py:726:lmcache.v1.distributed.storage_manager)[0m
[32;20m[2026-09-29 17:06:39,472] LMCache INFO:[0m Prefetch request completed (L1+L2): 9/10 retained keys (9 L1, 0 L2) in 399.8 ms (external_request_id=chatcmpl-958f5c547512791a-8f080552, prefetch_request_id=-1) [3m(storage_manager.py:726:lmcache.v1.distributed.storage_manager)[0m
[32;20m[2026-09-29 17:06:39,473] LMCache INFO:[0m Prefetch request completed (L1+L2): 9/10 retained keys (9 L1, 0 L2) in 399.7 ms (external_request_id=chatcmpl-b882388e8feb8cf3-a17d63ea, prefetch_request_id=-1) [3m(storage_manager.py:726:lmcache.v1.distributed.storage_manager)[0m
[32;20m[2026-09-29 17:06:39,473] LMCache INFO:[0m Prefetch request completed (L1+L2): 9/11 retained keys (9 L1, 0 L2) in 399.2 ms (external_request_id=chatcmpl-9e3dcea32e47ac8a-8d39d5a4, prefetch_request_id=-1) [3m(storage_manager.py:726:lmcache.v1.distributed.storage_manager)[0m
[32;20m[2026-09-29 17:06:39,473] LMCache INFO:[0m Prefetch request completed (L1+L2): 9/10 retained keys (9 L1, 0 L2) in 399.1 ms (external_request_id=chatcmpl-a6fa5c809975a2cf-90d46b0f, prefetch_request_id=-1) [3m(storage_manager.py:726:lmcache.v1.distributed.storage_manager)[0m
[32;20m[2026-09-29 17:06:39,473] LMCache INFO:[0m Prefetch request completed (L1+L2): 10/11 retained keys (10 L1, 0 L2) in 398.2 ms (external_request_id=chatcmpl-88d3c32113e4ac67-9fccf672, prefetch_request_id=-1) [3m(storage_manager.py:726:lmcache.v1.distributed.storage_manager)[0m
[32;20m[2026-09-29 17:06:39,473] LMCache INFO:[0m Prefetch request completed (L1+L2): 9/11 retained keys (9 L1, 0 L2) in 398.4 ms (external_request_id=chatcmpl-a09b9e826fa57174-96157b43, prefetch_request_id=-1) [3m(storage_manager.py:726:lmcache.v1.distributed.storage_manager)[0m
[32;20m[2026-09-29 17:06:39,473] LMCache INFO:[0m Prefetch request completed (L1+L2): 12/13 retained keys (12 L1, 0 L2) in 398.4 ms (external_request_id=chatcmpl-ab5be08760ccf49c-86efb9ac, prefetch_request_id=-1) [3m(storage_manager.py:726:lmcache.v1.distributed.storage_manager)[0m
[32;20m[2026-09-29 17:06:39,474] LMCache INFO:[0m Prefetch request completed (L1+L2): 9/10 retained keys (9 L1, 0 L2) in 398.8 ms (external_request_id=chatcmpl-ac0c857e03391d70-8d6883b8, prefetch_request_id=-1) [3m(storage_manager.py:726:lmcache.v1.distributed.storage_manager)[0m
[32;20m[2026-09-29 17:06:39,474] LMCache INFO:[0m Prefetch request completed (L1+L2): 10/12 retained keys (10 L1, 0 L2) in 398.3 ms (external_request_id=chatcmpl-91241b8fd627b4ea-8d2d42db, prefetch_request_id=-1) [3m(storage_manager.py:726:lmcache.v1.distributed.storage_manager)[0m
[32;20m[2026-09-29 17:06:39,474] LMCache INFO:[0m Prefetch request completed (L1+L2): 12/14 retained keys (12 L1, 0 L2) in 398.2 ms (external_request_id=chatcmpl-8fbb82916157f0ff-84640cca, prefetch_request_id=-1) [3m(storage_manager.py:726:lmcache.v1.distributed.storage_manager)[0m
[32;20m[2026-09-29 17:06:39,475] LMCache INFO:[0m Prefetch request completed (L1+L2): 10/12 retained keys (10 L1, 0 L2) in 397.9 ms (external_request_id=chatcmpl-9af09081e56bc31a-9e25ccd9, prefetch_request_id=-1) [3m(storage_manager.py:726:lmcache.v1.distributed.storage_manager)[0m
[32;20m[2026-09-29 17:06:39,475] LMCache INFO:[0m Prefetch request completed (L1+L2): 11/13 retained keys (11 L1, 0 L2) in 397.7 ms (external_request_id=chatcmpl-b3d71ac45e3bc4c5-92ec4094, prefetch_request_id=-1) [3m(storage_manager.py:726:lmcache.v1.distributed.storage_manager)[0m
[32;20m[2026-09-29 17:06:39,475] LMCache INFO:[0m Prefetch request completed (L1+L2): 10/10 retained keys (10 L1, 0 L2) in 397.6 ms (external_request_id=chatcmpl-a6a4461808d48fac-9dc35b6a, prefetch_request_id=-1) [3m(storage_manager.py:726:lmcache.v1.distributed.storage_manager)[0m
[32;20m[2026-09-29 17:06:39,475] LMCache INFO:[0m Prefetch request completed (L1+L2): 10/12 retained keys (10 L1, 0 L2) in 397.2 ms (external_request_id=chatcmpl-9aae55522cba355c-87ff9c63, prefetch_request_id=-1) [3m(storage_manager.py:726:lmcache.v1.distributed.storage_manager)[0m
[32;20m[2026-09-29 17:06:39,475] LMCache INFO:[0m Prefetch request completed (L1+L2): 10/12 retained keys (10 L1, 0 L2) in 397.0 ms (external_request_id=chatcmpl-987e153550b70002-827a869a, prefetch_request_id=-1) [3m(storage_manager.py:726:lmcache.v1.distributed.storage_manager)[0m
[32;20m[2026-09-29 17:06:39,519] LMCache INFO:[0m Stored 768 tokens in 0.001 seconds [3m(lmcache_driven_transfer.py:1276:lmcache.v1.multiprocess.modules.lmcache_driven_transfer)[0m
[32;20m[2026-09-29 17:06:39,865] LMCache INFO:[0m Stored 512 tokens in 0.002 seconds [3m(lmcache_driven_transfer.py:1276:lmcache.v1.multiprocess.modules.lmcache_driven_transfer)[0m
[32;20m[2026-09-29 17:06:39,951] LMCache INFO:[0m Stored 256 tokens in 0.002 seconds [3m(lmcache_driven_transfer.py:1276:lmcache.v1.multiprocess.modules.lmcache_driven_transfer)[0m
[32;20m[2026-09-29 17:06:40,021] LMCache INFO:[0m Stored 512 tokens in 0.002 seconds [3m(lmcache_driven_transfer.py:1276:lmcache.v1.multiprocess.modules.lmcache_driven_transfer)[0m
[32;20m[2026-09-29 17:06:40,049] LMCache INFO:[0m L1 memory usage 0.82 above watermark 0.80; triggering eviction. [3m(eviction_controller.py:179:lmcache.v1.distributed.storage_controllers.eviction_controller)[0m
[32;20m[2026-09-29 17:06:40,186] LMCache INFO:[0m Stored 256 tokens in 0.002 seconds [3m(lmcache_driven_transfer.py:1276:lmcache.v1.multiprocess.modules.lmcache_driven_transfer)[0m
[32;20m[2026-09-29 17:06:40,188] LMCache INFO:[0m Stored 256 tokens in 0.001 seconds [3m(lmcache_driven_transfer.py:1276:lmcache.v1.multiprocess.modules.lmcache_driven_transfer)[0m
[32;20m[2026-09-29 17:06:40,373] LMCache INFO:[0m Stored 256 tokens in 0.001 seconds [3m(lmcache_driven_transfer.py:1276:lmcache.v1.multiprocess.modules.lmcache_driven_transfer)[0m
[32;20m[2026-09-29 17:06:40,483] LMCache INFO:[0m Stored 512 tokens in 0.001 seconds [3m(lmcache_driven_transfer.py:1276:lmcache.v1.multiprocess.modules.lmcache_driven_transfer)[0m
[32;20m[2026-09-29 17:06:40,546] LMCache INFO:[0m Stored 256 tokens in 0.001 seconds [3m(lmcache_driven_transfer.py:1276:lmcache.v1.multiprocess.modules.lmcache_driven_transfer)[0m
[32;20m[2026-09-29 17:06:40,617] LMCache INFO:[0m Stored 256 tokens in 0.002 seconds [3m(lmcache_driven_transfer.py:1276:lmcache.v1.multiprocess.modules.lmcache_driven_transfer)[0m
[32;20m[2026-09-29 17:06:40,619] LMCache INFO:[0m Stored 512 tokens in 0.002 seconds [3m(lmcache_driven_transfer.py:1276:lmcache.v1.multiprocess.modules.lmcache_driven_transfer)[0m
[32;20m[2026-09-29 17:06:40,672] LMCache INFO:[0m Stored 256 tokens in 0.001 seconds [3m(lmcache_driven_transfer.py:1276:lmcache.v1.multiprocess.modules.lmcache_driven_transfer)[0m
[32;20m[2026-09-29 17:06:40,923] LMCache INFO:[0m Stored 256 tokens in 0.001 seconds [3m(lmcache_driven_transfer.py:1276:lmcache.v1.multiprocess.modules.lmcache_driven_transfer)[0m
[32;20m[2026-09-29 17:06:41,052] LMCache INFO:[0m Stored 512 tokens in 0.002 seconds [3m(lmcache_driven_transfer.py:1276:lmcache.v1.multiprocess.modules.lmcache_driven_transfer)[0m
[32;20m[2026-09-29 17:06:41,139] LMCache INFO:[0m Stored 512 tokens in 0.001 seconds [3m(lmcache_driven_transfer.py:1276:lmcache.v1.multiprocess.modules.lmcache_driven_transfer)[0m
[32;20m[2026-09-29 17:06:41,228] LMCache INFO:[0m Stored 512 tokens in 0.002 seconds [3m(lmcache_driven_transfer.py:1276:lmcache.v1.multiprocess.modules.lmcache_driven_transfer)[0m
[32;20m[2026-09-29 17:06:41,436] LMCache INFO:[0m Stored 512 tokens in 0.001 seconds [3m(lmcache_driven_transfer.py:1276:lmcache.v1.multiprocess.modules.lmcache_driven_transfer)[0m
[32;20m[2026-09-29 17:06:41,705] LMCache INFO:[0m Stored 512 tokens in 0.002 seconds [3m(lmcache_driven_transfer.py:1276:lmcache.v1.multiprocess.modules.lmcache_driven_transfer)[0m
[32;20m[2026-09-29 17:06:41,879] LMCache INFO:[0m Prefetch request completed (L1+L2): 9/10 retained keys (9 L1, 0 L2) in 2403.3 ms (external_request_id=chatcmpl-8df4094479edb792-bee1c31e, prefetch_request_id=-1) [3m(storage_manager.py:726:lmcache.v1.distributed.storage_manager)[0m
[32;20m[2026-09-29 17:06:41,880] LMCache INFO:[0m Prefetch request completed (L1+L2): 9/10 retained keys (9 L1, 0 L2) in 2403.8 ms (external_request_id=chatcmpl-a9663a354c1d537f-8abd2bcc, prefetch_request_id=-1) [3m(storage_manager.py:726:lmcache.v1.distributed.storage_manager)[0m
[32;20m[2026-09-29 17:06:41,880] LMCache INFO:[0m Prefetch request completed (L1+L2): 9/9 retained keys (9 L1, 0 L2) in 2403.5 ms (external_request_id=chatcmpl-9a500d5f98295913-beb858a3, prefetch_request_id=-1) [3m(storage_manager.py:726:lmcache.v1.distributed.storage_manager)[0m
[32;20m[2026-09-29 17:06:41,881] LMCache INFO:[0m Prefetch request completed (L1+L2): 10/12 retained keys (10 L1, 0 L2) in 2403.8 ms (external_request_id=chatcmpl-b1c18470e98d8101-94de70c0, prefetch_request_id=-1) [3m(storage_manager.py:726:lmcache.v1.distributed.storage_manager)[0m
[32;20m[2026-09-29 17:06:41,881] LMCache INFO:[0m Prefetch request completed (L1+L2): 9/10 retained keys (9 L1, 0 L2) in 2403.7 ms (external_request_id=chatcmpl-90107ee1e8ec5cc5-a304f76b, prefetch_request_id=-1) [3m(storage_manager.py:726:lmcache.v1.distributed.storage_manager)[0m
[32;20m[2026-09-29 17:06:41,885] LMCache INFO:[0m Stored 512 tokens in 0.007 seconds [3m(lmcache_driven_transfer.py:1276:lmcache.v1.multiprocess.modules.lmcache_driven_transfer)[0m
[32;20m[2026-09-29 17:06:41,939] LMCache INFO:[0m Stored 256 tokens in 0.001 seconds [3m(lmcache_driven_transfer.py:1276:lmcache.v1.multiprocess.modules.lmcache_driven_transfer)[0m
[32;20m[2026-09-29 17:06:42,056] LMCache INFO:[0m Stored 256 tokens in 0.003 seconds [3m(lmcache_driven_transfer.py:1276:lmcache.v1.multiprocess.modules.lmcache_driven_transfer)[0m
[32;20m[2026-09-29 17:06:42,188] LMCache INFO:[0m Stored 512 tokens in 0.001 seconds [3m(lmcache_driven_transfer.py:1276:lmcache.v1.multiprocess.modules.lmcache_driven_transfer)[0m
[32;20m[2026-09-29 17:06:42,311] LMCache INFO:[0m Stored 256 tokens in 0.001 seconds [3m(lmcache_driven_transfer.py:1276:lmcache.v1.multiprocess.modules.lmcache_driven_transfer)[0m
[32;20m[2026-09-29 17:06:42,409] LMCache INFO:[0m Prefetch request completed (L1+L2): 9/11 retained keys (9 L1, 0 L2) in 526.7 ms (external_request_id=chatcmpl-9d079c6e26958a41-81b646d6, prefetch_request_id=-1) [3m(storage_manager.py:726:lmcache.v1.distributed.storage_manager)[0m
[32;20m[2026-09-29 17:06:42,409] LMCache INFO:[0m Prefetch request completed (L1+L2): 9/9 retained keys (9 L1, 0 L2) in 526.8 ms (external_request_id=chatcmpl-91ffcca6f5901ff4-8f66cb49, prefetch_request_id=-1) [3m(storage_manager.py:726:lmcache.v1.distributed.storage_manager)[0m
[32;20m[2026-09-29 17:06:42,409] LMCache INFO:[0m Prefetch request completed (L1+L2): 9/12 retained keys (9 L1, 0 L2) in 526.8 ms (external_request_id=chatcmpl-855e9a21316a169a-8e4617b7, prefetch_request_id=-1) [3m(storage_manager.py:726:lmcache.v1.distributed.storage_manager)[0m
[32;20m[2026-09-29 17:06:42,409] LMCache INFO:[0m Prefetch request completed (L1+L2): 9/12 retained keys (9 L1, 0 L2) in 526.7 ms (external_request_id=chatcmpl-b5a522fbb04d4b7d-939e8c40, prefetch_request_id=-1) [3m(storage_manager.py:726:lmcache.v1.distributed.storage_manager)[0m
[32;20m[2026-09-29 17:06:42,410] LMCache INFO:[0m Prefetch request completed (L1+L2): 10/12 retained keys (10 L1, 0 L2) in 525.4 ms (external_request_id=chatcmpl-82842210316d3f0c-a70c207b, prefetch_request_id=-1) [3m(storage_manager.py:726:lmcache.v1.distributed.storage_manager)[0m
[32;20m[2026-09-29 17:06:42,410] LMCache INFO:[0m Prefetch request completed (L1+L2): 9/11 retained keys (9 L1, 0 L2) in 525.4 ms (external_request_id=chatcmpl-a22a3fc4cb73581b-a5878430, prefetch_request_id=-1) [3m(storage_manager.py:726:lmcache.v1.distributed.storage_manager)[0m
[32;20m[2026-09-29 17:06:42,410] LMCache INFO:[0m Prefetch request completed (L1+L2): 12/13 retained keys (12 L1, 0 L2) in 525.4 ms (external_request_id=chatcmpl-b931ca83a8651c0c-ba3d84e3, prefetch_request_id=-1) [3m(storage_manager.py:726:lmcache.v1.distributed.storage_manager)[0m
[32;20m[2026-09-29 17:06:42,410] LMCache INFO:[0m Prefetch request completed (L1+L2): 9/10 retained keys (9 L1, 0 L2) in 525.2 ms (external_request_id=chatcmpl-bd6a4b98f1f20818-bf34eddd, prefetch_request_id=-1) [3m(storage_manager.py:726:lmcache.v1.distributed.storage_manager)[0m
[32;20m[2026-09-29 17:06:42,410] LMCache INFO:[0m Prefetch request completed (L1+L2): 10/10 retained keys (10 L1, 0 L2) in 524.5 ms (external_request_id=chatcmpl-a9affe50d74ad83e-b7c2be6e, prefetch_request_id=-1) [3m(storage_manager.py:726:lmcache.v1.distributed.storage_manager)[0m
[32;20m[2026-09-29 17:06:42,410] LMCache INFO:[0m Prefetch request completed (L1+L2): 12/14 retained keys (12 L1, 0 L2) in 524.3 ms (external_request_id=chatcmpl-a819e3046915f547-8699be05, prefetch_request_id=-1) [3m(storage_manager.py:726:lmcache.v1.distributed.storage_manager)[0m
[32;20m[2026-09-29 17:06:42,411] LMCache INFO:[0m Prefetch request completed (L1+L2): 10/12 retained keys (10 L1, 0 L2) in 524.0 ms (external_request_id=chatcmpl-b9cde96d4e787121-95ac09cf, prefetch_request_id=-1) [3m(storage_manager.py:726:lmcache.v1.distributed.storage_manager)[0m
[32;20m[2026-09-29 17:06:42,411] LMCache INFO:[0m Prefetch request completed (L1+L2): 11/12 retained keys (11 L1, 0 L2) in 523.5 ms (external_request_id=chatcmpl-93a9c0205b93affa-96e376f4, prefetch_request_id=-1) [3m(storage_manager.py:726:lmcache.v1.distributed.storage_manager)[0m
[32;20m[2026-09-29 17:06:42,411] LMCache INFO:[0m Prefetch request completed (L1+L2): 10/11 retained keys (10 L1, 0 L2) in 523.4 ms (external_request_id=chatcmpl-810cd7fb87134a59-92961ff3, prefetch_request_id=-1) [3m(storage_manager.py:726:lmcache.v1.distributed.storage_manager)[0m
[32;20m[2026-09-29 17:06:42,411] LMCache INFO:[0m Prefetch request completed (L1+L2): 10/11 retained keys (10 L1, 0 L2) in 523.1 ms (external_request_id=chatcmpl-bdd28e6c93851aed-96028980, prefetch_request_id=-1) [3m(storage_manager.py:726:lmcache.v1.distributed.storage_manager)[0m
[32;20m[2026-09-29 17:06:42,411] LMCache INFO:[0m Prefetch request completed (L1+L2): 10/12 retained keys (10 L1, 0 L2) in 522.9 ms (external_request_id=chatcmpl-aff36e7b2c0a4de5-a6a3cab9, prefetch_request_id=-1) [3m(storage_manager.py:726:lmcache.v1.distributed.storage_manager)[0m
[32;20m[2026-09-29 17:06:42,411] LMCache INFO:[0m Prefetch request completed (L1+L2): 9/10 retained keys (9 L1, 0 L2) in 522.3 ms (external_request_id=chatcmpl-9cd3085dc176f4bc-b9f6cf4c, prefetch_request_id=-1) [3m(storage_manager.py:726:lmcache.v1.distributed.storage_manager)[0m
[32;20m[2026-09-29 17:06:42,412] LMCache INFO:[0m Prefetch request completed (L1+L2): 9/10 retained keys (9 L1, 0 L2) in 522.1 ms (external_request_id=chatcmpl-aa4f7655640660c7-8b63c189, prefetch_request_id=-1) [3m(storage_manager.py:726:lmcache.v1.distributed.storage_manager)[0m
[32;20m[2026-09-29 17:06:42,412] LMCache INFO:[0m Prefetch request completed (L1+L2): 9/11 retained keys (9 L1, 0 L2) in 522.0 ms (external_request_id=chatcmpl-b6a7da582eb26e3a-9040baea, prefetch_request_id=-1) [3m(storage_manager.py:726:lmcache.v1.distributed.storage_manager)[0m
[32;20m[2026-09-29 17:06:42,412] LMCache INFO:[0m Prefetch request completed (L1+L2): 10/12 retained keys (10 L1, 0 L2) in 521.8 ms (external_request_id=chatcmpl-93fc64e319bbec89-a23d05d3, prefetch_request_id=-1) [3m(storage_manager.py:726:lmcache.v1.distributed.storage_manager)[0m
[32;20m[2026-09-29 17:06:42,455] LMCache INFO:[0m Stored 512 tokens in 0.001 seconds [3m(lmcache_driven_transfer.py:1276:lmcache.v1.multiprocess.modules.lmcache_driven_transfer)[0m
[32;20m[2026-09-29 17:06:42,694] LMCache INFO:[0m Stored 768 tokens in 0.001 seconds [3m(lmcache_driven_transfer.py:1276:lmcache.v1.multiprocess.modules.lmcache_driven_transfer)[0m
[32;20m[2026-09-29 17:06:42,695] LMCache INFO:[0m Stored 768 tokens in 0.001 seconds [3m(lmcache_driven_transfer.py:1276:lmcache.v1.multiprocess.modules.lmcache_driven_transfer)[0m
[32;20m[2026-09-29 17:06:42,913] LMCache INFO:[0m Stored 512 tokens in 0.001 seconds [3m(lmcache_driven_transfer.py:1276:lmcache.v1.multiprocess.modules.lmcache_driven_transfer)[0m
[32;20m[2026-09-29 17:06:43,062] LMCache INFO:[0m Stored 512 tokens in 0.001 seconds [3m(lmcache_driven_transfer.py:1276:lmcache.v1.multiprocess.modules.lmcache_driven_transfer)[0m
[32;20m[2026-09-29 17:06:43,148] LMCache INFO:[0m Stored 256 tokens in 0.001 seconds [3m(lmcache_driven_transfer.py:1276:lmcache.v1.multiprocess.modules.lmcache_driven_transfer)[0m
[32;20m[2026-09-29 17:06:43,187] LMCache INFO:[0m Stored 256 tokens in 0.001 seconds [3m(lmcache_driven_transfer.py:1276:lmcache.v1.multiprocess.modules.lmcache_driven_transfer)[0m
[32;20m[2026-09-29 17:06:43,258] LMCache INFO:[0m Stored 256 tokens in 0.001 seconds [3m(lmcache_driven_transfer.py:1276:lmcache.v1.multiprocess.modules.lmcache_driven_transfer)[0m
[32;20m[2026-09-29 17:06:43,366] LMCache INFO:[0m Stored 256 tokens in 0.001 seconds [3m(lmcache_driven_transfer.py:1276:lmcache.v1.multiprocess.modules.lmcache_driven_transfer)[0m
[32;20m[2026-09-29 17:06:43,553] LMCache INFO:[0m Stored 512 tokens in 0.001 seconds [3m(lmcache_driven_transfer.py:1276:lmcache.v1.multiprocess.modules.lmcache_driven_transfer)[0m
[32;20m[2026-09-29 17:06:43,645] LMCache INFO:[0m Stored 512 tokens in 0.002 seconds [3m(lmcache_driven_transfer.py:1276:lmcache.v1.multiprocess.modules.lmcache_driven_transfer)[0m
[32;20m[2026-09-29 17:06:43,648] LMCache INFO:[0m Stored 256 tokens in 0.003 seconds [3m(lmcache_driven_transfer.py:1276:lmcache.v1.multiprocess.modules.lmcache_driven_transfer)[0m
[32;20m[2026-09-29 17:06:43,796] LMCache INFO:[0m Stored 256 tokens in 0.001 seconds [3m(lmcache_driven_transfer.py:1276:lmcache.v1.multiprocess.modules.lmcache_driven_transfer)[0m
[32;20m[2026-09-29 17:06:43,908] LMCache INFO:[0m Stored 256 tokens in 0.002 seconds [3m(lmcache_driven_transfer.py:1276:lmcache.v1.multiprocess.modules.lmcache_driven_transfer)[0m
[32;20m[2026-09-29 17:06:43,939] LMCache INFO:[0m Stored 256 tokens in 0.001 seconds [3m(lmcache_driven_transfer.py:1276:lmcache.v1.multiprocess.modules.lmcache_driven_transfer)[0m
[32;20m[2026-09-29 17:06:44,004] LMCache INFO:[0m Stored 512 tokens in 0.001 seconds [3m(lmcache_driven_transfer.py:1276:lmcache.v1.multiprocess.modules.lmcache_driven_transfer)[0m
[32;20m[2026-09-29 17:06:44,149] LMCache INFO:[0m Stored 256 tokens in 0.001 seconds [3m(lmcache_driven_transfer.py:1276:lmcache.v1.multiprocess.modules.lmcache_driven_transfer)[0m
[32;20m[2026-09-29 17:06:44,221] LMCache INFO:[0m Stored 256 tokens in 0.001 seconds [3m(lmcache_driven_transfer.py:1276:lmcache.v1.multiprocess.modules.lmcache_driven_transfer)[0m
[32;20m[2026-09-29 17:06:44,222] LMCache INFO:[0m Stored 256 tokens in 0.001 seconds [3m(lmcache_driven_transfer.py:1276:lmcache.v1.multiprocess.modules.lmcache_driven_transfer)[0m
[32;20m[2026-09-29 17:06:44,366] LMCache INFO:[0m Stored 512 tokens in 0.001 seconds [3m(lmcache_driven_transfer.py:1276:lmcache.v1.multiprocess.modules.lmcache_driven_transfer)[0m
[32;20m[2026-09-29 17:06:44,450] LMCache INFO:[0m Stored 512 tokens in 0.001 seconds [3m(lmcache_driven_transfer.py:1276:lmcache.v1.multiprocess.modules.lmcache_driven_transfer)[0m
[32;20m[2026-09-29 17:06:44,552] LMCache INFO:[0m Prefetch request completed (L1+L2): 9/10 retained keys (9 L1, 0 L2) in 2139.8 ms (external_request_id=chatcmpl-b5050d6ff8a8e8bd-8f4076f1, prefetch_request_id=-1) [3m(storage_manager.py:726:lmcache.v1.distributed.storage_manager)[0m
[32;20m[2026-09-29 17:06:44,553] LMCache INFO:[0m Prefetch request completed (L1+L2): 9/12 retained keys (9 L1, 0 L2) in 2139.8 ms (external_request_id=chatcmpl-9e9af205f86455e2-a92af0cc, prefetch_request_id=-1) [3m(storage_manager.py:726:lmcache.v1.distributed.storage_manager)[0m
[32;20m[2026-09-29 17:06:44,553] LMCache INFO:[0m Prefetch request completed (L1+L2): 9/11 retained keys (9 L1, 0 L2) in 2139.4 ms (external_request_id=chatcmpl-a73a2a680aca6653-896a2607, prefetch_request_id=-1) [3m(storage_manager.py:726:lmcache.v1.distributed.storage_manager)[0m
[32;20m[2026-09-29 17:06:44,553] LMCache INFO:[0m Prefetch request completed (L1+L2): 9/12 retained keys (9 L1, 0 L2) in 2138.8 ms (external_request_id=chatcmpl-86c099a70bb35dfd-b34bb024, prefetch_request_id=-1) [3m(storage_manager.py:726:lmcache.v1.distributed.storage_manager)[0m
[32;20m[2026-09-29 17:06:44,553] LMCache INFO:[0m Prefetch request completed (L1+L2): 9/10 retained keys (9 L1, 0 L2) in 2139.0 ms (external_request_id=chatcmpl-9b37f36a77d1f998-bb4c0a2b, prefetch_request_id=-1) [3m(storage_manager.py:726:lmcache.v1.distributed.storage_manager)[0m
[32;20m[2026-09-29 17:06:44,599] LMCache INFO:[0m Stored 256 tokens in 0.001 seconds [3m(lmcache_driven_transfer.py:1276:lmcache.v1.multiprocess.modules.lmcache_driven_transfer)[0m
[32;20m[2026-09-29 17:06:44,746] LMCache INFO:[0m Stored 768 tokens in 0.001 seconds [3m(lmcache_driven_transfer.py:1276:lmcache.v1.multiprocess.modules.lmcache_driven_transfer)[0m
[32;20m[2026-09-29 17:06:44,832] LMCache INFO:[0m Stored 512 tokens in 0.001 seconds [3m(lmcache_driven_transfer.py:1276:lmcache.v1.multiprocess.modules.lmcache_driven_transfer)[0m
[32;20m[2026-09-29 17:06:44,922] LMCache INFO:[0m Stored 768 tokens in 0.001 seconds [3m(lmcache_driven_transfer.py:1276:lmcache.v1.multiprocess.modules.lmcache_driven_transfer)[0m
[32;20m[2026-09-29 17:06:44,923] LMCache INFO:[0m Stored 256 tokens in 0.001 seconds [3m(lmcache_driven_transfer.py:1276:lmcache.v1.multiprocess.modules.lmcache_driven_transfer)[0m
[32;20m[2026-09-29 17:06:45,295] LMCache INFO:[0m Prefetch request completed (L1+L2): 10/12 retained keys (10 L1, 0 L2) in 741.3 ms (external_request_id=chatcmpl-b5662f9cc5f86c8a-84d16ca8, prefetch_request_id=-1) [3m(storage_manager.py:726:lmcache.v1.distributed.storage_manager)[0m
[32;20m[2026-09-29 17:06:45,295] LMCache INFO:[0m Prefetch request completed (L1+L2): 9/11 retained keys (9 L1, 0 L2) in 741.0 ms (external_request_id=chatcmpl-9bba29c28e0c5082-87f01239, prefetch_request_id=-1) [3m(storage_manager.py:726:lmcache.v1.distributed.storage_manager)[0m
[32;20m[2026-09-29 17:06:45,295] LMCache INFO:[0m Prefetch request completed (L1+L2): 12/13 retained keys (12 L1, 0 L2) in 740.5 ms (external_request_id=chatcmpl-92253564b1469a7a-82e6648d, prefetch_request_id=-1) [3m(storage_manager.py:726:lmcache.v1.distributed.storage_manager)[0m
[32;20m[2026-09-29 17:06:45,295] LMCache INFO:[0m Prefetch request completed (L1+L2): 9/9 retained keys (9 L1, 0 L2) in 740.2 ms (external_request_id=chatcmpl-ad950a328bf0bd3d-b4f668f9, prefetch_request_id=-1) [3m(storage_manager.py:726:lmcache.v1.distributed.storage_manager)[0m
[32;20m[2026-09-29 17:06:45,295] LMCache INFO:[0m Prefetch request completed (L1+L2): 10/12 retained keys (10 L1, 0 L2) in 739.8 ms (external_request_id=chatcmpl-8b726c535dac45fb-a54ebba9, prefetch_request_id=-1) [3m(storage_manager.py:726:lmcache.v1.distributed.storage_manager)[0m
[32;20m[2026-09-29 17:06:45,295] LMCache INFO:[0m Prefetch request completed (L1+L2): 12/14 retained keys (12 L1, 0 L2) in 739.4 ms (external_request_id=chatcmpl-abf9a829a1766ffe-a8dc404d, prefetch_request_id=-1) [3m(storage_manager.py:726:lmcache.v1.distributed.storage_manager)[0m
[32;20m[2026-09-29 17:06:45,296] LMCache INFO:[0m Prefetch request completed (L1+L2): 10/12 retained keys (10 L1, 0 L2) in 738.9 ms (external_request_id=chatcmpl-b85a328c9f553443-b3bd71f2, prefetch_request_id=-1) [3m(storage_manager.py:726:lmcache.v1.distributed.storage_manager)[0m
[32;20m[2026-09-29 17:06:45,296] LMCache INFO:[0m Prefetch request completed (L1+L2): 11/13 retained keys (11 L1, 0 L2) in 738.5 ms (external_request_id=chatcmpl-be65d227428f2449-957af48a, prefetch_request_id=-1) [3m(storage_manager.py:726:lmcache.v1.distributed.storage_manager)[0m
[32;20m[2026-09-29 17:06:45,296] LMCache INFO:[0m Prefetch request completed (L1+L2): 10/11 retained keys (10 L1, 0 L2) in 737.7 ms (external_request_id=chatcmpl-be26b88d4d8ada19-ba7bbbdf, prefetch_request_id=-1) [3m(storage_manager.py:726:lmcache.v1.distributed.storage_manager)[0m
[32;20m[2026-09-29 17:06:45,296] LMCache INFO:[0m Prefetch request completed (L1+L2): 10/13 retained keys (10 L1, 0 L2) in 737.6 ms (external_request_id=chatcmpl-b392f84b16040e96-93b2e16b, prefetch_request_id=-1) [3m(storage_manager.py:726:lmcache.v1.distributed.storage_manager)[0m
[32;20m[2026-09-29 17:06:45,296] LMCache INFO:[0m Prefetch request completed (L1+L2): 10/13 retained keys (10 L1, 0 L2) in 737.6 ms (external_request_id=chatcmpl-b2d8500b7e1e5f1d-a0d8883b, prefetch_request_id=-1) [3m(storage_manager.py:726:lmcache.v1.distributed.storage_manager)[0m
[32;20m[2026-09-29 17:06:45,297] LMCache INFO:[0m Prefetch request completed (L1+L2): 9/10 retained keys (9 L1, 0 L2) in 737.6 ms (external_request_id=chatcmpl-aa3595c16a9de298-b065ff0a, prefetch_request_id=-1) [3m(storage_manager.py:726:lmcache.v1.distributed.storage_manager)[0m
[32;20m[2026-09-29 17:06:45,297] LMCache INFO:[0m Prefetch request completed (L1+L2): 9/11 retained keys (9 L1, 0 L2) in 737.4 ms (external_request_id=chatcmpl-b34820eecba6ca13-91428210, prefetch_request_id=-1) [3m(storage_manager.py:726:lmcache.v1.distributed.storage_manager)[0m
[32;20m[2026-09-29 17:06:45,297] LMCache INFO:[0m Prefetch request completed (L1+L2): 9/10 retained keys (9 L1, 0 L2) in 737.1 ms (external_request_id=chatcmpl-8ef4900d25dc29e0-94f6657f, prefetch_request_id=-1) [3m(storage_manager.py:726:lmcache.v1.distributed.storage_manager)[0m
[32;20m[2026-09-29 17:06:45,297] LMCache INFO:[0m Prefetch request completed (L1+L2): 10/11 retained keys (10 L1, 0 L2) in 736.7 ms (external_request_id=chatcmpl-9470120cc64e440d-8987bd7c, prefetch_request_id=-1) [3m(storage_manager.py:726:lmcache.v1.distributed.storage_manager)[0m
[32;20m[2026-09-29 17:06:45,297] LMCache INFO:[0m Prefetch request completed (L1+L2): 9/9 retained keys (9 L1, 0 L2) in 736.4 ms (external_request_id=chatcmpl-9ede4c9ade85f671-91f6d212, prefetch_request_id=-1) [3m(storage_manager.py:726:lmcache.v1.distributed.storage_manager)[0m
[32;20m[2026-09-29 17:06:45,298] LMCache INFO:[0m Prefetch request completed (L1+L2): 9/10 retained keys (9 L1, 0 L2) in 736.2 ms (external_request_id=chatcmpl-9415e86ae020c1cf-951bcff4, prefetch_request_id=-1) [3m(storage_manager.py:726:lmcache.v1.distributed.storage_manager)[0m
[32;20m[2026-09-29 17:06:45,298] LMCache INFO:[0m Prefetch request completed (L1+L2): 9/11 retained keys (9 L1, 0 L2) in 735.8 ms (external_request_id=chatcmpl-96f65dde5ac33fbf-8b91063c, prefetch_request_id=-1) [3m(storage_manager.py:726:lmcache.v1.distributed.storage_manager)[0m
[32;20m[2026-09-29 17:06:45,298] LMCache INFO:[0m Prefetch request completed (L1+L2): 9/10 retained keys (9 L1, 0 L2) in 735.7 ms (external_request_id=chatcmpl-8a9cc31c5360afae-b940f065, prefetch_request_id=-1) [3m(storage_manager.py:726:lmcache.v1.distributed.storage_manager)[0m
[32;20m[2026-09-29 17:06:45,343] LMCache INFO:[0m Stored 512 tokens in 0.002 seconds [3m(lmcache_driven_transfer.py:1276:lmcache.v1.multiprocess.modules.lmcache_driven_transfer)[0m
[32;20m[2026-09-29 17:06:45,551] LMCache INFO:[0m Stored 512 tokens in 0.002 seconds [3m(lmcache_driven_transfer.py:1276:lmcache.v1.multiprocess.modules.lmcache_driven_transfer)[0m
[32;20m[2026-09-29 17:06:45,700] LMCache INFO:[0m Stored 256 tokens in 0.001 seconds [3m(lmcache_driven_transfer.py:1276:lmcache.v1.multiprocess.modules.lmcache_driven_transfer)[0m
[32;20m[2026-09-29 17:06:45,702] LMCache INFO:[0m Stored 512 tokens in 0.001 seconds [3m(lmcache_driven_transfer.py:1276:lmcache.v1.multiprocess.modules.lmcache_driven_transfer)[0m
[32;20m[2026-09-29 17:06:45,794] LMCache INFO:[0m Stored 512 tokens in 0.001 seconds [3m(lmcache_driven_transfer.py:1276:lmcache.v1.multiprocess.modules.lmcache_driven_transfer)[0m
[32;20m[2026-09-29 17:06:45,795] LMCache INFO:[0m Stored 256 tokens in 0.001 seconds [3m(lmcache_driven_transfer.py:1276:lmcache.v1.multiprocess.modules.lmcache_driven_transfer)[0m
[32;20m[2026-09-29 17:06:45,948] LMCache INFO:[0m Stored 512 tokens in 0.001 seconds [3m(lmcache_driven_transfer.py:1276:lmcache.v1.multiprocess.modules.lmcache_driven_transfer)[0m
[32;20m[2026-09-29 17:06:46,094] LMCache INFO:[0m Stored 512 tokens in 0.001 seconds [3m(lmcache_driven_transfer.py:1276:lmcache.v1.multiprocess.modules.lmcache_driven_transfer)[0m
[32;20m[2026-09-29 17:06:46,262] LMCache INFO:[0m Stored 256 tokens in 0.001 seconds [3m(lmcache_driven_transfer.py:1276:lmcache.v1.multiprocess.modules.lmcache_driven_transfer)[0m
[32;20m[2026-09-29 17:06:46,586] LMCache INFO:[0m Stored 768 tokens in 0.002 seconds [3m(lmcache_driven_transfer.py:1276:lmcache.v1.multiprocess.modules.lmcache_driven_transfer)[0m
[32;20m[2026-09-29 17:06:46,694] LMCache INFO:[0m Stored 768 tokens in 0.001 seconds [3m(lmcache_driven_transfer.py:1276:lmcache.v1.multiprocess.modules.lmcache_driven_transfer)[0m
[32;20m[2026-09-29 17:06:46,695] LMCache INFO:[0m Stored 256 tokens in 0.001 seconds [3m(lmcache_driven_transfer.py:1276:lmcache.v1.multiprocess.modules.lmcache_driven_transfer)[0m
[32;20m[2026-09-29 17:06:46,899] LMCache INFO:[0m Stored 512 tokens in 0.001 seconds [3m(lmcache_driven_transfer.py:1276:lmcache.v1.multiprocess.modules.lmcache_driven_transfer)[0m
[32;20m[2026-09-29 17:06:47,126] LMCache INFO:[0m Stored 256 tokens in 0.001 seconds [3m(lmcache_driven_transfer.py:1276:lmcache.v1.multiprocess.modules.lmcache_driven_transfer)[0m
[32;20m[2026-09-29 17:06:47,160] LMCache INFO:[0m Stored 256 tokens in 0.001 seconds [3m(lmcache_driven_transfer.py:1276:lmcache.v1.multiprocess.modules.lmcache_driven_transfer)[0m
[32;20m[2026-09-29 17:06:47,283] LMCache INFO:[0m Stored 256 tokens in 0.002 seconds [3m(lmcache_driven_transfer.py:1276:lmcache.v1.multiprocess.modules.lmcache_driven_transfer)[0m
[32;20m[2026-09-29 17:06:47,285] LMCache INFO:[0m Stored 512 tokens in 0.001 seconds [3m(lmcache_driven_transfer.py:1276:lmcache.v1.multiprocess.modules.lmcache_driven_transfer)[0m
[32;20m[2026-09-29 17:06:47,384] LMCache INFO:[0m Stored 256 tokens in 0.001 seconds [3m(lmcache_driven_transfer.py:1276:lmcache.v1.multiprocess.modules.lmcache_driven_transfer)[0m
[32;20m[2026-09-29 17:06:47,522] LMCache INFO:[0m Prefetch request completed (L1+L2): 9/10 retained keys (9 L1, 0 L2) in 2223.6 ms (external_request_id=chatcmpl-8cb7840a4ade0410-9aa33362, prefetch_request_id=-1) [3m(storage_manager.py:726:lmcache.v1.distributed.storage_manager)[0m
[32;20m[2026-09-29 17:06:47,523] LMCache INFO:[0m Prefetch request completed (L1+L2): 10/12 retained keys (10 L1, 0 L2) in 2223.7 ms (external_request_id=chatcmpl-9f160dc54b94e450-904ba4a2, prefetch_request_id=-1) [3m(storage_manager.py:726:lmcache.v1.distributed.storage_manager)[0m
[32;20m[2026-09-29 17:06:47,523] LMCache INFO:[0m Prefetch request completed (L1+L2): 9/9 retained keys (9 L1, 0 L2) in 2223.4 ms (external_request_id=chatcmpl-96840750640918fc-b99ca29f, prefetch_request_id=-1) [3m(storage_manager.py:726:lmcache.v1.distributed.storage_manager)[0m
[32;20m[2026-09-29 17:06:47,523] LMCache INFO:[0m Prefetch request completed (L1+L2): 12/13 retained keys (12 L1, 0 L2) in 2222.9 ms (external_request_id=chatcmpl-86b3abda46f436c8-9a89bd58, prefetch_request_id=-1) [3m(storage_manager.py:726:lmcache.v1.distributed.storage_manager)[0m
[32;20m[2026-09-29 17:06:47,523] LMCache INFO:[0m Prefetch request completed (L1+L2): 9/11 retained keys (9 L1, 0 L2) in 2222.6 ms (external_request_id=chatcmpl-845de51db6ebbf14-ae59e8c5, prefetch_request_id=-1) [3m(storage_manager.py:726:lmcache.v1.distributed.storage_manager)[0m
[32;20m[2026-09-29 17:06:47,569] LMCache INFO:[0m Stored 256 tokens in 0.001 seconds [3m(lmcache_driven_transfer.py:1276:lmcache.v1.multiprocess.modules.lmcache_driven_transfer)[0m
INFO:     172.26.132.42:28659 - "GET /metrics HTTP/1.1" 200 OK
[32;20m[2026-09-29 17:06:47,777] LMCache INFO:[0m Stored 512 tokens in 0.001 seconds [3m(lmcache_driven_transfer.py:1276:lmcache.v1.multiprocess.modules.lmcache_driven_transfer)[0m
[32;20m[2026-09-29 17:06:47,863] LMCache INFO:[0m Stored 256 tokens in 0.001 seconds [3m(lmcache_driven_transfer.py:1276:lmcache.v1.multiprocess.modules.lmcache_driven_transfer)[0m
[32;20m[2026-09-29 17:06:47,950] LMCache INFO:[0m Stored 512 tokens in 0.001 seconds [3m(lmcache_driven_transfer.py:1276:lmcache.v1.multiprocess.modules.lmcache_driven_transfer)[0m
[32;20m[2026-09-29 17:06:48,007] LMCache INFO:[0m Prefetch request completed (L1+L2): 10/11 retained keys (10 L1, 0 L2) in 483.2 ms (external_request_id=chatcmpl-9e9fdc772bd889b7-bfabfe6a, prefetch_request_id=-1) [3m(storage_manager.py:726:lmcache.v1.distributed.storage_manager)[0m
[32;20m[2026-09-29 17:06:48,007] LMCache INFO:[0m Prefetch request completed (L1+L2): 12/14 retained keys (12 L1, 0 L2) in 482.7 ms (external_request_id=chatcmpl-96571174893fd37f-88cec724, prefetch_request_id=-1) [3m(storage_manager.py:726:lmcache.v1.distributed.storage_manager)[0m
[32;20m[2026-09-29 17:06:48,007] LMCache INFO:[0m Prefetch request completed (L1+L2): 10/12 retained keys (10 L1, 0 L2) in 482.0 ms (external_request_id=chatcmpl-82709666fac684d6-b9771f52, prefetch_request_id=-1) [3m(storage_manager.py:726:lmcache.v1.distributed.storage_manager)[0m
[32;20m[2026-09-29 17:06:48,007] LMCache INFO:[0m Prefetch request completed (L1+L2): 11/11 retained keys (11 L1, 0 L2) in 481.5 ms (external_request_id=chatcmpl-9a9a0493c1d6afb7-b5be826d, prefetch_request_id=-1) [3m(storage_manager.py:726:lmcache.v1.distributed.storage_manager)[0m
[32;20m[2026-09-29 17:06:48,008] LMCache INFO:[0m Prefetch request completed (L1+L2): 10/11 retained keys (10 L1, 0 L2) in 481.3 ms (external_request_id=chatcmpl-a5bee752b8b6214f-898abb1e, prefetch_request_id=-1) [3m(storage_manager.py:726:lmcache.v1.distributed.storage_manager)[0m
[32;20m[2026-09-29 17:06:48,008] LMCache INFO:[0m Prefetch request completed (L1+L2): 10/13 retained keys (10 L1, 0 L2) in 481.1 ms (external_request_id=chatcmpl-af9c93188c2d49c6-ba60581a, prefetch_request_id=-1) [3m(storage_manager.py:726:lmcache.v1.distributed.storage_manager)[0m
[32;20m[2026-09-29 17:06:48,008] LMCache INFO:[0m Prefetch request completed (L1+L2): 10/12 retained keys (10 L1, 0 L2) in 480.8 ms (external_request_id=chatcmpl-8ab6b6242fe4b3ed-ad6029b1, prefetch_request_id=-1) [3m(storage_manager.py:726:lmcache.v1.distributed.storage_manager)[0m
[32;20m[2026-09-29 17:06:48,008] LMCache INFO:[0m Prefetch request completed (L1+L2): 9/11 retained keys (9 L1, 0 L2) in 480.3 ms (external_request_id=chatcmpl-a907ddd7728b2b06-b713a947, prefetch_request_id=-1) [3m(storage_manager.py:726:lmcache.v1.distributed.storage_manager)[0m
[32;20m[2026-09-29 17:06:48,008] LMCache INFO:[0m Prefetch request completed (L1+L2): 9/12 retained keys (9 L1, 0 L2) in 480.3 ms (external_request_id=chatcmpl-b5bba9b831927d7e-937375fb, prefetch_request_id=-1) [3m(storage_manager.py:726:lmcache.v1.distributed.storage_manager)[0m
[32;20m[2026-09-29 17:06:48,008] LMCache INFO:[0m Prefetch request completed (L1+L2): 9/9 retained keys (9 L1, 0 L2) in 480.1 ms (external_request_id=chatcmpl-9fe6f07970a9ddfb-b61db163, prefetch_request_id=-1) [3m(storage_manager.py:726:lmcache.v1.distributed.storage_manager)[0m
[32;20m[2026-09-29 17:06:48,009] LMCache INFO:[0m Prefetch request completed (L1+L2): 10/12 retained keys (10 L1, 0 L2) in 480.0 ms (external_request_id=chatcmpl-a3bbcfe4a199969e-b43fcc45, prefetch_request_id=-1) [3m(storage_manager.py:726:lmcache.v1.distributed.storage_manager)[0m
[32;20m[2026-09-29 17:06:48,009] LMCache INFO:[0m Prefetch request completed (L1+L2): 9/11 retained keys (9 L1, 0 L2) in 479.4 ms (external_request_id=chatcmpl-9da53e8359c64b9f-90738fde, prefetch_request_id=-1) [3m(storage_manager.py:726:lmcache.v1.distributed.storage_manager)[0m
[32;20m[2026-09-29 17:06:48,009] LMCache INFO:[0m Prefetch request completed (L1+L2): 9/10 retained keys (9 L1, 0 L2) in 479.4 ms (external_request_id=chatcmpl-9f0ea5b004667826-b8411029, prefetch_request_id=-1) [3m(storage_manager.py:726:lmcache.v1.distributed.storage_manager)[0m
[32;20m[2026-09-29 17:06:48,009] LMCache INFO:[0m Prefetch request completed (L1+L2): 9/10 retained keys (9 L1, 0 L2) in 479.4 ms (external_request_id=chatcmpl-9287fcd610d26dd9-9130bde6, prefetch_request_id=-1) [3m(storage_manager.py:726:lmcache.v1.distributed.storage_manager)[0m
[32;20m[2026-09-29 17:06:48,009] LMCache INFO:[0m Prefetch request completed (L1+L2): 9/10 retained keys (9 L1, 0 L2) in 479.0 ms (external_request_id=chatcmpl-9e513aa709271169-ad825244, prefetch_request_id=-1) [3m(storage_manager.py:726:lmcache.v1.distributed.storage_manager)[0m
[32;20m[2026-09-29 17:06:48,009] LMCache INFO:[0m Prefetch request completed (L1+L2): 9/10 retained keys (9 L1, 0 L2) in 479.0 ms (external_request_id=chatcmpl-bbf98ae2ead5af33-926dd4e8, prefetch_request_id=-1) [3m(storage_manager.py:726:lmcache.v1.distributed.storage_manager)[0m
[32;20m[2026-09-29 17:06:48,010] LMCache INFO:[0m Prefetch request completed (L1+L2): 10/13 retained keys (10 L1, 0 L2) in 478.6 ms (external_request_id=chatcmpl-99ccc64bad1dfbe3-b5a759e8, prefetch_request_id=-1) [3m(storage_manager.py:726:lmcache.v1.distributed.storage_manager)[0m
[32;20m[2026-09-29 17:06:48,010] LMCache INFO:[0m Prefetch request completed (L1+L2): 9/11 retained keys (9 L1, 0 L2) in 478.5 ms (external_request_id=chatcmpl-99937ea037a38586-a06d4d4a, prefetch_request_id=-1) [3m(storage_manager.py:726:lmcache.v1.distributed.storage_manager)[0m
[32;20m[2026-09-29 17:06:48,010] LMCache INFO:[0m Prefetch request completed (L1+L2): 12/12 retained keys (12 L1, 0 L2) in 478.3 ms (external_request_id=chatcmpl-89c04f5ee8208346-ad23b22e, prefetch_request_id=-1) [3m(storage_manager.py:726:lmcache.v1.distributed.storage_manager)[0m
[32;20m[2026-09-29 17:06:48,052] LMCache INFO:[0m L1 memory usage 0.81 above watermark 0.80; triggering eviction. [3m(eviction_controller.py:179:lmcache.v1.distributed.storage_controllers.eviction_controller)[0m
[32;20m[2026-09-29 17:06:48,063] LMCache INFO:[0m Stored 256 tokens in 0.002 seconds [3m(lmcache_driven_transfer.py:1276:lmcache.v1.multiprocess.modules.lmcache_driven_transfer)[0m
[32;20m[2026-09-29 17:06:48,064] LMCache INFO:[0m Stored 512 tokens in 0.001 seconds [3m(lmcache_driven_transfer.py:1276:lmcache.v1.multiprocess.modules.lmcache_driven_transfer)[0m
[32;20m[2026-09-29 17:06:48,159] LMCache INFO:[0m Stored 512 tokens in 0.001 seconds [3m(lmcache_driven_transfer.py:1276:lmcache.v1.multiprocess.modules.lmcache_driven_transfer)[0m
[32;20m[2026-09-29 17:06:48,339] LMCache INFO:[0m Stored 256 tokens in 0.001 seconds [3m(lmcache_driven_transfer.py:1276:lmcache.v1.multiprocess.modules.lmcache_driven_transfer)[0m
[32;20m[2026-09-29 17:06:48,533] LMCache INFO:[0m Stored 256 tokens in 0.001 seconds [3m(lmcache_driven_transfer.py:1276:lmcache.v1.multiprocess.modules.lmcache_driven_transfer)[0m
[32;20m[2026-09-29 17:06:48,623] LMCache INFO:[0m Stored 768 tokens in 0.002 seconds [3m(lmcache_driven_transfer.py:1276:lmcache.v1.multiprocess.modules.lmcache_driven_transfer)[0m
[32;20m[2026-09-29 17:06:48,865] LMCache INFO:[0m Stored 512 tokens in 0.002 seconds [3m(lmcache_driven_transfer.py:1276:lmcache.v1.multiprocess.modules.lmcache_driven_transfer)[0m
[32;20m[2026-09-29 17:06:48,978] LMCache INFO:[0m Stored 512 tokens in 0.002 seconds [3m(lmcache_driven_transfer.py:1276:lmcache.v1.multiprocess.modules.lmcache_driven_transfer)[0m
[32;20m[2026-09-29 17:06:49,185] LMCache INFO:[0m Stored 768 tokens in 0.002 seconds [3m(lmcache_driven_transfer.py:1276:lmcache.v1.multiprocess.modules.lmcache_driven_transfer)[0m
[32;20m[2026-09-29 17:06:49,483] LMCache INFO:[0m Stored 512 tokens in 0.003 seconds [3m(lmcache_driven_transfer.py:1276:lmcache.v1.multiprocess.modules.lmcache_driven_transfer)[0m
[32;20m[2026-09-29 17:06:49,513] LMCache INFO:[0m Stored 512 tokens in 0.001 seconds [3m(lmcache_driven_transfer.py:1276:lmcache.v1.multiprocess.modules.lmcache_driven_transfer)[0m
[32;20m[2026-09-29 17:06:49,691] LMCache INFO:[0m Stored 256 tokens in 0.001 seconds [3m(lmcache_driven_transfer.py:1276:lmcache.v1.multiprocess.modules.lmcache_driven_transfer)[0m
[32;20m[2026-09-29 17:06:49,758] LMCache INFO:[0m Stored 256 tokens in 0.001 seconds [3m(lmcache_driven_transfer.py:1276:lmcache.v1.multiprocess.modules.lmcache_driven_transfer)[0m
[32;20m[2026-09-29 17:06:49,828] LMCache INFO:[0m Stored 256 tokens in 0.001 seconds [3m(lmcache_driven_transfer.py:1276:lmcache.v1.multiprocess.modules.lmcache_driven_transfer)[0m
[32;20m[2026-09-29 17:06:49,876] LMCache INFO:[0m Stored 256 tokens in 0.001 seconds [3m(lmcache_driven_transfer.py:1276:lmcache.v1.multiprocess.modules.lmcache_driven_transfer)[0m
[32;20m[2026-09-29 17:06:49,955] LMCache INFO:[0m Stored 256 tokens in 0.001 seconds [3m(lmcache_driven_transfer.py:1276:lmcache.v1.multiprocess.modules.lmcache_driven_transfer)[0m
[32;20m[2026-09-29 17:06:50,104] LMCache INFO:[0m Stored 768 tokens in 0.001 seconds [3m(lmcache_driven_transfer.py:1276:lmcache.v1.multiprocess.modules.lmcache_driven_transfer)[0m
[32;20m[2026-09-29 17:06:50,260] LMCache INFO:[0m Stored 256 tokens in 0.001 seconds [3m(lmcache_driven_transfer.py:1276:lmcache.v1.multiprocess.modules.lmcache_driven_transfer)[0m
[32;20m[2026-09-29 17:06:50,352] LMCache INFO:[0m Stored 512 tokens in 0.001 seconds [3m(lmcache_driven_transfer.py:1276:lmcache.v1.multiprocess.modules.lmcache_driven_transfer)[0m
[32;20m[2026-09-29 17:06:50,492] LMCache INFO:[0m Prefetch request completed (L1+L2): 9/10 retained keys (9 L1, 0 L2) in 2480.8 ms (external_request_id=chatcmpl-a2e7b72854dd6505-ae18e11a, prefetch_request_id=-1) [3m(storage_manager.py:726:lmcache.v1.distributed.storage_manager)[0m
[32;20m[2026-09-29 17:06:50,492] LMCache INFO:[0m Prefetch request completed (L1+L2): 10/11 retained keys (10 L1, 0 L2) in 2480.8 ms (external_request_id=chatcmpl-980af51f046332fb-bce8fcc8, prefetch_request_id=-1) [3m(storage_manager.py:726:lmcache.v1.distributed.storage_manager)[0m
[32;20m[2026-09-29 17:06:50,492] LMCache INFO:[0m Prefetch request completed (L1+L2): 12/13 retained keys (12 L1, 0 L2) in 2480.4 ms (external_request_id=chatcmpl-b7115ad81e2819f6-bfd9a778, prefetch_request_id=-1) [3m(storage_manager.py:726:lmcache.v1.distributed.storage_manager)[0m
[32;20m[2026-09-29 17:06:50,492] LMCache INFO:[0m Prefetch request completed (L1+L2): 10/11 retained keys (10 L1, 0 L2) in 2480.0 ms (external_request_id=chatcmpl-9ee0ddcdbce08c35-9e59c449, prefetch_request_id=-1) [3m(storage_manager.py:726:lmcache.v1.distributed.storage_manager)[0m
[32;20m[2026-09-29 17:06:50,492] LMCache INFO:[0m Prefetch request completed (L1+L2): 11/12 retained keys (11 L1, 0 L2) in 2479.5 ms (external_request_id=chatcmpl-adde141fa5518a52-87a06ed9, prefetch_request_id=-1) [3m(storage_manager.py:726:lmcache.v1.distributed.storage_manager)[0m
[32;20m[2026-09-29 17:06:50,541] LMCache INFO:[0m Stored 256 tokens in 0.001 seconds [3m(lmcache_driven_transfer.py:1276:lmcache.v1.multiprocess.modules.lmcache_driven_transfer)[0m
[32;20m[2026-09-29 17:06:50,542] LMCache INFO:[0m Stored 256 tokens in 0.001 seconds [3m(lmcache_driven_transfer.py:1276:lmcache.v1.multiprocess.modules.lmcache_driven_transfer)[0m
[32;20m[2026-09-29 17:06:50,667] LMCache INFO:[0m Stored 256 tokens in 0.001 seconds [3m(lmcache_driven_transfer.py:1276:lmcache.v1.multiprocess.modules.lmcache_driven_transfer)[0m
[32;20m[2026-09-29 17:06:50,738] LMCache INFO:[0m Stored 256 tokens in 0.001 seconds [3m(lmcache_driven_transfer.py:1276:lmcache.v1.multiprocess.modules.lmcache_driven_transfer)[0m
[32;20m[2026-09-29 17:06:50,825] LMCache INFO:[0m Stored 256 tokens in 0.001 seconds [3m(lmcache_driven_transfer.py:1276:lmcache.v1.multiprocess.modules.lmcache_driven_transfer)[0m
[32;20m[2026-09-29 17:06:50,982] LMCache INFO:[0m Prefetch request completed (L1+L2): 10/11 retained keys (10 L1, 0 L2) in 488.8 ms (external_request_id=chatcmpl-a3db707afccc516f-88872a93, prefetch_request_id=-1) [3m(storage_manager.py:726:lmcache.v1.distributed.storage_manager)[0m
[32;20m[2026-09-29 17:06:50,982] LMCache INFO:[0m Prefetch request completed (L1+L2): 10/13 retained keys (10 L1, 0 L2) in 488.5 ms (external_request_id=chatcmpl-85ed440e922a00ce-9337ea73, prefetch_request_id=-1) [3m(storage_manager.py:726:lmcache.v1.distributed.storage_manager)[0m
[32;20m[2026-09-29 17:06:50,982] LMCache INFO:[0m Prefetch request completed (L1+L2): 10/12 retained keys (10 L1, 0 L2) in 488.0 ms (external_request_id=chatcmpl-970382b50f68ea63-93ecf2a8, prefetch_request_id=-1) [3m(storage_manager.py:726:lmcache.v1.distributed.storage_manager)[0m
[32;20m[2026-09-29 17:06:50,982] LMCache INFO:[0m Prefetch request completed (L1+L2): 9/10 retained keys (9 L1, 0 L2) in 487.5 ms (external_request_id=chatcmpl-8149c42a2b4b708e-bdc9e18b, prefetch_request_id=-1) [3m(storage_manager.py:726:lmcache.v1.distributed.storage_manager)[0m
[32;20m[2026-09-29 17:06:50,982] LMCache INFO:[0m Prefetch request completed (L1+L2): 9/12 retained keys (9 L1, 0 L2) in 487.5 ms (external_request_id=chatcmpl-8f7e5179ec494d36-80c10840, prefetch_request_id=-1) [3m(storage_manager.py:726:lmcache.v1.distributed.storage_manager)[0m
[32;20m[2026-09-29 17:06:50,982] LMCache INFO:[0m Prefetch request completed (L1+L2): 9/9 retained keys (9 L1, 0 L2) in 487.2 ms (external_request_id=chatcmpl-a885c6d70d6fb752-8d24ffa3, prefetch_request_id=-1) [3m(storage_manager.py:726:lmcache.v1.distributed.storage_manager)[0m
[32;20m[2026-09-29 17:06:50,983] LMCache INFO:[0m Prefetch request completed (L1+L2): 10/11 retained keys (10 L1, 0 L2) in 486.9 ms (external_request_id=chatcmpl-be6e2fb062ccae9f-8f47ad4a, prefetch_request_id=-1) [3m(storage_manager.py:726:lmcache.v1.distributed.storage_manager)[0m
[32;20m[2026-09-29 17:06:50,983] LMCache INFO:[0m Prefetch request completed (L1+L2): 9/11 retained keys (9 L1, 0 L2) in 486.9 ms (external_request_id=chatcmpl-899b5d614e22ca8b-80501f1f, prefetch_request_id=-1) [3m(storage_manager.py:726:lmcache.v1.distributed.storage_manager)[0m
[32;20m[2026-09-29 17:06:50,983] LMCache INFO:[0m Prefetch request completed (L1+L2): 9/10 retained keys (9 L1, 0 L2) in 486.3 ms (external_request_id=chatcmpl-a9937069982fbb14-a7bcfe97, prefetch_request_id=-1) [3m(storage_manager.py:726:lmcache.v1.distributed.storage_manager)[0m
[32;20m[2026-09-29 17:06:50,983] LMCache INFO:[0m Prefetch request completed (L1+L2): 9/9 retained keys (9 L1, 0 L2) in 486.3 ms (external_request_id=chatcmpl-89cac2c9eab617b0-95a93608, prefetch_request_id=-1) [3m(storage_manager.py:726:lmcache.v1.distributed.storage_manager)[0m
[32;20m[2026-09-29 17:06:50,983] LMCache INFO:[0m Prefetch request completed (L1+L2): 9/11 retained keys (9 L1, 0 L2) in 486.3 ms (external_request_id=chatcmpl-a3c1f185d5492314-92f35f85, prefetch_request_id=-1) [3m(storage_manager.py:726:lmcache.v1.distributed.storage_manager)[0m
[32;20m[2026-09-29 17:06:50,983] LMCache INFO:[0m Prefetch request completed (L1+L2): 9/11 retained keys (9 L1, 0 L2) in 485.7 ms (external_request_id=chatcmpl-8dc127fabccbccfb-93162267, prefetch_request_id=-1) [3m(storage_manager.py:726:lmcache.v1.distributed.storage_manager)[0m
[32;20m[2026-09-29 17:06:50,984] LMCache INFO:[0m Prefetch request completed (L1+L2): 10/11 retained keys (10 L1, 0 L2) in 485.8 ms (external_request_id=chatcmpl-8907e6c56c7b2885-9bbcfec0, prefetch_request_id=-1) [3m(storage_manager.py:726:lmcache.v1.distributed.storage_manager)[0m
[32;20m[2026-09-29 17:06:50,984] LMCache INFO:[0m Prefetch request completed (L1+L2): 9/9 retained keys (9 L1, 0 L2) in 485.6 ms (external_request_id=chatcmpl-8713b270f122bf33-8b0b06a1, prefetch_request_id=-1) [3m(storage_manager.py:726:lmcache.v1.distributed.storage_manager)[0m
[32;20m[2026-09-29 17:06:50,984] LMCache INFO:[0m Prefetch request completed (L1+L2): 12/13 retained keys (12 L1, 0 L2) in 485.2 ms (external_request_id=chatcmpl-bd89d6cfdc6eb9d9-89b0f443, prefetch_request_id=-1) [3m(storage_manager.py:726:lmcache.v1.distributed.storage_manager)[0m
[32;20m[2026-09-29 17:06:50,984] LMCache INFO:[0m Prefetch request completed (L1+L2): 9/9 retained keys (9 L1, 0 L2) in 484.5 ms (external_request_id=chatcmpl-b4682f01ade2f8c3-b21dfd16, prefetch_request_id=-1) [3m(storage_manager.py:726:lmcache.v1.distributed.storage_manager)[0m
[32;20m[2026-09-29 17:06:50,984] LMCache INFO:[0m Prefetch request completed (L1+L2): 10/10 retained keys (10 L1, 0 L2) in 484.5 ms (external_request_id=chatcmpl-b715078171c5eae7-8bfdd46e, prefetch_request_id=-1) [3m(storage_manager.py:726:lmcache.v1.distributed.storage_manager)[0m
[32;20m[2026-09-29 17:06:50,984] LMCache INFO:[0m Prefetch request completed (L1+L2): 12/13 retained keys (12 L1, 0 L2) in 484.5 ms (external_request_id=chatcmpl-beb3ee211844e34f-a46d088e, prefetch_request_id=-1) [3m(storage_manager.py:726:lmcache.v1.distributed.storage_manager)[0m
[32;20m[2026-09-29 17:06:50,985] LMCache INFO:[0m Prefetch request completed (L1+L2): 10/12 retained keys (10 L1, 0 L2) in 484.4 ms (external_request_id=chatcmpl-b1effecb98075601-ae409378, prefetch_request_id=-1) [3m(storage_manager.py:726:lmcache.v1.distributed.storage_manager)[0m
[32;20m[2026-09-29 17:06:51,031] LMCache INFO:[0m Stored 256 tokens in 0.002 seconds [3m(lmcache_driven_transfer.py:1276:lmcache.v1.multiprocess.modules.lmcache_driven_transfer)[0m
[32;20m[2026-09-29 17:06:51,033] LMCache INFO:[0m Stored 768 tokens in 0.001 seconds [3m(lmcache_driven_transfer.py:1276:lmcache.v1.multiprocess.modules.lmcache_driven_transfer)[0m
[32;20m[2026-09-29 17:06:51,177] LMCache INFO:[0m Stored 512 tokens in 0.001 seconds [3m(lmcache_driven_transfer.py:1276:lmcache.v1.multiprocess.modules.lmcache_driven_transfer)[0m
[32;20m[2026-09-29 17:06:51,344] LMCache INFO:[0m Stored 256 tokens in 0.001 seconds [3m(lmcache_driven_transfer.py:1276:lmcache.v1.multiprocess.modules.lmcache_driven_transfer)[0m
[32;20m[2026-09-29 17:06:51,513] LMCache INFO:[0m Stored 768 tokens in 0.002 seconds [3m(lmcache_driven_transfer.py:1276:lmcache.v1.multiprocess.modules.lmcache_driven_transfer)[0m
[32;20m[2026-09-29 17:06:51,679] LMCache INFO:[0m Stored 256 tokens in 0.001 seconds [3m(lmcache_driven_transfer.py:1276:lmcache.v1.multiprocess.modules.lmcache_driven_transfer)[0m
[32;20m[2026-09-29 17:06:51,819] LMCache INFO:[0m Stored 256 tokens in 0.001 seconds [3m(lmcache_driven_transfer.py:1276:lmcache.v1.multiprocess.modules.lmcache_driven_transfer)[0m
[32;20m[2026-09-29 17:06:51,867] LMCache INFO:[0m Stored 256 tokens in 0.001 seconds [3m(lmcache_driven_transfer.py:1276:lmcache.v1.multiprocess.modules.lmcache_driven_transfer)[0m
[32;20m[2026-09-29 17:06:51,962] LMCache INFO:[0m Stored 512 tokens in 0.001 seconds [3m(lmcache_driven_transfer.py:1276:lmcache.v1.multiprocess.modules.lmcache_driven_transfer)[0m
[32;20m[2026-09-29 17:06:52,167] LMCache INFO:[0m Stored 256 tokens in 0.001 seconds [3m(lmcache_driven_transfer.py:1276:lmcache.v1.multiprocess.modules.lmcache_driven_transfer)[0m
[32;20m[2026-09-29 17:06:52,337] LMCache INFO:[0m Stored 512 tokens in 0.001 seconds [3m(lmcache_driven_transfer.py:1276:lmcache.v1.multiprocess.modules.lmcache_driven_transfer)[0m
[32;20m[2026-09-29 17:06:52,444] LMCache INFO:[0m Stored 512 tokens in 0.001 seconds [3m(lmcache_driven_transfer.py:1276:lmcache.v1.multiprocess.modules.lmcache_driven_transfer)[0m
[32;20m[2026-09-29 17:06:52,508] LMCache INFO:[0m Stored 256 tokens in 0.001 seconds [3m(lmcache_driven_transfer.py:1276:lmcache.v1.multiprocess.modules.lmcache_driven_transfer)[0m
[32;20m[2026-09-29 17:06:52,859] LMCache INFO:[0m Stored 256 tokens in 0.003 seconds [3m(lmcache_driven_transfer.py:1276:lmcache.v1.multiprocess.modules.lmcache_driven_transfer)[0m
[32;20m[2026-09-29 17:06:53,117] LMCache INFO:[0m Stored 256 tokens in 0.002 seconds [3m(lmcache_driven_transfer.py:1276:lmcache.v1.multiprocess.modules.lmcache_driven_transfer)[0m
[32;20m[2026-09-29 17:06:53,118] LMCache INFO:[0m Stored 512 tokens in 0.001 seconds [3m(lmcache_driven_transfer.py:1276:lmcache.v1.multiprocess.modules.lmcache_driven_transfer)[0m
[32;20m[2026-09-29 17:06:53,308] LMCache INFO:[0m Prefetch request completed (L1+L2): 11/12 retained keys (11 L1, 0 L2) in 2322.9 ms (external_request_id=chatcmpl-83e3998d921e7ce3-b5adcff7, prefetch_request_id=-1) [3m(storage_manager.py:726:lmcache.v1.distributed.storage_manager)[0m
[32;20m[2026-09-29 17:06:53,308] LMCache INFO:[0m Prefetch request completed (L1+L2): 10/10 retained keys (10 L1, 0 L2) in 2322.7 ms (external_request_id=chatcmpl-84dcfd024e690f1b-bbfd0a62, prefetch_request_id=-1) [3m(storage_manager.py:726:lmcache.v1.distributed.storage_manager)[0m
[32;20m[2026-09-29 17:06:53,308] LMCache INFO:[0m Prefetch request completed (L1+L2): 10/11 retained keys (10 L1, 0 L2) in 2322.5 ms (external_request_id=chatcmpl-ab98b549281c9754-8f2b453f, prefetch_request_id=-1) [3m(storage_manager.py:726:lmcache.v1.distributed.storage_manager)[0m
[32;20m[2026-09-29 17:06:53,309] LMCache INFO:[0m Prefetch request completed (L1+L2): 10/13 retained keys (10 L1, 0 L2) in 2322.0 ms (external_request_id=chatcmpl-994c3e98cb1c3e99-97e18924, prefetch_request_id=-1) [3m(storage_manager.py:726:lmcache.v1.distributed.storage_manager)[0m
[32;20m[2026-09-29 17:06:53,309] LMCache INFO:[0m Prefetch request completed (L1+L2): 9/10 retained keys (9 L1, 0 L2) in 2321.9 ms (external_request_id=chatcmpl-8e071eacfc5a1287-9cf9fe44, prefetch_request_id=-1) [3m(storage_manager.py:726:lmcache.v1.distributed.storage_manager)[0m
[32;20m[2026-09-29 17:06:53,357] LMCache INFO:[0m Stored 256 tokens in 0.002 seconds [3m(lmcache_driven_transfer.py:1276:lmcache.v1.multiprocess.modules.lmcache_driven_transfer)[0m
[32;20m[2026-09-29 17:06:53,471] LMCache INFO:[0m Stored 256 tokens in 0.001 seconds [3m(lmcache_driven_transfer.py:1276:lmcache.v1.multiprocess.modules.lmcache_driven_transfer)[0m
[32;20m[2026-09-29 17:06:53,491] LMCache INFO:[0m Stored 256 tokens in 0.001 seconds [3m(lmcache_driven_transfer.py:1276:lmcache.v1.multiprocess.modules.lmcache_driven_transfer)[0m
[32;20m[2026-09-29 17:06:53,623] LMCache INFO:[0m Stored 256 tokens in 0.001 seconds [3m(lmcache_driven_transfer.py:1276:lmcache.v1.multiprocess.modules.lmcache_driven_transfer)[0m
[32;20m[2026-09-29 17:06:53,752] LMCache INFO:[0m Stored 768 tokens in 0.001 seconds [3m(lmcache_driven_transfer.py:1276:lmcache.v1.multiprocess.modules.lmcache_driven_transfer)[0m
[32;20m[2026-09-29 17:06:54,091] LMCache INFO:[0m Stored 256 tokens in 0.002 seconds [3m(lmcache_driven_transfer.py:1276:lmcache.v1.multiprocess.modules.lmcache_driven_transfer)[0m
[32;20m[2026-09-29 17:06:54,109] LMCache INFO:[0m Prefetch request completed (L1+L2): 9/11 retained keys (9 L1, 0 L2) in 799.0 ms (external_request_id=chatcmpl-8ec73937410fba2d-8e9f8d93, prefetch_request_id=-1) [3m(storage_manager.py:726:lmcache.v1.distributed.storage_manager)[0m
[32;20m[2026-09-29 17:06:54,109] LMCache INFO:[0m Prefetch request completed (L1+L2): 9/9 retained keys (9 L1, 0 L2) in 799.2 ms (external_request_id=chatcmpl-9b04728452d5e566-a1c1bd8d, prefetch_request_id=-1) [3m(storage_manager.py:726:lmcache.v1.distributed.storage_manager)[0m
[32;20m[2026-09-29 17:06:54,109] LMCache INFO:[0m Prefetch request completed (L1+L2): 10/12 retained keys (10 L1, 0 L2) in 798.8 ms (external_request_id=chatcmpl-82f7f01ddce61f80-b4ea0d4a, prefetch_request_id=-1) [3m(storage_manager.py:726:lmcache.v1.distributed.storage_manager)[0m
[32;20m[2026-09-29 17:06:54,109] LMCache INFO:[0m Prefetch request completed (L1+L2): 9/9 retained keys (9 L1, 0 L2) in 798.6 ms (external_request_id=chatcmpl-8e0e388d051718ec-9287bdb1, prefetch_request_id=-1) [3m(storage_manager.py:726:lmcache.v1.distributed.storage_manager)[0m
[32;20m[2026-09-29 17:06:54,109] LMCache INFO:[0m Prefetch request completed (L1+L2): 9/10 retained keys (9 L1, 0 L2) in 798.3 ms (external_request_id=chatcmpl-8ce5501705a0caab-bfd9bcfe, prefetch_request_id=-1) [3m(storage_manager.py:726:lmcache.v1.distributed.storage_manager)[0m
[32;20m[2026-09-29 17:06:54,110] LMCache INFO:[0m Prefetch request completed (L1+L2): 9/11 retained keys (9 L1, 0 L2) in 797.1 ms (external_request_id=chatcmpl-978ac41a5f8047e8-9b4d20d2, prefetch_request_id=-1) [3m(storage_manager.py:726:lmcache.v1.distributed.storage_manager)[0m
[32;20m[2026-09-29 17:06:54,110] LMCache INFO:[0m Prefetch request completed (L1+L2): 9/11 retained keys (9 L1, 0 L2) in 797.0 ms (external_request_id=chatcmpl-b1fe3db20ec74764-b80a2177, prefetch_request_id=-1) [3m(storage_manager.py:726:lmcache.v1.distributed.storage_manager)[0m
[32;20m[2026-09-29 17:06:54,110] LMCache INFO:[0m Prefetch request completed (L1+L2): 9/10 retained keys (9 L1, 0 L2) in 797.0 ms (external_request_id=chatcmpl-81de96a5d5b56362-9d89fa05, prefetch_request_id=-1) [3m(storage_manager.py:726:lmcache.v1.distributed.storage_manager)[0m
[32;20m[2026-09-29 17:06:54,110] LMCache INFO:[0m Prefetch request completed (L1+L2): 10/13 retained keys (10 L1, 0 L2) in 797.0 ms (external_request_id=chatcmpl-ae0794a08d0d5060-b99ad110, prefetch_request_id=-1) [3m(storage_manager.py:726:lmcache.v1.distributed.storage_manager)[0m
[32;20m[2026-09-29 17:06:54,110] LMCache INFO:[0m Prefetch request completed (L1+L2): 9/9 retained keys (9 L1, 0 L2) in 797.0 ms (external_request_id=chatcmpl-bca2fb576598c7f0-90e35c55, prefetch_request_id=-1) [3m(storage_manager.py:726:lmcache.v1.distributed.storage_manager)[0m
[32;20m[2026-09-29 17:06:54,111] LMCache INFO:[0m Prefetch request completed (L1+L2): 12/12 retained keys (12 L1, 0 L2) in 796.6 ms (external_request_id=chatcmpl-874b09825d972804-a28b3b26, prefetch_request_id=-1) [3m(storage_manager.py:726:lmcache.v1.distributed.storage_manager)[0m
[32;20m[2026-09-29 17:06:54,111] LMCache INFO:[0m Prefetch request completed (L1+L2): 9/12 retained keys (9 L1, 0 L2) in 796.6 ms (external_request_id=chatcmpl-8bb6652ab44c21df-befaa54a, prefetch_request_id=-1) [3m(storage_manager.py:726:lmcache.v1.distributed.storage_manager)[0m
[32;20m[2026-09-29 17:06:54,111] LMCache INFO:[0m Prefetch request completed (L1+L2): 10/11 retained keys (10 L1, 0 L2) in 795.9 ms (external_request_id=chatcmpl-b359e0d73b113a98-89fd0957, prefetch_request_id=-1) [3m(storage_manager.py:726:lmcache.v1.distributed.storage_manager)[0m
[32;20m[2026-09-29 17:06:54,111] LMCache INFO:[0m Prefetch request completed (L1+L2): 12/12 retained keys (12 L1, 0 L2) in 795.9 ms (external_request_id=chatcmpl-8126ec7e41b74c9e-87b9d751, prefetch_request_id=-1) [3m(storage_manager.py:726:lmcache.v1.distributed.storage_manager)[0m
[32;20m[2026-09-29 17:06:54,111] LMCache INFO:[0m Prefetch request completed (L1+L2): 10/13 retained keys (10 L1, 0 L2) in 795.8 ms (external_request_id=chatcmpl-af7c02442e6f8252-a9ce16b0, prefetch_request_id=-1) [3m(storage_manager.py:726:lmcache.v1.distributed.storage_manager)[0m
[32;20m[2026-09-29 17:06:54,111] LMCache INFO:[0m Prefetch request completed (L1+L2): 11/13 retained keys (11 L1, 0 L2) in 795.5 ms (external_request_id=chatcmpl-aaa5e63428dec1c0-acfe0af8, prefetch_request_id=-1) [3m(storage_manager.py:726:lmcache.v1.distributed.storage_manager)[0m
[32;20m[2026-09-29 17:06:54,111] LMCache INFO:[0m Prefetch request completed (L1+L2): 10/11 retained keys (10 L1, 0 L2) in 795.2 ms (external_request_id=chatcmpl-a1e52748dae2d1dc-9508c68c, prefetch_request_id=-1) [3m(storage_manager.py:726:lmcache.v1.distributed.storage_manager)[0m
[32;20m[2026-09-29 17:06:54,112] LMCache INFO:[0m Prefetch request completed (L1+L2): 10/12 retained keys (10 L1, 0 L2) in 794.6 ms (external_request_id=chatcmpl-a7e525eff980eca1-992b4e6b, prefetch_request_id=-1) [3m(storage_manager.py:726:lmcache.v1.distributed.storage_manager)[0m
[32;20m[2026-09-29 17:06:54,112] LMCache INFO:[0m Prefetch request completed (L1+L2): 10/13 retained keys (10 L1, 0 L2) in 794.3 ms (external_request_id=chatcmpl-9c64a1145742a926-a40b9fb1, prefetch_request_id=-1) [3m(storage_manager.py:726:lmcache.v1.distributed.storage_manager)[0m
[32;20m[2026-09-29 17:06:54,158] LMCache INFO:[0m Stored 512 tokens in 0.001 seconds [3m(lmcache_driven_transfer.py:1276:lmcache.v1.multiprocess.modules.lmcache_driven_transfer)[0m
[32;20m[2026-09-29 17:06:54,277] LMCache INFO:[0m Stored 512 tokens in 0.001 seconds [3m(lmcache_driven_transfer.py:1276:lmcache.v1.multiprocess.modules.lmcache_driven_transfer)[0m
[32;20m[2026-09-29 17:06:54,530] LMCache INFO:[0m Stored 256 tokens in 0.001 seconds [3m(lmcache_driven_transfer.py:1276:lmcache.v1.multiprocess.modules.lmcache_driven_transfer)[0m
[32;20m[2026-09-29 17:06:54,618] LMCache INFO:[0m Stored 512 tokens in 0.001 seconds [3m(lmcache_driven_transfer.py:1276:lmcache.v1.multiprocess.modules.lmcache_driven_transfer)[0m
[32;20m[2026-09-29 17:06:54,904] LMCache INFO:[0m Stored 512 tokens in 0.002 seconds [3m(lmcache_driven_transfer.py:1276:lmcache.v1.multiprocess.modules.lmcache_driven_transfer)[0m
[32;20m[2026-09-29 17:06:54,936] LMCache INFO:[0m Stored 256 tokens in 0.001 seconds [3m(lmcache_driven_transfer.py:1276:lmcache.v1.multiprocess.modules.lmcache_driven_transfer)[0m
[32;20m[2026-09-29 17:06:54,937] LMCache INFO:[0m Stored 256 tokens in 0.001 seconds [3m(lmcache_driven_transfer.py:1276:lmcache.v1.multiprocess.modules.lmcache_driven_transfer)[0m
[32;20m[2026-09-29 17:06:55,064] LMCache INFO:[0m Stored 768 tokens in 0.002 seconds [3m(lmcache_driven_transfer.py:1276:lmcache.v1.multiprocess.modules.lmcache_driven_transfer)[0m
[32;20m[2026-09-29 17:06:55,383] LMCache INFO:[0m Stored 768 tokens in 0.002 seconds [3m(lmcache_driven_transfer.py:1276:lmcache.v1.multiprocess.modules.lmcache_driven_transfer)[0m
[32;20m[2026-09-29 17:06:55,645] LMCache INFO:[0m Stored 256 tokens in 0.001 seconds [3m(lmcache_driven_transfer.py:1276:lmcache.v1.multiprocess.modules.lmcache_driven_transfer)[0m
[32;20m[2026-09-29 17:06:55,824] LMCache INFO:[0m Stored 768 tokens in 0.002 seconds [3m(lmcache_driven_transfer.py:1276:lmcache.v1.multiprocess.modules.lmcache_driven_transfer)[0m
[32;20m[2026-09-29 17:06:56,001] LMCache INFO:[0m Stored 512 tokens in 0.002 seconds [3m(lmcache_driven_transfer.py:1276:lmcache.v1.multiprocess.modules.lmcache_driven_transfer)[0m
[32;20m[2026-09-29 17:06:56,089] LMCache INFO:[0m Stored 256 tokens in 0.001 seconds [3m(lmcache_driven_transfer.py:1276:lmcache.v1.multiprocess.modules.lmcache_driven_transfer)[0m
[32;20m[2026-09-29 17:06:56,240] LMCache INFO:[0m Stored 512 tokens in 0.001 seconds [3m(lmcache_driven_transfer.py:1276:lmcache.v1.multiprocess.modules.lmcache_driven_transfer)[0m
[32;20m[2026-09-29 17:06:56,346] LMCache INFO:[0m Stored 768 tokens in 0.001 seconds [3m(lmcache_driven_transfer.py:1276:lmcache.v1.multiprocess.modules.lmcache_driven_transfer)[0m
[32;20m[2026-09-29 17:06:56,463] LMCache INFO:[0m Prefetch request completed (L1+L2): 9/9 retained keys (9 L1, 0 L2) in 2350.5 ms (external_request_id=chatcmpl-939345be8adc87f1-a419e299, prefetch_request_id=-1) [3m(storage_manager.py:726:lmcache.v1.distributed.storage_manager)[0m
[32;20m[2026-09-29 17:06:56,464] LMCache INFO:[0m Prefetch request completed (L1+L2): 9/11 retained keys (9 L1, 0 L2) in 2350.6 ms (external_request_id=chatcmpl-be9c3a64d4c8a3b3-b59e60e9, prefetch_request_id=-1) [3m(storage_manager.py:726:lmcache.v1.distributed.storage_manager)[0m
[32;20m[2026-09-29 17:06:56,464] LMCache INFO:[0m Prefetch request completed (L1+L2): 9/9 retained keys (9 L1, 0 L2) in 2350.6 ms (external_request_id=chatcmpl-b71048f276cf9bca-832c38fe, prefetch_request_id=-1) [3m(storage_manager.py:726:lmcache.v1.distributed.storage_manager)[0m
[32;20m[2026-09-29 17:06:56,464] LMCache INFO:[0m Prefetch request completed (L1+L2): 10/12 retained keys (10 L1, 0 L2) in 2350.4 ms (external_request_id=chatcmpl-95dbd772de8f1c9b-b62ec59d, prefetch_request_id=-1) [3m(storage_manager.py:726:lmcache.v1.distributed.storage_manager)[0m
[32;20m[2026-09-29 17:06:56,464] LMCache INFO:[0m Prefetch request completed (L1+L2): 9/11 retained keys (9 L1, 0 L2) in 2350.3 ms (external_request_id=chatcmpl-86c82fbdb69e3971-acf45dd8, prefetch_request_id=-1) [3m(storage_manager.py:726:lmcache.v1.distributed.storage_manager)[0m
[32;20m[2026-09-29 17:06:56,511] LMCache INFO:[0m Stored 512 tokens in 0.001 seconds [3m(lmcache_driven_transfer.py:1276:lmcache.v1.multiprocess.modules.lmcache_driven_transfer)[0m
[32;20m[2026-09-29 17:06:56,784] LMCache INFO:[0m Stored 512 tokens in 0.002 seconds [3m(lmcache_driven_transfer.py:1276:lmcache.v1.multiprocess.modules.lmcache_driven_transfer)[0m
[32;20m[2026-09-29 17:06:56,785] LMCache INFO:[0m Stored 256 tokens in 0.001 seconds [3m(lmcache_driven_transfer.py:1276:lmcache.v1.multiprocess.modules.lmcache_driven_transfer)[0m
[32;20m[2026-09-29 17:06:56,952] LMCache INFO:[0m Stored 512 tokens in 0.001 seconds [3m(lmcache_driven_transfer.py:1276:lmcache.v1.multiprocess.modules.lmcache_driven_transfer)[0m
[32;20m[2026-09-29 17:06:57,030] LMCache INFO:[0m Stored 256 tokens in 0.001 seconds [3m(lmcache_driven_transfer.py:1276:lmcache.v1.multiprocess.modules.lmcache_driven_transfer)[0m
[32;20m[2026-09-29 17:06:57,055] LMCache INFO:[0m L1 memory usage 0.80 above watermark 0.80; triggering eviction. [3m(eviction_controller.py:179:lmcache.v1.distributed.storage_controllers.eviction_controller)[0m
[32;20m[2026-09-29 17:06:57,131] LMCache INFO:[0m Prefetch request completed (L1+L2): 9/11 retained keys (9 L1, 0 L2) in 663.5 ms (external_request_id=chatcmpl-b1ea4416d83f81d2-b6518a99, prefetch_request_id=-1) [3m(storage_manager.py:726:lmcache.v1.distributed.storage_manager)[0m
[32;20m[2026-09-29 17:06:57,131] LMCache INFO:[0m Prefetch request completed (L1+L2): 9/11 retained keys (9 L1, 0 L2) in 663.5 ms (external_request_id=chatcmpl-838e3974e1432afa-93e36c94, prefetch_request_id=-1) [3m(storage_manager.py:726:lmcache.v1.distributed.storage_manager)[0m
[32;20m[2026-09-29 17:06:57,131] LMCache INFO:[0m Prefetch request completed (L1+L2): 9/11 retained keys (9 L1, 0 L2) in 663.4 ms (external_request_id=chatcmpl-81269a04b2e76839-a6b9c7bd, prefetch_request_id=-1) [3m(storage_manager.py:726:lmcache.v1.distributed.storage_manager)[0m
[32;20m[2026-09-29 17:06:57,132] LMCache INFO:[0m Prefetch request completed (L1+L2): 9/10 retained keys (9 L1, 0 L2) in 663.5 ms (external_request_id=chatcmpl-8ddf95d166f60dd7-892fe50f, prefetch_request_id=-1) [3m(storage_manager.py:726:lmcache.v1.distributed.storage_manager)[0m
[32;20m[2026-09-29 17:06:57,132] LMCache INFO:[0m Prefetch request completed (L1+L2): 10/13 retained keys (10 L1, 0 L2) in 663.4 ms (external_request_id=chatcmpl-81542ce7611a67b1-93dfbbe1, prefetch_request_id=-1) [3m(storage_manager.py:726:lmcache.v1.distributed.storage_manager)[0m
[32;20m[2026-09-29 17:06:57,132] LMCache INFO:[0m Prefetch request completed (L1+L2): 9/11 retained keys (9 L1, 0 L2) in 663.5 ms (external_request_id=chatcmpl-bd238645b8c87179-9aef90e5, prefetch_request_id=-1) [3m(storage_manager.py:726:lmcache.v1.distributed.storage_manager)[0m
[32;20m[2026-09-29 17:06:57,132] LMCache INFO:[0m Prefetch request completed (L1+L2): 12/14 retained keys (12 L1, 0 L2) in 663.4 ms (external_request_id=chatcmpl-be852c87b6ea923d-95497010, prefetch_request_id=-1) [3m(storage_manager.py:726:lmcache.v1.distributed.storage_manager)[0m
[32;20m[2026-09-29 17:06:57,132] LMCache INFO:[0m Prefetch request completed (L1+L2): 9/10 retained keys (9 L1, 0 L2) in 663.5 ms (external_request_id=chatcmpl-813dd71432d1a29d-b108a170, prefetch_request_id=-1) [3m(storage_manager.py:726:lmcache.v1.distributed.storage_manager)[0m
[32;20m[2026-09-29 17:06:57,133] LMCache INFO:[0m Prefetch request completed (L1+L2): 10/11 retained keys (10 L1, 0 L2) in 663.4 ms (external_request_id=chatcmpl-91f55366693d51e3-83b87c89, prefetch_request_id=-1) [3m(storage_manager.py:726:lmcache.v1.distributed.storage_manager)[0m
[32;20m[2026-09-29 17:06:57,133] LMCache INFO:[0m Prefetch request completed (L1+L2): 12/14 retained keys (12 L1, 0 L2) in 663.3 ms (external_request_id=chatcmpl-aa2838ae6086e0cb-9c58e947, prefetch_request_id=-1) [3m(storage_manager.py:726:lmcache.v1.distributed.storage_manager)[0m
[32;20m[2026-09-29 17:06:57,133] LMCache INFO:[0m Prefetch request completed (L1+L2): 10/10 retained keys (10 L1, 0 L2) in 663.0 ms (external_request_id=chatcmpl-899cec34e099d30e-b661a2cb, prefetch_request_id=-1) [3m(storage_manager.py:726:lmcache.v1.distributed.storage_manager)[0m
[32;20m[2026-09-29 17:06:57,133] LMCache INFO:[0m Prefetch request completed (L1+L2): 11/11 retained keys (11 L1, 0 L2) in 662.6 ms (external_request_id=chatcmpl-b1301680c485f22f-9acd2e31, prefetch_request_id=-1) [3m(storage_manager.py:726:lmcache.v1.distributed.storage_manager)[0m
[32;20m[2026-09-29 17:06:57,134] LMCache INFO:[0m Prefetch request completed (L1+L2): 10/12 retained keys (10 L1, 0 L2) in 661.6 ms (external_request_id=chatcmpl-87640dc919e1d20c-9edbfd6c, prefetch_request_id=-1) [3m(storage_manager.py:726:lmcache.v1.distributed.storage_manager)[0m
[32;20m[2026-09-29 17:06:57,134] LMCache INFO:[0m Prefetch request completed (L1+L2): 10/12 retained keys (10 L1, 0 L2) in 661.7 ms (external_request_id=chatcmpl-85c996e9cb390d20-bce624e9, prefetch_request_id=-1) [3m(storage_manager.py:726:lmcache.v1.distributed.storage_manager)[0m
[32;20m[2026-09-29 17:06:57,134] LMCache INFO:[0m Prefetch request completed (L1+L2): 10/13 retained keys (10 L1, 0 L2) in 661.7 ms (external_request_id=chatcmpl-8d4a7ea5adc7b68d-97e57b15, prefetch_request_id=-1) [3m(storage_manager.py:726:lmcache.v1.distributed.storage_manager)[0m
[32;20m[2026-09-29 17:06:57,134] LMCache INFO:[0m Prefetch request completed (L1+L2): 9/10 retained keys (9 L1, 0 L2) in 661.6 ms (external_request_id=chatcmpl-b61a31d029e7672b-ab4e2ead, prefetch_request_id=-1) [3m(storage_manager.py:726:lmcache.v1.distributed.storage_manager)[0m
[32;20m[2026-09-29 17:06:57,135] LMCache INFO:[0m Prefetch request completed (L1+L2): 9/10 retained keys (9 L1, 0 L2) in 662.0 ms (external_request_id=chatcmpl-af2ce3263989032b-9da07fc8, prefetch_request_id=-1) [3m(storage_manager.py:726:lmcache.v1.distributed.storage_manager)[0m
[32;20m[2026-09-29 17:06:57,135] LMCache INFO:[0m Prefetch request completed (L1+L2): 9/9 retained keys (9 L1, 0 L2) in 662.0 ms (external_request_id=chatcmpl-88719f9a2717c0d1-afa613c1, prefetch_request_id=-1) [3m(storage_manager.py:726:lmcache.v1.distributed.storage_manager)[0m
[32;20m[2026-09-29 17:06:57,135] LMCache INFO:[0m Prefetch request completed (L1+L2): 10/12 retained keys (10 L1, 0 L2) in 661.9 ms (external_request_id=chatcmpl-a6814dd526c72114-bb587f36, prefetch_request_id=-1) [3m(storage_manager.py:726:lmcache.v1.distributed.storage_manager)[0m
[32;20m[2026-09-29 17:06:57,178] LMCache INFO:[0m Stored 512 tokens in 0.001 seconds [3m(lmcache_driven_transfer.py:1276:lmcache.v1.multiprocess.modules.lmcache_driven_transfer)[0m
[32;20m[2026-09-29 17:06:57,289] LMCache INFO:[0m Stored 512 tokens in 0.001 seconds [3m(lmcache_driven_transfer.py:1276:lmcache.v1.multiprocess.modules.lmcache_driven_transfer)[0m
[32;20m[2026-09-29 17:06:57,341] LMCache INFO:[0m Stored 256 tokens in 0.001 seconds [3m(lmcache_driven_transfer.py:1276:lmcache.v1.multiprocess.modules.lmcache_driven_transfer)[0m
[32;20m[2026-09-29 17:06:57,493] LMCache INFO:[0m Stored 512 tokens in 0.001 seconds [3m(lmcache_driven_transfer.py:1276:lmcache.v1.multiprocess.modules.lmcache_driven_transfer)[0m
[32;20m[2026-09-29 17:06:57,580] LMCache INFO:[0m Stored 256 tokens in 0.001 seconds [3m(lmcache_driven_transfer.py:1276:lmcache.v1.multiprocess.modules.lmcache_driven_transfer)[0m
[32;20m[2026-09-29 17:06:57,634] LMCache INFO:[0m Stored 768 tokens in 0.001 seconds [3m(lmcache_driven_transfer.py:1276:lmcache.v1.multiprocess.modules.lmcache_driven_transfer)[0m
[32;20m[2026-09-29 17:06:57,757] LMCache INFO:[0m Stored 512 tokens in 0.001 seconds [3m(lmcache_driven_transfer.py:1276:lmcache.v1.multiprocess.modules.lmcache_driven_transfer)[0m
[32;20m[2026-09-29 17:06:57,905] LMCache INFO:[0m Stored 512 tokens in 0.001 seconds [3m(lmcache_driven_transfer.py:1276:lmcache.v1.multiprocess.modules.lmcache_driven_transfer)[0m
[32;20m[2026-09-29 17:06:58,112] LMCache INFO:[0m Stored 256 tokens in 0.001 seconds [3m(lmcache_driven_transfer.py:1276:lmcache.v1.multiprocess.modules.lmcache_driven_transfer)[0m
[32;20m[2026-09-29 17:06:58,265] LMCache INFO:[0m Stored 256 tokens in 0.001 seconds [3m(lmcache_driven_transfer.py:1276:lmcache.v1.multiprocess.modules.lmcache_driven_transfer)[0m
[32;20m[2026-09-29 17:06:58,354] LMCache INFO:[0m Stored 512 tokens in 0.001 seconds [3m(lmcache_driven_transfer.py:1276:lmcache.v1.multiprocess.modules.lmcache_driven_transfer)[0m
[32;20m[2026-09-29 17:06:58,494] LMCache INFO:[0m Stored 512 tokens in 0.001 seconds [3m(lmcache_driven_transfer.py:1276:lmcache.v1.multiprocess.modules.lmcache_driven_transfer)[0m
[32;20m[2026-09-29 17:06:58,780] LMCache INFO:[0m Stored 512 tokens in 0.001 seconds [3m(lmcache_driven_transfer.py:1276:lmcache.v1.multiprocess.modules.lmcache_driven_transfer)[0m
[32;20m[2026-09-29 17:06:59,067] LMCache INFO:[0m Stored 768 tokens in 0.002 seconds [3m(lmcache_driven_transfer.py:1276:lmcache.v1.multiprocess.modules.lmcache_driven_transfer)[0m
[32;20m[2026-09-29 17:06:59,275] LMCache INFO:[0m Stored 256 tokens in 0.003 seconds [3m(lmcache_driven_transfer.py:1276:lmcache.v1.multiprocess.modules.lmcache_driven_transfer)[0m
[32;20m[2026-09-29 17:06:59,308] LMCache INFO:[0m Stored 256 tokens in 0.002 seconds [3m(lmcache_driven_transfer.py:1276:lmcache.v1.multiprocess.modules.lmcache_driven_transfer)[0m
[32;20m[2026-09-29 17:06:59,353] LMCache INFO:[0m Stored 256 tokens in 0.001 seconds [3m(lmcache_driven_transfer.py:1276:lmcache.v1.multiprocess.modules.lmcache_driven_transfer)[0m
[32;20m[2026-09-29 17:06:59,403] LMCache INFO:[0m Stored 512 tokens in 0.002 seconds [3m(lmcache_driven_transfer.py:1276:lmcache.v1.multiprocess.modules.lmcache_driven_transfer)[0m
[32;20m[2026-09-29 17:06:59,407] LMCache INFO:[0m Prefetch request completed (L1+L2): 9/9 retained keys (9 L1, 0 L2) in 2271.6 ms (external_request_id=chatcmpl-81a090e390b2028d-a710dc8e, prefetch_request_id=-1) [3m(storage_manager.py:726:lmcache.v1.distributed.storage_manager)[0m
[32;20m[2026-09-29 17:06:59,407] LMCache INFO:[0m Prefetch request completed (L1+L2): 9/12 retained keys (9 L1, 0 L2) in 2271.5 ms (external_request_id=chatcmpl-80dad112de83b7d0-92b0ceaa, prefetch_request_id=-1) [3m(storage_manager.py:726:lmcache.v1.distributed.storage_manager)[0m
[32;20m[2026-09-29 17:06:59,407] LMCache INFO:[0m Prefetch request completed (L1+L2): 9/11 retained keys (9 L1, 0 L2) in 2271.2 ms (external_request_id=chatcmpl-93734bf8bbd3fe92-945ad619, prefetch_request_id=-1) [3m(storage_manager.py:726:lmcache.v1.distributed.storage_manager)[0m
[32;20m[2026-09-29 17:06:59,407] LMCache INFO:[0m Prefetch request completed (L1+L2): 9/11 retained keys (9 L1, 0 L2) in 2270.7 ms (external_request_id=chatcmpl-bb9572b7a2bbb69f-85585f8e, prefetch_request_id=-1) [3m(storage_manager.py:726:lmcache.v1.distributed.storage_manager)[0m
[32;20m[2026-09-29 17:06:59,407] LMCache INFO:[0m Prefetch request completed (L1+L2): 9/10 retained keys (9 L1, 0 L2) in 2270.3 ms (external_request_id=chatcmpl-bce6405e97ab63c2-85262492, prefetch_request_id=-1) [3m(storage_manager.py:726:lmcache.v1.distributed.storage_manager)[0m
[32;20m[2026-09-29 17:06:59,493] LMCache INFO:[0m Stored 256 tokens in 0.001 seconds [3m(lmcache_driven_transfer.py:1276:lmcache.v1.multiprocess.modules.lmcache_driven_transfer)[0m
[32;20m[2026-09-29 17:06:59,585] LMCache INFO:[0m Stored 768 tokens in 0.003 seconds [3m(lmcache_driven_transfer.py:1276:lmcache.v1.multiprocess.modules.lmcache_driven_transfer)[0m
[32;20m[2026-09-29 17:06:59,617] LMCache INFO:[0m Stored 512 tokens in 0.001 seconds [3m(lmcache_driven_transfer.py:1276:lmcache.v1.multiprocess.modules.lmcache_driven_transfer)[0m
[32;20m[2026-09-29 17:06:59,820] LMCache INFO:[0m Stored 512 tokens in 0.001 seconds [3m(lmcache_driven_transfer.py:1276:lmcache.v1.multiprocess.modules.lmcache_driven_transfer)[0m
[32;20m[2026-09-29 17:06:59,967] LMCache INFO:[0m Stored 256 tokens in 0.001 seconds [3m(lmcache_driven_transfer.py:1276:lmcache.v1.multiprocess.modules.lmcache_driven_transfer)[0m
[32;20m[2026-09-29 17:07:00,104] LMCache INFO:[0m Prefetch request completed (L1+L2): 10/11 retained keys (10 L1, 0 L2) in 696.5 ms (external_request_id=chatcmpl-b9585efc21c325cd-91a26c12, prefetch_request_id=-1) [3m(storage_manager.py:726:lmcache.v1.distributed.storage_manager)[0m
[32;20m[2026-09-29 17:07:00,105] LMCache INFO:[0m Prefetch request completed (L1+L2): 9/11 retained keys (9 L1, 0 L2) in 696.4 ms (external_request_id=chatcmpl-92db15767d45e3a5-90dfbbc0, prefetch_request_id=-1) [3m(storage_manager.py:726:lmcache.v1.distributed.storage_manager)[0m
[32;20m[2026-09-29 17:07:00,105] LMCache INFO:[0m Prefetch request completed (L1+L2): 12/12 retained keys (12 L1, 0 L2) in 696.2 ms (external_request_id=chatcmpl-81f76128c0ef7bff-8a96c1ef, prefetch_request_id=-1) [3m(storage_manager.py:726:lmcache.v1.distributed.storage_manager)[0m
[32;20m[2026-09-29 17:07:00,105] LMCache INFO:[0m Prefetch request completed (L1+L2): 9/10 retained keys (9 L1, 0 L2) in 696.1 ms (external_request_id=chatcmpl-a05bb80b34a6d022-91e43387, prefetch_request_id=-1) [3m(storage_manager.py:726:lmcache.v1.distributed.storage_manager)[0m
[32;20m[2026-09-29 17:07:00,105] LMCache INFO:[0m Prefetch request completed (L1+L2): 10/10 retained keys (10 L1, 0 L2) in 696.0 ms (external_request_id=chatcmpl-9f9ba1cb50080ebf-95fb6788, prefetch_request_id=-1) [3m(storage_manager.py:726:lmcache.v1.distributed.storage_manager)[0m
[32;20m[2026-09-29 17:07:00,105] LMCache INFO:[0m Prefetch request completed (L1+L2): 12/12 retained keys (12 L1, 0 L2) in 695.5 ms (external_request_id=chatcmpl-80da9dd8080d27f1-8e944d0d, prefetch_request_id=-1) [3m(storage_manager.py:726:lmcache.v1.distributed.storage_manager)[0m
[32;20m[2026-09-29 17:07:00,106] LMCache INFO:[0m Prefetch request completed (L1+L2): 10/13 retained keys (10 L1, 0 L2) in 695.2 ms (external_request_id=chatcmpl-844f04132c8c93bb-b1d28461, prefetch_request_id=-1) [3m(storage_manager.py:726:lmcache.v1.distributed.storage_manager)[0m
[32;20m[2026-09-29 17:07:00,106] LMCache INFO:[0m Prefetch request completed (L1+L2): 11/12 retained keys (11 L1, 0 L2) in 694.4 ms (external_request_id=chatcmpl-91321f4f20d30d69-befaa702, prefetch_request_id=-1) [3m(storage_manager.py:726:lmcache.v1.distributed.storage_manager)[0m
[32;20m[2026-09-29 17:07:00,106] LMCache INFO:[0m Prefetch request completed (L1+L2): 10/12 retained keys (10 L1, 0 L2) in 694.4 ms (external_request_id=chatcmpl-899eccd4350ecfd4-a4c2eb5a, prefetch_request_id=-1) [3m(storage_manager.py:726:lmcache.v1.distributed.storage_manager)[0m
[32;20m[2026-09-29 17:07:00,106] LMCache INFO:[0m Prefetch request completed (L1+L2): 10/11 retained keys (10 L1, 0 L2) in 694.3 ms (external_request_id=chatcmpl-bdee00b672600cda-a33672d8, prefetch_request_id=-1) [3m(storage_manager.py:726:lmcache.v1.distributed.storage_manager)[0m
[32;20m[2026-09-29 17:07:00,106] LMCache INFO:[0m Prefetch request completed (L1+L2): 10/13 retained keys (10 L1, 0 L2) in 693.8 ms (external_request_id=chatcmpl-bb4badabe3985229-8ba00bf9, prefetch_request_id=-1) [3m(storage_manager.py:726:lmcache.v1.distributed.storage_manager)[0m
[32;20m[2026-09-29 17:07:00,106] LMCache INFO:[0m Prefetch request completed (L1+L2): 9/10 retained keys (9 L1, 0 L2) in 693.7 ms (external_request_id=chatcmpl-81bc7e43e755c2dc-9fcdc9f7, prefetch_request_id=-1) [3m(storage_manager.py:726:lmcache.v1.distributed.storage_manager)[0m
[32;20m[2026-09-29 17:07:00,107] LMCache INFO:[0m Prefetch request completed (L1+L2): 9/11 retained keys (9 L1, 0 L2) in 693.5 ms (external_request_id=chatcmpl-ba8ad0ddb6f9ddb1-a34f65be, prefetch_request_id=-1) [3m(storage_manager.py:726:lmcache.v1.distributed.storage_manager)[0m
[32;20m[2026-09-29 17:07:00,107] LMCache INFO:[0m Prefetch request completed (L1+L2): 9/10 retained keys (9 L1, 0 L2) in 693.2 ms (external_request_id=chatcmpl-88a00887cabfcdb3-97f1a0dd, prefetch_request_id=-1) [3m(storage_manager.py:726:lmcache.v1.distributed.storage_manager)[0m
[32;20m[2026-09-29 17:07:00,107] LMCache INFO:[0m Prefetch request completed (L1+L2): 10/13 retained keys (10 L1, 0 L2) in 692.8 ms (external_request_id=chatcmpl-ac216b3e68f193ee-abe9e90b, prefetch_request_id=-1) [3m(storage_manager.py:726:lmcache.v1.distributed.storage_manager)[0m
[32;20m[2026-09-29 17:07:00,107] LMCache INFO:[0m Prefetch request completed (L1+L2): 9/10 retained keys (9 L1, 0 L2) in 692.7 ms (external_request_id=chatcmpl-9802eed31999c3e9-a33dfade, prefetch_request_id=-1) [3m(storage_manager.py:726:lmcache.v1.distributed.storage_manager)[0m
[32;20m[2026-09-29 17:07:00,108] LMCache INFO:[0m Prefetch request completed (L1+L2): 9/10 retained keys (9 L1, 0 L2) in 692.5 ms (external_request_id=chatcmpl-8e1116b5d46b8787-9fe82fce, prefetch_request_id=-1) [3m(storage_manager.py:726:lmcache.v1.distributed.storage_manager)[0m
[32;20m[2026-09-29 17:07:00,108] LMCache INFO:[0m Prefetch request completed (L1+L2): 9/11 retained keys (9 L1, 0 L2) in 692.4 ms (external_request_id=chatcmpl-9eda15a2324610ce-a96f524a, prefetch_request_id=-1) [3m(storage_manager.py:726:lmcache.v1.distributed.storage_manager)[0m
[32;20m[2026-09-29 17:07:00,108] LMCache INFO:[0m Prefetch request completed (L1+L2): 9/10 retained keys (9 L1, 0 L2) in 692.1 ms (external_request_id=chatcmpl-985c985efe08cd90-b78734dc, prefetch_request_id=-1) [3m(storage_manager.py:726:lmcache.v1.distributed.storage_manager)[0m
[32;20m[2026-09-29 17:07:00,152] LMCache INFO:[0m Stored 256 tokens in 0.001 seconds [3m(lmcache_driven_transfer.py:1276:lmcache.v1.multiprocess.modules.lmcache_driven_transfer)[0m
[32;20m[2026-09-29 17:07:00,252] LMCache INFO:[0m Stored 256 tokens in 0.001 seconds [3m(lmcache_driven_transfer.py:1276:lmcache.v1.multiprocess.modules.lmcache_driven_transfer)[0m
[32;20m[2026-09-29 17:07:00,304] LMCache INFO:[0m Stored 512 tokens in 0.001 seconds [3m(lmcache_driven_transfer.py:1276:lmcache.v1.multiprocess.modules.lmcache_driven_transfer)[0m
[32;20m[2026-09-29 17:07:00,519] LMCache INFO:[0m Stored 256 tokens in 0.001 seconds [3m(lmcache_driven_transfer.py:1276:lmcache.v1.multiprocess.modules.lmcache_driven_transfer)[0m
[32;20m[2026-09-29 17:07:00,578] LMCache INFO:[0m Stored 256 tokens in 0.001 seconds [3m(lmcache_driven_transfer.py:1276:lmcache.v1.multiprocess.modules.lmcache_driven_transfer)[0m
[32;20m[2026-09-29 17:07:00,717] LMCache INFO:[0m Stored 256 tokens in 0.001 seconds [3m(lmcache_driven_transfer.py:1276:lmcache.v1.multiprocess.modules.lmcache_driven_transfer)[0m
[32;20m[2026-09-29 17:07:00,890] LMCache INFO:[0m Stored 768 tokens in 0.001 seconds [3m(lmcache_driven_transfer.py:1276:lmcache.v1.multiprocess.modules.lmcache_driven_transfer)[0m
[32;20m[2026-09-29 17:07:01,033] LMCache INFO:[0m Stored 256 tokens in 0.001 seconds [3m(lmcache_driven_transfer.py:1276:lmcache.v1.multiprocess.modules.lmcache_driven_transfer)[0m
[32;20m[2026-09-29 17:07:01,143] LMCache INFO:[0m Stored 512 tokens in 0.001 seconds [3m(lmcache_driven_transfer.py:1276:lmcache.v1.multiprocess.modules.lmcache_driven_transfer)[0m
[32;20m[2026-09-29 17:07:01,228] LMCache INFO:[0m Stored 256 tokens in 0.001 seconds [3m(lmcache_driven_transfer.py:1276:lmcache.v1.multiprocess.modules.lmcache_driven_transfer)[0m
[32;20m[2026-09-29 17:07:01,303] LMCache INFO:[0m Stored 768 tokens in 0.001 seconds [3m(lmcache_driven_transfer.py:1276:lmcache.v1.multiprocess.modules.lmcache_driven_transfer)[0m
[32;20m[2026-09-29 17:07:01,475] LMCache INFO:[0m Stored 256 tokens in 0.001 seconds [3m(lmcache_driven_transfer.py:1276:lmcache.v1.multiprocess.modules.lmcache_driven_transfer)[0m
[32;20m[2026-09-29 17:07:01,740] LMCache INFO:[0m Stored 512 tokens in 0.001 seconds [3m(lmcache_driven_transfer.py:1276:lmcache.v1.multiprocess.modules.lmcache_driven_transfer)[0m
[32;20m[2026-09-29 17:07:01,779] LMCache INFO:[0m Stored 256 tokens in 0.001 seconds [3m(lmcache_driven_transfer.py:1276:lmcache.v1.multiprocess.modules.lmcache_driven_transfer)[0m
[32;20m[2026-09-29 17:07:01,849] LMCache INFO:[0m Stored 256 tokens in 0.001 seconds [3m(lmcache_driven_transfer.py:1276:lmcache.v1.multiprocess.modules.lmcache_driven_transfer)[0m
[32;20m[2026-09-29 17:07:02,000] LMCache INFO:[0m Stored 768 tokens in 0.001 seconds [3m(lmcache_driven_transfer.py:1276:lmcache.v1.multiprocess.modules.lmcache_driven_transfer)[0m
[32;20m[2026-09-29 17:07:02,230] LMCache INFO:[0m Stored 256 tokens in 0.001 seconds [3m(lmcache_driven_transfer.py:1276:lmcache.v1.multiprocess.modules.lmcache_driven_transfer)[0m
[32;20m[2026-09-29 17:07:02,316] LMCache INFO:[0m Stored 256 tokens in 0.001 seconds [3m(lmcache_driven_transfer.py:1276:lmcache.v1.multiprocess.modules.lmcache_driven_transfer)[0m
[32;20m[2026-09-29 17:07:02,388] LMCache INFO:[0m Stored 512 tokens in 0.001 seconds [3m(lmcache_driven_transfer.py:1276:lmcache.v1.multiprocess.modules.lmcache_driven_transfer)[0m
[32;20m[2026-09-29 17:07:02,389] LMCache INFO:[0m Stored 256 tokens in 0.001 seconds [3m(lmcache_driven_transfer.py:1276:lmcache.v1.multiprocess.modules.lmcache_driven_transfer)[0m
[32;20m[2026-09-29 17:07:02,556] LMCache INFO:[0m Prefetch request completed (L1+L2): 9/10 retained keys (9 L1, 0 L2) in 2447.2 ms (external_request_id=chatcmpl-9b3aec547a02bddb-baa1810c, prefetch_request_id=-1) [3m(storage_manager.py:726:lmcache.v1.distributed.storage_manager)[0m
[32;20m[2026-09-29 17:07:02,556] LMCache INFO:[0m Prefetch request completed (L1+L2): 10/13 retained keys (10 L1, 0 L2) in 2447.2 ms (external_request_id=chatcmpl-a1c83c5b1e6ca2ae-841bad55, prefetch_request_id=-1) [3m(storage_manager.py:726:lmcache.v1.distributed.storage_manager)[0m
[32;20m[2026-09-29 17:07:02,556] LMCache INFO:[0m Prefetch request completed (L1+L2): 9/11 retained keys (9 L1, 0 L2) in 2447.0 ms (external_request_id=chatcmpl-b538acadb4569b01-8c3e95ab, prefetch_request_id=-1) [3m(storage_manager.py:726:lmcache.v1.distributed.storage_manager)[0m
[32;20m[2026-09-29 17:07:02,556] LMCache INFO:[0m Prefetch request completed (L1+L2): 12/14 retained keys (12 L1, 0 L2) in 2444.3 ms (external_request_id=chatcmpl-a8c013a4812dc04a-99b1ae77, prefetch_request_id=-1) [3m(storage_manager.py:726:lmcache.v1.distributed.storage_manager)[0m
[32;20m[2026-09-29 17:07:02,557] LMCache INFO:[0m Prefetch request completed (L1+L2): 9/10 retained keys (9 L1, 0 L2) in 2444.2 ms (external_request_id=chatcmpl-b4ee93e3ec3e4556-926ef038, prefetch_request_id=-1) [3m(storage_manager.py:726:lmcache.v1.distributed.storage_manager)[0m
[32;20m[2026-09-29 17:07:02,604] LMCache INFO:[0m Stored 256 tokens in 0.002 seconds [3m(lmcache_driven_transfer.py:1276:lmcache.v1.multiprocess.modules.lmcache_driven_transfer)[0m
[32;20m[2026-09-29 17:07:02,653] LMCache INFO:[0m Stored 768 tokens in 0.002 seconds [3m(lmcache_driven_transfer.py:1276:lmcache.v1.multiprocess.modules.lmcache_driven_transfer)[0m
[32;20m[2026-09-29 17:07:02,700] LMCache INFO:[0m Stored 512 tokens in 0.001 seconds [3m(lmcache_driven_transfer.py:1276:lmcache.v1.multiprocess.modules.lmcache_driven_transfer)[0m
INFO:     172.26.132.42:37160 - "GET /metrics HTTP/1.1" 200 OK
[32;20m[2026-09-29 17:07:02,908] LMCache INFO:[0m Stored 512 tokens in 0.001 seconds [3m(lmcache_driven_transfer.py:1276:lmcache.v1.multiprocess.modules.lmcache_driven_transfer)[0m
[32;20m[2026-09-29 17:07:02,911] LMCache INFO:[0m Stored 256 tokens in 0.002 seconds [3m(lmcache_driven_transfer.py:1276:lmcache.v1.multiprocess.modules.lmcache_driven_transfer)[0m
[32;20m[2026-09-29 17:07:02,942] LMCache INFO:[0m Stored 256 tokens in 0.001 seconds [3m(lmcache_driven_transfer.py:1276:lmcache.v1.multiprocess.modules.lmcache_driven_transfer)[0m
[32;20m[2026-09-29 17:07:03,119] LMCache INFO:[0m Prefetch request completed (L1+L2): 10/12 retained keys (10 L1, 0 L2) in 561.6 ms (external_request_id=chatcmpl-86ff833fa3c6307d-968aeee5, prefetch_request_id=-1) [3m(storage_manager.py:726:lmcache.v1.distributed.storage_manager)[0m
[32;20m[2026-09-29 17:07:03,119] LMCache INFO:[0m Prefetch request completed (L1+L2): 12/15 retained keys (12 L1, 0 L2) in 561.5 ms (external_request_id=chatcmpl-9ca4da82eb30d4ec-9bbc7e84, prefetch_request_id=-1) [3m(storage_manager.py:726:lmcache.v1.distributed.storage_manager)[0m
[32;20m[2026-09-29 17:07:03,119] LMCache INFO:[0m Prefetch request completed (L1+L2): 10/12 retained keys (10 L1, 0 L2) in 561.1 ms (external_request_id=chatcmpl-b4a218a0770af7eb-8c9a5187, prefetch_request_id=-1) [3m(storage_manager.py:726:lmcache.v1.distributed.storage_manager)[0m
[32;20m[2026-09-29 17:07:03,119] LMCache INFO:[0m Prefetch request completed (L1+L2): 11/12 retained keys (11 L1, 0 L2) in 560.6 ms (external_request_id=chatcmpl-ab7e25d550d99cd3-936fcdb7, prefetch_request_id=-1) [3m(storage_manager.py:726:lmcache.v1.distributed.storage_manager)[0m
[32;20m[2026-09-29 17:07:03,119] LMCache INFO:[0m Prefetch request completed (L1+L2): 10/12 retained keys (10 L1, 0 L2) in 560.1 ms (external_request_id=chatcmpl-934f1cd59fbb5537-af418d33, prefetch_request_id=-1) [3m(storage_manager.py:726:lmcache.v1.distributed.storage_manager)[0m
[32;20m[2026-09-29 17:07:03,119] LMCache INFO:[0m Prefetch request completed (L1+L2): 10/11 retained keys (10 L1, 0 L2) in 559.5 ms (external_request_id=chatcmpl-ac5ea2c59e6d40c2-8611e466, prefetch_request_id=-1) [3m(storage_manager.py:726:lmcache.v1.distributed.storage_manager)[0m
[32;20m[2026-09-29 17:07:03,119] LMCache INFO:[0m Prefetch request completed (L1+L2): 10/11 retained keys (10 L1, 0 L2) in 559.4 ms (external_request_id=chatcmpl-9b7a670e47107f03-8cfb34fa, prefetch_request_id=-1) [3m(storage_manager.py:726:lmcache.v1.distributed.storage_manager)[0m
[32;20m[2026-09-29 17:07:03,119] LMCache INFO:[0m Prefetch request completed (L1+L2): 9/11 retained keys (9 L1, 0 L2) in 558.9 ms (external_request_id=chatcmpl-b4dfb25a29de8f37-ab2489d5, prefetch_request_id=-1) [3m(storage_manager.py:726:lmcache.v1.distributed.storage_manager)[0m
[32;20m[2026-09-29 17:07:03,119] LMCache INFO:[0m Prefetch request completed (L1+L2): 9/10 retained keys (9 L1, 0 L2) in 558.5 ms (external_request_id=chatcmpl-8ea0d31807363795-9cf302dd, prefetch_request_id=-1) [3m(storage_manager.py:726:lmcache.v1.distributed.storage_manager)[0m
[32;20m[2026-09-29 17:07:03,120] LMCache INFO:[0m Prefetch request completed (L1+L2): 9/10 retained keys (9 L1, 0 L2) in 558.5 ms (external_request_id=chatcmpl-a52ba77d5dc373a6-8742c34d, prefetch_request_id=-1) [3m(storage_manager.py:726:lmcache.v1.distributed.storage_manager)[0m
[32;20m[2026-09-29 17:07:03,120] LMCache INFO:[0m Prefetch request completed (L1+L2): 10/11 retained keys (10 L1, 0 L2) in 558.1 ms (external_request_id=chatcmpl-9426e3ff6f394481-b4b5afd4, prefetch_request_id=-1) [3m(storage_manager.py:726:lmcache.v1.distributed.storage_manager)[0m
[32;20m[2026-09-29 17:07:03,120] LMCache INFO:[0m Prefetch request completed (L1+L2): 9/9 retained keys (9 L1, 0 L2) in 558.1 ms (external_request_id=chatcmpl-b9b08308624a9a99-aa1c0de7, prefetch_request_id=-1) [3m(storage_manager.py:726:lmcache.v1.distributed.storage_manager)[0m
[32;20m[2026-09-29 17:07:03,120] LMCache INFO:[0m Prefetch request completed (L1+L2): 9/9 retained keys (9 L1, 0 L2) in 557.9 ms (external_request_id=chatcmpl-8987a58686e254d1-b181fe27, prefetch_request_id=-1) [3m(storage_manager.py:726:lmcache.v1.distributed.storage_manager)[0m
[32;20m[2026-09-29 17:07:03,120] LMCache INFO:[0m Prefetch request completed (L1+L2): 9/9 retained keys (9 L1, 0 L2) in 557.5 ms (external_request_id=chatcmpl-aee4cb0b3f17ec4d-96268376, prefetch_request_id=-1) [3m(storage_manager.py:726:lmcache.v1.distributed.storage_manager)[0m
[32;20m[2026-09-29 17:07:03,121] LMCache INFO:[0m Prefetch request completed (L1+L2): 9/11 retained keys (9 L1, 0 L2) in 557.3 ms (external_request_id=chatcmpl-9267c571fc12469b-835d7028, prefetch_request_id=-1) [3m(storage_manager.py:726:lmcache.v1.distributed.storage_manager)[0m
[32;20m[2026-09-29 17:07:03,121] LMCache INFO:[0m Prefetch request completed (L1+L2): 9/11 retained keys (9 L1, 0 L2) in 556.5 ms (external_request_id=chatcmpl-9209af3fb8cd58c0-82977707, prefetch_request_id=-1) [3m(storage_manager.py:726:lmcache.v1.distributed.storage_manager)[0m
[32;20m[2026-09-29 17:07:03,121] LMCache INFO:[0m Prefetch request completed (L1+L2): 10/13 retained keys (10 L1, 0 L2) in 556.5 ms (external_request_id=chatcmpl-98e5d4d4ba3a3d8e-a06ac174, prefetch_request_id=-1) [3m(storage_manager.py:726:lmcache.v1.distributed.storage_manager)[0m
[32;20m[2026-09-29 17:07:03,121] LMCache INFO:[0m Prefetch request completed (L1+L2): 9/9 retained keys (9 L1, 0 L2) in 556.4 ms (external_request_id=chatcmpl-86bc4e8d7a011b53-b2935e5f, prefetch_request_id=-1) [3m(storage_manager.py:726:lmcache.v1.distributed.storage_manager)[0m
[32;20m[2026-09-29 17:07:03,121] LMCache INFO:[0m Prefetch request completed (L1+L2): 12/13 retained keys (12 L1, 0 L2) in 556.4 ms (external_request_id=chatcmpl-b3bc26148bb36ffc-a34134f6, prefetch_request_id=-1) [3m(storage_manager.py:726:lmcache.v1.distributed.storage_manager)[0m
[32;20m[2026-09-29 17:07:03,164] LMCache INFO:[0m Stored 512 tokens in 0.001 seconds [3m(lmcache_driven_transfer.py:1276:lmcache.v1.multiprocess.modules.lmcache_driven_transfer)[0m
[32;20m[2026-09-29 17:07:03,297] LMCache INFO:[0m Stored 768 tokens in 0.001 seconds [3m(lmcache_driven_transfer.py:1276:lmcache.v1.multiprocess.modules.lmcache_driven_transfer)[0m
[32;20m[2026-09-29 17:07:03,445] LMCache INFO:[0m Stored 512 tokens in 0.001 seconds [3m(lmcache_driven_transfer.py:1276:lmcache.v1.multiprocess.modules.lmcache_driven_transfer)[0m
[32;20m[2026-09-29 17:07:03,631] LMCache INFO:[0m Stored 256 tokens in 0.002 seconds [3m(lmcache_driven_transfer.py:1276:lmcache.v1.multiprocess.modules.lmcache_driven_transfer)[0m
[32;20m[2026-09-29 17:07:03,633] LMCache INFO:[0m Stored 512 tokens in 0.001 seconds [3m(lmcache_driven_transfer.py:1276:lmcache.v1.multiprocess.modules.lmcache_driven_transfer)[0m
[32;20m[2026-09-29 17:07:03,776] LMCache INFO:[0m Stored 256 tokens in 0.002 seconds [3m(lmcache_driven_transfer.py:1276:lmcache.v1.multiprocess.modules.lmcache_driven_transfer)[0m
[32;20m[2026-09-29 17:07:03,810] LMCache INFO:[0m Stored 256 tokens in 0.001 seconds [3m(lmcache_driven_transfer.py:1276:lmcache.v1.multiprocess.modules.lmcache_driven_transfer)[0m
[32;20m[2026-09-29 17:07:03,812] LMCache INFO:[0m Stored 512 tokens in 0.001 seconds [3m(lmcache_driven_transfer.py:1276:lmcache.v1.multiprocess.modules.lmcache_driven_transfer)[0m
[32;20m[2026-09-29 17:07:04,269] LMCache INFO:[0m Stored 256 tokens in 0.003 seconds [3m(lmcache_driven_transfer.py:1276:lmcache.v1.multiprocess.modules.lmcache_driven_transfer)[0m
[32;20m[2026-09-29 17:07:04,301] LMCache INFO:[0m Stored 256 tokens in 0.001 seconds [3m(lmcache_driven_transfer.py:1276:lmcache.v1.multiprocess.modules.lmcache_driven_transfer)[0m
[32;20m[2026-09-29 17:07:04,526] LMCache INFO:[0m Stored 256 tokens in 0.001 seconds [3m(lmcache_driven_transfer.py:1276:lmcache.v1.multiprocess.modules.lmcache_driven_transfer)[0m
[32;20m[2026-09-29 17:07:04,658] LMCache INFO:[0m Stored 256 tokens in 0.001 seconds [3m(lmcache_driven_transfer.py:1276:lmcache.v1.multiprocess.modules.lmcache_driven_transfer)[0m
[32;20m[2026-09-29 17:07:04,841] LMCache INFO:[0m Stored 512 tokens in 0.001 seconds [3m(lmcache_driven_transfer.py:1276:lmcache.v1.multiprocess.modules.lmcache_driven_transfer)[0m
[32;20m[2026-09-29 17:07:04,929] LMCache INFO:[0m Stored 512 tokens in 0.001 seconds [3m(lmcache_driven_transfer.py:1276:lmcache.v1.multiprocess.modules.lmcache_driven_transfer)[0m
[32;20m[2026-09-29 17:07:05,058] LMCache INFO:[0m Stored 768 tokens in 0.002 seconds [3m(lmcache_driven_transfer.py:1276:lmcache.v1.multiprocess.modules.lmcache_driven_transfer)[0m
[32;20m[2026-09-29 17:07:05,339] LMCache INFO:[0m Stored 256 tokens in 0.001 seconds [3m(lmcache_driven_transfer.py:1276:lmcache.v1.multiprocess.modules.lmcache_driven_transfer)[0m
[32;20m[2026-09-29 17:07:05,341] LMCache INFO:[0m Stored 256 tokens in 0.001 seconds [3m(lmcache_driven_transfer.py:1276:lmcache.v1.multiprocess.modules.lmcache_driven_transfer)[0m
[32;20m[2026-09-29 17:07:05,442] LMCache INFO:[0m Prefetch request completed (L1+L2): 9/9 retained keys (9 L1, 0 L2) in 2319.9 ms (external_request_id=chatcmpl-b45df73c07594398-923705d6, prefetch_request_id=-1) [3m(storage_manager.py:726:lmcache.v1.distributed.storage_manager)[0m
[32;20m[2026-09-29 17:07:05,442] LMCache INFO:[0m Prefetch request completed (L1+L2): 10/11 retained keys (10 L1, 0 L2) in 2319.1 ms (external_request_id=chatcmpl-8bc04f5c6d006d9c-946ee9c3, prefetch_request_id=-1) [3m(storage_manager.py:726:lmcache.v1.distributed.storage_manager)[0m
[32;20m[2026-09-29 17:07:05,442] LMCache INFO:[0m Prefetch request completed (L1+L2): 12/13 retained keys (12 L1, 0 L2) in 2318.9 ms (external_request_id=chatcmpl-9b6c13262ce5a074-b9c35823, prefetch_request_id=-1) [3m(storage_manager.py:726:lmcache.v1.distributed.storage_manager)[0m
[32;20m[2026-09-29 17:07:05,442] LMCache INFO:[0m Prefetch request completed (L1+L2): 10/12 retained keys (10 L1, 0 L2) in 2318.7 ms (external_request_id=chatcmpl-95ac64645a5beacd-a9b0717e, prefetch_request_id=-1) [3m(storage_manager.py:726:lmcache.v1.distributed.storage_manager)[0m
[32;20m[2026-09-29 17:07:05,442] LMCache INFO:[0m Prefetch request completed (L1+L2): 11/11 retained keys (11 L1, 0 L2) in 2318.6 ms (external_request_id=chatcmpl-ac571fb667e1d5cc-82271759, prefetch_request_id=-1) [3m(storage_manager.py:726:lmcache.v1.distributed.storage_manager)[0m
[32;20m[2026-09-29 17:07:05,605] LMCache INFO:[0m Stored 256 tokens in 0.001 seconds [3m(lmcache_driven_transfer.py:1276:lmcache.v1.multiprocess.modules.lmcache_driven_transfer)[0m
[32;20m[2026-09-29 17:07:05,674] LMCache INFO:[0m Stored 256 tokens in 0.001 seconds [3m(lmcache_driven_transfer.py:1276:lmcache.v1.multiprocess.modules.lmcache_driven_transfer)[0m
[32;20m[2026-09-29 17:07:05,708] LMCache INFO:[0m Stored 256 tokens in 0.001 seconds [3m(lmcache_driven_transfer.py:1276:lmcache.v1.multiprocess.modules.lmcache_driven_transfer)[0m
[32;20m[2026-09-29 17:07:05,709] LMCache INFO:[0m Stored 512 tokens in 0.001 seconds [3m(lmcache_driven_transfer.py:1276:lmcache.v1.multiprocess.modules.lmcache_driven_transfer)[0m
[32;20m[2026-09-29 17:07:05,871] LMCache INFO:[0m Prefetch request completed (L1+L2): 10/11 retained keys (10 L1, 0 L2) in 428.8 ms (external_request_id=chatcmpl-bc5645cef02baeae-a9bf30f4, prefetch_request_id=-1) [3m(storage_manager.py:726:lmcache.v1.distributed.storage_manager)[0m
[32;20m[2026-09-29 17:07:05,871] LMCache INFO:[0m Prefetch request completed (L1+L2): 10/11 retained keys (10 L1, 0 L2) in 428.8 ms (external_request_id=chatcmpl-a1b2b202f30c5f86-88e2ff7c, prefetch_request_id=-1) [3m(storage_manager.py:726:lmcache.v1.distributed.storage_manager)[0m
[32;20m[2026-09-29 17:07:05,872] LMCache INFO:[0m Prefetch request completed (L1+L2): 10/11 retained keys (10 L1, 0 L2) in 428.2 ms (external_request_id=chatcmpl-bf8f48a906e7af26-aceaf5d8, prefetch_request_id=-1) [3m(storage_manager.py:726:lmcache.v1.distributed.storage_manager)[0m
[32;20m[2026-09-29 17:07:05,872] LMCache INFO:[0m Prefetch request completed (L1+L2): 9/11 retained keys (9 L1, 0 L2) in 428.3 ms (external_request_id=chatcmpl-9af8db24e11bce9a-9457d1ea, prefetch_request_id=-1) [3m(storage_manager.py:726:lmcache.v1.distributed.storage_manager)[0m
[32;20m[2026-09-29 17:07:05,872] LMCache INFO:[0m Prefetch request completed (L1+L2): 9/10 retained keys (9 L1, 0 L2) in 428.0 ms (external_request_id=chatcmpl-ab7240c8c6eeec89-b34ccf81, prefetch_request_id=-1) [3m(storage_manager.py:726:lmcache.v1.distributed.storage_manager)[0m
[32;20m[2026-09-29 17:07:05,872] LMCache INFO:[0m Prefetch request completed (L1+L2): 9/11 retained keys (9 L1, 0 L2) in 427.6 ms (external_request_id=chatcmpl-b36b2d9d99735005-96a84bbe, prefetch_request_id=-1) [3m(storage_manager.py:726:lmcache.v1.distributed.storage_manager)[0m
[32;20m[2026-09-29 17:07:05,872] LMCache INFO:[0m Prefetch request completed (L1+L2): 10/12 retained keys (10 L1, 0 L2) in 427.4 ms (external_request_id=chatcmpl-8c9a5240624e8c2b-af15b118, prefetch_request_id=-1) [3m(storage_manager.py:726:lmcache.v1.distributed.storage_manager)[0m
[32;20m[2026-09-29 17:07:05,873] LMCache INFO:[0m Prefetch request completed (L1+L2): 9/10 retained keys (9 L1, 0 L2) in 427.2 ms (external_request_id=chatcmpl-a6fb44889951fdc3-baf42c4f, prefetch_request_id=-1) [3m(storage_manager.py:726:lmcache.v1.distributed.storage_manager)[0m
[32;20m[2026-09-29 17:07:05,873] LMCache INFO:[0m Prefetch request completed (L1+L2): 9/9 retained keys (9 L1, 0 L2) in 426.8 ms (external_request_id=chatcmpl-8ad44de375a46ccd-a9c919c7, prefetch_request_id=-1) [3m(storage_manager.py:726:lmcache.v1.distributed.storage_manager)[0m
[32;20m[2026-09-29 17:07:05,873] LMCache INFO:[0m Prefetch request completed (L1+L2): 9/9 retained keys (9 L1, 0 L2) in 426.5 ms (external_request_id=chatcmpl-895abb339071773c-be8d14e8, prefetch_request_id=-1) [3m(storage_manager.py:726:lmcache.v1.distributed.storage_manager)[0m
[32;20m[2026-09-29 17:07:05,873] LMCache INFO:[0m Prefetch request completed (L1+L2): 9/12 retained keys (9 L1, 0 L2) in 425.8 ms (external_request_id=chatcmpl-a0aea42b55c32349-b70d783c, prefetch_request_id=-1) [3m(storage_manager.py:726:lmcache.v1.distributed.storage_manager)[0m
[32;20m[2026-09-29 17:07:05,873] LMCache INFO:[0m Prefetch request completed (L1+L2): 9/11 retained keys (9 L1, 0 L2) in 425.8 ms (external_request_id=chatcmpl-b6940986e09a4675-84b0e2de, prefetch_request_id=-1) [3m(storage_manager.py:726:lmcache.v1.distributed.storage_manager)[0m
[32;20m[2026-09-29 17:07:05,873] LMCache INFO:[0m Prefetch request completed (L1+L2): 10/11 retained keys (10 L1, 0 L2) in 425.7 ms (external_request_id=chatcmpl-9239d4a4d4e69ac3-8e3242b8, prefetch_request_id=-1) [3m(storage_manager.py:726:lmcache.v1.distributed.storage_manager)[0m
[32;20m[2026-09-29 17:07:05,874] LMCache INFO:[0m Prefetch request completed (L1+L2): 9/9 retained keys (9 L1, 0 L2) in 425.4 ms (external_request_id=chatcmpl-be2bc206221c8315-88692444, prefetch_request_id=-1) [3m(storage_manager.py:726:lmcache.v1.distributed.storage_manager)[0m
[32;20m[2026-09-29 17:07:05,874] LMCache INFO:[0m Prefetch request completed (L1+L2): 12/14 retained keys (12 L1, 0 L2) in 425.3 ms (external_request_id=chatcmpl-bdc39a50ed3d7942-94fd4804, prefetch_request_id=-1) [3m(storage_manager.py:726:lmcache.v1.distributed.storage_manager)[0m
[32;20m[2026-09-29 17:07:05,874] LMCache INFO:[0m Prefetch request completed (L1+L2): 9/9 retained keys (9 L1, 0 L2) in 424.8 ms (external_request_id=chatcmpl-8f673725b9260518-9e0730c9, prefetch_request_id=-1) [3m(storage_manager.py:726:lmcache.v1.distributed.storage_manager)[0m
[32;20m[2026-09-29 17:07:05,874] LMCache INFO:[0m Prefetch request completed (L1+L2): 10/11 retained keys (10 L1, 0 L2) in 424.6 ms (external_request_id=chatcmpl-99bd06f75e58083a-99bec442, prefetch_request_id=-1) [3m(storage_manager.py:726:lmcache.v1.distributed.storage_manager)[0m
[32;20m[2026-09-29 17:07:05,874] LMCache INFO:[0m Prefetch request completed (L1+L2): 12/15 retained keys (12 L1, 0 L2) in 424.1 ms (external_request_id=chatcmpl-9b99217e88300f4c-8f0aa02f, prefetch_request_id=-1) [3m(storage_manager.py:726:lmcache.v1.distributed.storage_manager)[0m
[32;20m[2026-09-29 17:07:05,874] LMCache INFO:[0m Prefetch request completed (L1+L2): 10/12 retained keys (10 L1, 0 L2) in 423.9 ms (external_request_id=chatcmpl-ba38e6c946841f5e-af454f9a, prefetch_request_id=-1) [3m(storage_manager.py:726:lmcache.v1.distributed.storage_manager)[0m
[32;20m[2026-09-29 17:07:05,914] LMCache INFO:[0m Stored 256 tokens in 0.001 seconds [3m(lmcache_driven_transfer.py:1276:lmcache.v1.multiprocess.modules.lmcache_driven_transfer)[0m
[32;20m[2026-09-29 17:07:06,058] LMCache INFO:[0m L1 memory usage 0.80 above watermark 0.80; triggering eviction. [3m(eviction_controller.py:179:lmcache.v1.distributed.storage_controllers.eviction_controller)[0m
[32;20m[2026-09-29 17:07:06,075] LMCache INFO:[0m Stored 256 tokens in 0.001 seconds [3m(lmcache_driven_transfer.py:1276:lmcache.v1.multiprocess.modules.lmcache_driven_transfer)[0m
[32;20m[2026-09-29 17:07:06,185] LMCache INFO:[0m Stored 256 tokens in 0.001 seconds [3m(lmcache_driven_transfer.py:1276:lmcache.v1.multiprocess.modules.lmcache_driven_transfer)[0m
[32;20m[2026-09-29 17:07:06,239] LMCache INFO:[0m Stored 256 tokens in 0.003 seconds [3m(lmcache_driven_transfer.py:1276:lmcache.v1.multiprocess.modules.lmcache_driven_transfer)[0m
[32;20m[2026-09-29 17:07:06,268] LMCache INFO:[0m Stored 512 tokens in 0.001 seconds [3m(lmcache_driven_transfer.py:1276:lmcache.v1.multiprocess.modules.lmcache_driven_transfer)[0m
[32;20m[2026-09-29 17:07:06,370] LMCache INFO:[0m Stored 256 tokens in 0.002 seconds [3m(lmcache_driven_transfer.py:1276:lmcache.v1.multiprocess.modules.lmcache_driven_transfer)[0m
[32;20m[2026-09-29 17:07:06,402] LMCache INFO:[0m Stored 512 tokens in 0.001 seconds [3m(lmcache_driven_transfer.py:1276:lmcache.v1.multiprocess.modules.lmcache_driven_transfer)[0m
[32;20m[2026-09-29 17:07:06,565] LMCache INFO:[0m Stored 512 tokens in 0.001 seconds [3m(lmcache_driven_transfer.py:1276:lmcache.v1.multiprocess.modules.lmcache_driven_transfer)[0m
[32;20m[2026-09-29 17:07:06,767] LMCache INFO:[0m Stored 256 tokens in 0.001 seconds [3m(lmcache_driven_transfer.py:1276:lmcache.v1.multiprocess.modules.lmcache_driven_transfer)[0m
[32;20m[2026-09-29 17:07:07,083] LMCache INFO:[0m Stored 768 tokens in 0.002 seconds [3m(lmcache_driven_transfer.py:1276:lmcache.v1.multiprocess.modules.lmcache_driven_transfer)[0m
[32;20m[2026-09-29 17:07:07,289] LMCache INFO:[0m Stored 512 tokens in 0.001 seconds [3m(lmcache_driven_transfer.py:1276:lmcache.v1.multiprocess.modules.lmcache_driven_transfer)[0m
[32;20m[2026-09-29 17:07:07,413] LMCache INFO:[0m Stored 256 tokens in 0.002 seconds [3m(lmcache_driven_transfer.py:1276:lmcache.v1.multiprocess.modules.lmcache_driven_transfer)[0m
[32;20m[2026-09-29 17:07:07,569] LMCache INFO:[0m Stored 512 tokens in 0.001 seconds [3m(lmcache_driven_transfer.py:1276:lmcache.v1.multiprocess.modules.lmcache_driven_transfer)[0m
[32;20m[2026-09-29 17:07:07,651] LMCache INFO:[0m Stored 256 tokens in 0.001 seconds [3m(lmcache_driven_transfer.py:1276:lmcache.v1.multiprocess.modules.lmcache_driven_transfer)[0m
[32;20m[2026-09-29 17:07:07,769] LMCache INFO:[0m Stored 256 tokens in 0.001 seconds [3m(lmcache_driven_transfer.py:1276:lmcache.v1.multiprocess.modules.lmcache_driven_transfer)[0m
[32;20m[2026-09-29 17:07:07,916] LMCache INFO:[0m Stored 768 tokens in 0.001 seconds [3m(lmcache_driven_transfer.py:1276:lmcache.v1.multiprocess.modules.lmcache_driven_transfer)[0m
[32;20m[2026-09-29 17:07:08,087] LMCache INFO:[0m Stored 512 tokens in 0.001 seconds [3m(lmcache_driven_transfer.py:1276:lmcache.v1.multiprocess.modules.lmcache_driven_transfer)[0m
[32;20m[2026-09-29 17:07:08,224] LMCache INFO:[0m Prefetch request completed (L1+L2): 11/13 retained keys (11 L1, 0 L2) in 2349.5 ms (external_request_id=chatcmpl-862231aa165cb96b-9a480f4b, prefetch_request_id=-1) [3m(storage_manager.py:726:lmcache.v1.distributed.storage_manager)[0m
[32;20m[2026-09-29 17:07:08,225] LMCache INFO:[0m Prefetch request completed (L1+L2): 10/11 retained keys (10 L1, 0 L2) in 2349.3 ms (external_request_id=chatcmpl-bbf485f53fcee63d-8de9e9ca, prefetch_request_id=-1) [3m(storage_manager.py:726:lmcache.v1.distributed.storage_manager)[0m
[32;20m[2026-09-29 17:07:08,225] LMCache INFO:[0m Prefetch request completed (L1+L2): 10/11 retained keys (10 L1, 0 L2) in 2348.9 ms (external_request_id=chatcmpl-9d2a677dc9b5bc97-b4a8f4f1, prefetch_request_id=-1) [3m(storage_manager.py:726:lmcache.v1.distributed.storage_manager)[0m
[32;20m[2026-09-29 17:07:08,225] LMCache INFO:[0m Prefetch request completed (L1+L2): 10/13 retained keys (10 L1, 0 L2) in 2348.8 ms (external_request_id=chatcmpl-88085a40225300d2-81351dba, prefetch_request_id=-1) [3m(storage_manager.py:726:lmcache.v1.distributed.storage_manager)[0m
[32;20m[2026-09-29 17:07:08,225] LMCache INFO:[0m Prefetch request completed (L1+L2): 9/12 retained keys (9 L1, 0 L2) in 2348.7 ms (external_request_id=chatcmpl-b3efd9d0228b9358-97a6003e, prefetch_request_id=-1) [3m(storage_manager.py:726:lmcache.v1.distributed.storage_manager)[0m
[32;20m[2026-09-29 17:07:08,276] LMCache INFO:[0m Stored 512 tokens in 0.001 seconds [3m(lmcache_driven_transfer.py:1276:lmcache.v1.multiprocess.modules.lmcache_driven_transfer)[0m
[32;20m[2026-09-29 17:07:08,277] LMCache INFO:[0m Stored 256 tokens in 0.001 seconds [3m(lmcache_driven_transfer.py:1276:lmcache.v1.multiprocess.modules.lmcache_driven_transfer)[0m
[32;20m[2026-09-29 17:07:08,721] LMCache INFO:[0m Stored 256 tokens in 0.001 seconds [3m(lmcache_driven_transfer.py:1276:lmcache.v1.multiprocess.modules.lmcache_driven_transfer)[0m
[32;20m[2026-09-29 17:07:08,723] LMCache INFO:[0m Stored 768 tokens in 0.001 seconds [3m(lmcache_driven_transfer.py:1276:lmcache.v1.multiprocess.modules.lmcache_driven_transfer)[0m
[32;20m[2026-09-29 17:07:08,903] LMCache INFO:[0m Stored 768 tokens in 0.001 seconds [3m(lmcache_driven_transfer.py:1276:lmcache.v1.multiprocess.modules.lmcache_driven_transfer)[0m
[32;20m[2026-09-29 17:07:08,999] LMCache INFO:[0m Prefetch request completed (L1+L2): 9/10 retained keys (9 L1, 0 L2) in 772.5 ms (external_request_id=chatcmpl-980868fbe36707ac-bdc16246, prefetch_request_id=-1) [3m(storage_manager.py:726:lmcache.v1.distributed.storage_manager)[0m
[32;20m[2026-09-29 17:07:09,049] LMCache INFO:[0m Stored 256 tokens in 0.001 seconds [3m(lmcache_driven_transfer.py:1276:lmcache.v1.multiprocess.modules.lmcache_driven_transfer)[0m
[33;20m[2026-09-29 17:07:11,117] LMCache WARNING:[0m Session chatcmpl-84856878e1533172-ba917d98 has no lookup ipc key, skipping touch [3m(lookup.py:534:lmcache.v1.multiprocess.modules.lookup)[0m
[32;20m[2026-09-29 17:07:11,185] LMCache INFO:[0m Stored 11008 tokens in 0.006 seconds [3m(lmcache_driven_transfer.py:1276:lmcache.v1.multiprocess.modules.lmcache_driven_transfer)[0m
[32;20m[2026-09-29 17:07:12,455] LMCache INFO:[0m Stored 11008 tokens in 0.005 seconds [3m(lmcache_driven_transfer.py:1276:lmcache.v1.multiprocess.modules.lmcache_driven_transfer)[0m
[32;20m[2026-09-29 17:07:13,061] LMCache INFO:[0m L1 memory usage 0.82 above watermark 0.80; triggering eviction. [3m(eviction_controller.py:179:lmcache.v1.distributed.storage_controllers.eviction_controller)[0m
[32;20m[2026-09-29 17:07:13,719] LMCache INFO:[0m Stored 11008 tokens in 0.005 seconds [3m(lmcache_driven_transfer.py:1276:lmcache.v1.multiprocess.modules.lmcache_driven_transfer)[0m
[32;20m[2026-09-29 17:07:14,979] LMCache INFO:[0m Stored 9728 tokens in 0.005 seconds [3m(lmcache_driven_transfer.py:1276:lmcache.v1.multiprocess.modules.lmcache_driven_transfer)[0m
[32;20m[2026-09-29 17:07:16,163] LMCache INFO:[0m Stored 9984 tokens in 0.005 seconds [3m(lmcache_driven_transfer.py:1276:lmcache.v1.multiprocess.modules.lmcache_driven_transfer)[0m
[32;20m[2026-09-29 17:07:17,064] LMCache INFO:[0m L1 memory usage 0.84 above watermark 0.80; triggering eviction. [3m(eviction_controller.py:179:lmcache.v1.distributed.storage_controllers.eviction_controller)[0m
INFO:     172.26.132.42:42827 - "GET /metrics HTTP/1.1" 200 OK
[32;20m[2026-09-29 17:07:18,426] LMCache INFO:[0m Stored 1280 tokens in 0.003 seconds [3m(lmcache_driven_transfer.py:1276:lmcache.v1.multiprocess.modules.lmcache_driven_transfer)[0m
[32;20m[2026-09-29 17:07:18,456] LMCache INFO:[0m Stored 1280 tokens in 0.002 seconds [3m(lmcache_driven_transfer.py:1276:lmcache.v1.multiprocess.modules.lmcache_driven_transfer)[0m
[32;20m[2026-09-29 17:07:18,573] LMCache INFO:[0m Stored 1280 tokens in 0.002 seconds [3m(lmcache_driven_transfer.py:1276:lmcache.v1.multiprocess.modules.lmcache_driven_transfer)[0m
[32;20m[2026-09-29 17:07:18,690] LMCache INFO:[0m Stored 1280 tokens in 0.002 seconds [3m(lmcache_driven_transfer.py:1276:lmcache.v1.multiprocess.modules.lmcache_driven_transfer)[0m
[32;20m[2026-09-29 17:07:18,692] LMCache INFO:[0m Stored 1024 tokens in 0.001 seconds [3m(lmcache_driven_transfer.py:1276:lmcache.v1.multiprocess.modules.lmcache_driven_transfer)[0m
[32;20m[2026-09-29 17:07:18,839] LMCache INFO:[0m Stored 1280 tokens in 0.001 seconds [3m(lmcache_driven_transfer.py:1276:lmcache.v1.multiprocess.modules.lmcache_driven_transfer)[0m
[32;20m[2026-09-29 17:07:18,840] LMCache INFO:[0m Stored 768 tokens in 0.001 seconds [3m(lmcache_driven_transfer.py:1276:lmcache.v1.multiprocess.modules.lmcache_driven_transfer)[0m
[32;20m[2026-09-29 17:07:18,841] LMCache INFO:[0m Stored 256 tokens in 0.001 seconds [3m(lmcache_driven_transfer.py:1276:lmcache.v1.multiprocess.modules.lmcache_driven_transfer)[0m
[32;20m[2026-09-29 17:07:19,021] LMCache INFO:[0m Stored 1536 tokens in 0.002 seconds [3m(lmcache_driven_transfer.py:1276:lmcache.v1.multiprocess.modules.lmcache_driven_transfer)[0m
[32;20m[2026-09-29 17:07:19,022] LMCache INFO:[0m Stored 256 tokens in 0.001 seconds [3m(lmcache_driven_transfer.py:1276:lmcache.v1.multiprocess.modules.lmcache_driven_transfer)[0m
[32;20m[2026-09-29 17:07:21,085] LMCache INFO:[0m Stored 256 tokens in 0.002 seconds [3m(lmcache_driven_transfer.py:1276:lmcache.v1.multiprocess.modules.lmcache_driven_transfer)[0m
[32;20m[2026-09-29 17:07:21,594] LMCache INFO:[0m Stored 256 tokens in 0.001 seconds [3m(lmcache_driven_transfer.py:1276:lmcache.v1.multiprocess.modules.lmcache_driven_transfer)[0m
[32;20m[2026-09-29 17:07:21,668] LMCache INFO:[0m Stored 256 tokens in 0.001 seconds [3m(lmcache_driven_transfer.py:1276:lmcache.v1.multiprocess.modules.lmcache_driven_transfer)[0m
[32;20m[2026-09-29 17:07:21,960] LMCache INFO:[0m Stored 256 tokens in 0.001 seconds [3m(lmcache_driven_transfer.py:1276:lmcache.v1.multiprocess.modules.lmcache_driven_transfer)[0m
[32;20m[2026-09-29 17:07:22,270] LMCache INFO:[0m Stored 256 tokens in 0.001 seconds [3m(lmcache_driven_transfer.py:1276:lmcache.v1.multiprocess.modules.lmcache_driven_transfer)[0m
[32;20m[2026-09-29 17:07:22,327] LMCache INFO:[0m Stored 256 tokens in 0.001 seconds [3m(lmcache_driven_transfer.py:1276:lmcache.v1.multiprocess.modules.lmcache_driven_transfer)[0m
[32;20m[2026-09-29 17:07:23,038] LMCache INFO:[0m Stored 256 tokens in 0.001 seconds [3m(lmcache_driven_transfer.py:1276:lmcache.v1.multiprocess.modules.lmcache_driven_transfer)[0m
[32;20m[2026-09-29 17:07:23,585] LMCache INFO:[0m Stored 256 tokens in 0.001 seconds [3m(lmcache_driven_transfer.py:1276:lmcache.v1.multiprocess.modules.lmcache_driven_transfer)[0m
[32;20m[2026-09-29 17:07:25,154] LMCache INFO:[0m Stored 3840 tokens in 0.003 seconds [3m(lmcache_driven_transfer.py:1276:lmcache.v1.multiprocess.modules.lmcache_driven_transfer)[0m
[32;20m[2026-09-29 17:07:27,046] LMCache INFO:[0m Stored 7680 tokens in 0.004 seconds [3m(lmcache_driven_transfer.py:1276:lmcache.v1.multiprocess.modules.lmcache_driven_transfer)[0m
[32;20m[2026-09-29 17:07:27,067] LMCache INFO:[0m L1 memory usage 0.82 above watermark 0.80; triggering eviction. [3m(eviction_controller.py:179:lmcache.v1.distributed.storage_controllers.eviction_controller)[0m
[32;20m[2026-09-29 17:07:27,949] LMCache INFO:[0m Prefetch request completed (L1+L2): 30/30 retained keys (30 L1, 0 L2) in 1.5 ms (external_request_id=chatcmpl-8a97eab0c7570cb3-8537484e, prefetch_request_id=-1) [3m(storage_manager.py:726:lmcache.v1.distributed.storage_manager)[0m
[32;20m[2026-09-29 17:07:28,361] LMCache INFO:[0m Stored 10496 tokens in 0.005 seconds [3m(lmcache_driven_transfer.py:1276:lmcache.v1.multiprocess.modules.lmcache_driven_transfer)[0m
[32;20m[2026-09-29 17:07:29,221] LMCache INFO:[0m Stored 9984 tokens in 0.006 seconds [3m(lmcache_driven_transfer.py:1276:lmcache.v1.multiprocess.modules.lmcache_driven_transfer)[0m
[32;20m[2026-09-29 17:07:30,089] LMCache INFO:[0m Stored 10752 tokens in 0.006 seconds [3m(lmcache_driven_transfer.py:1276:lmcache.v1.multiprocess.modules.lmcache_driven_transfer)[0m
[32;20m[2026-09-29 17:07:31,004] LMCache INFO:[0m Stored 10752 tokens in 0.006 seconds [3m(lmcache_driven_transfer.py:1276:lmcache.v1.multiprocess.modules.lmcache_driven_transfer)[0m
[32;20m[2026-09-29 17:07:31,069] LMCache INFO:[0m L1 memory usage 0.90 above watermark 0.80; triggering eviction. [3m(eviction_controller.py:179:lmcache.v1.distributed.storage_controllers.eviction_controller)[0m
[32;20m[2026-09-29 17:07:31,921] LMCache INFO:[0m Stored 11520 tokens in 0.006 seconds [3m(lmcache_driven_transfer.py:1276:lmcache.v1.multiprocess.modules.lmcache_driven_transfer)[0m
[32;20m[2026-09-29 17:07:32,071] LMCache INFO:[0m L1 memory usage 0.81 above watermark 0.80; triggering eviction. [3m(eviction_controller.py:179:lmcache.v1.distributed.storage_controllers.eviction_controller)[0m
INFO:     172.26.132.42:4541 - "GET /metrics HTTP/1.1" 200 OK
[32;20m[2026-09-29 17:07:32,919] LMCache INFO:[0m Stored 9984 tokens in 0.005 seconds [3m(lmcache_driven_transfer.py:1276:lmcache.v1.multiprocess.modules.lmcache_driven_transfer)[0m
[32;20m[2026-09-29 17:07:33,787] LMCache INFO:[0m Stored 10496 tokens in 0.007 seconds [3m(lmcache_driven_transfer.py:1276:lmcache.v1.multiprocess.modules.lmcache_driven_transfer)[0m
[32;20m[2026-09-29 17:07:34,671] LMCache INFO:[0m Stored 11520 tokens in 0.006 seconds [3m(lmcache_driven_transfer.py:1276:lmcache.v1.multiprocess.modules.lmcache_driven_transfer)[0m
[32;20m[2026-09-29 17:07:35,073] LMCache INFO:[0m L1 memory usage 0.84 above watermark 0.80; triggering eviction. [3m(eviction_controller.py:179:lmcache.v1.distributed.storage_controllers.eviction_controller)[0m
[32;20m[2026-09-29 17:07:35,666] LMCache INFO:[0m Stored 9984 tokens in 0.005 seconds [3m(lmcache_driven_transfer.py:1276:lmcache.v1.multiprocess.modules.lmcache_driven_transfer)[0m
[32;20m[2026-09-29 17:07:36,683] LMCache INFO:[0m Stored 10496 tokens in 0.160 seconds [3m(lmcache_driven_transfer.py:1276:lmcache.v1.multiprocess.modules.lmcache_driven_transfer)[0m
[32;20m[2026-09-29 17:07:37,414] LMCache INFO:[0m Stored 9984 tokens in 0.005 seconds [3m(lmcache_driven_transfer.py:1276:lmcache.v1.multiprocess.modules.lmcache_driven_transfer)[0m
[32;20m[2026-09-29 17:07:38,075] LMCache INFO:[0m L1 memory usage 0.86 above watermark 0.80; triggering eviction. [3m(eviction_controller.py:179:lmcache.v1.distributed.storage_controllers.eviction_controller)[0m
[32;20m[2026-09-29 17:07:38,272] LMCache INFO:[0m Stored 9472 tokens in 0.005 seconds [3m(lmcache_driven_transfer.py:1276:lmcache.v1.multiprocess.modules.lmcache_driven_transfer)[0m
[32;20m[2026-09-29 17:07:39,077] LMCache INFO:[0m L1 memory usage 0.80 above watermark 0.80; triggering eviction. [3m(eviction_controller.py:179:lmcache.v1.distributed.storage_controllers.eviction_controller)[0m
[32;20m[2026-09-29 17:07:39,079] LMCache INFO:[0m Stored 9728 tokens in 0.005 seconds [3m(lmcache_driven_transfer.py:1276:lmcache.v1.multiprocess.modules.lmcache_driven_transfer)[0m
[32;20m[2026-09-29 17:07:39,930] LMCache INFO:[0m Stored 9728 tokens in 0.005 seconds [3m(lmcache_driven_transfer.py:1276:lmcache.v1.multiprocess.modules.lmcache_driven_transfer)[0m
[32;20m[2026-09-29 17:07:40,769] LMCache INFO:[0m Stored 11008 tokens in 0.006 seconds [3m(lmcache_driven_transfer.py:1276:lmcache.v1.multiprocess.modules.lmcache_driven_transfer)[0m
[32;20m[2026-09-29 17:07:41,708] LMCache INFO:[0m Stored 10496 tokens in 0.005 seconds [3m(lmcache_driven_transfer.py:1276:lmcache.v1.multiprocess.modules.lmcache_driven_transfer)[0m
[32;20m[2026-09-29 17:07:42,079] LMCache INFO:[0m L1 memory usage 0.84 above watermark 0.80; triggering eviction. [3m(eviction_controller.py:179:lmcache.v1.distributed.storage_controllers.eviction_controller)[0m
[32;20m[2026-09-29 17:07:42,602] LMCache INFO:[0m Stored 10752 tokens in 0.005 seconds [3m(lmcache_driven_transfer.py:1276:lmcache.v1.multiprocess.modules.lmcache_driven_transfer)[0m
[32;20m[2026-09-29 17:07:43,530] LMCache INFO:[0m Stored 10752 tokens in 0.006 seconds [3m(lmcache_driven_transfer.py:1276:lmcache.v1.multiprocess.modules.lmcache_driven_transfer)[0m
[32;20m[2026-09-29 17:07:44,080] LMCache INFO:[0m L1 memory usage 0.80 above watermark 0.80; triggering eviction. [3m(eviction_controller.py:179:lmcache.v1.distributed.storage_controllers.eviction_controller)[0m
[32;20m[2026-09-29 17:07:44,453] LMCache INFO:[0m Stored 10240 tokens in 0.005 seconds [3m(lmcache_driven_transfer.py:1276:lmcache.v1.multiprocess.modules.lmcache_driven_transfer)[0m
[32;20m[2026-09-29 17:07:45,341] LMCache INFO:[0m Stored 9472 tokens in 0.005 seconds [3m(lmcache_driven_transfer.py:1276:lmcache.v1.multiprocess.modules.lmcache_driven_transfer)[0m
[32;20m[2026-09-29 17:07:46,152] LMCache INFO:[0m Stored 9728 tokens in 0.005 seconds [3m(lmcache_driven_transfer.py:1276:lmcache.v1.multiprocess.modules.lmcache_driven_transfer)[0m
[32;20m[2026-09-29 17:07:47,002] LMCache INFO:[0m Stored 9472 tokens in 0.005 seconds [3m(lmcache_driven_transfer.py:1276:lmcache.v1.multiprocess.modules.lmcache_driven_transfer)[0m
[32;20m[2026-09-29 17:07:47,082] LMCache INFO:[0m L1 memory usage 0.87 above watermark 0.80; triggering eviction. [3m(eviction_controller.py:179:lmcache.v1.distributed.storage_controllers.eviction_controller)[0m
INFO:     172.26.132.42:15543 - "GET /metrics HTTP/1.1" 200 OK
[32;20m[2026-09-29 17:07:47,814] LMCache INFO:[0m Stored 9216 tokens in 0.005 seconds [3m(lmcache_driven_transfer.py:1276:lmcache.v1.multiprocess.modules.lmcache_driven_transfer)[0m
[32;20m[2026-09-29 17:07:48,597] LMCache INFO:[0m Stored 9984 tokens in 0.005 seconds [3m(lmcache_driven_transfer.py:1276:lmcache.v1.multiprocess.modules.lmcache_driven_transfer)[0m
[32;20m[2026-09-29 17:07:49,084] LMCache INFO:[0m L1 memory usage 0.83 above watermark 0.80; triggering eviction. [3m(eviction_controller.py:179:lmcache.v1.distributed.storage_controllers.eviction_controller)[0m
[32;20m[2026-09-29 17:07:49,454] LMCache INFO:[0m Stored 11008 tokens in 0.005 seconds [3m(lmcache_driven_transfer.py:1276:lmcache.v1.multiprocess.modules.lmcache_driven_transfer)[0m
[32;20m[2026-09-29 17:07:50,390] LMCache INFO:[0m Stored 10240 tokens in 0.006 seconds [3m(lmcache_driven_transfer.py:1276:lmcache.v1.multiprocess.modules.lmcache_driven_transfer)[0m
[32;20m[2026-09-29 17:07:51,279] LMCache INFO:[0m Stored 9984 tokens in 0.005 seconds [3m(lmcache_driven_transfer.py:1276:lmcache.v1.multiprocess.modules.lmcache_driven_transfer)[0m
[32;20m[2026-09-29 17:07:52,086] LMCache INFO:[0m L1 memory usage 0.85 above watermark 0.80; triggering eviction. [3m(eviction_controller.py:179:lmcache.v1.distributed.storage_controllers.eviction_controller)[0m
[32;20m[2026-09-29 17:07:52,133] LMCache INFO:[0m Stored 11264 tokens in 0.006 seconds [3m(lmcache_driven_transfer.py:1276:lmcache.v1.multiprocess.modules.lmcache_driven_transfer)[0m
[32;20m[2026-09-29 17:07:53,105] LMCache INFO:[0m Stored 10496 tokens in 0.007 seconds [3m(lmcache_driven_transfer.py:1276:lmcache.v1.multiprocess.modules.lmcache_driven_transfer)[0m
[32;20m[2026-09-29 17:07:53,993] LMCache INFO:[0m Stored 10240 tokens in 0.005 seconds [3m(lmcache_driven_transfer.py:1276:lmcache.v1.multiprocess.modules.lmcache_driven_transfer)[0m
[32;20m[2026-09-29 17:07:54,089] LMCache INFO:[0m L1 memory usage 0.87 above watermark 0.80; triggering eviction. [3m(eviction_controller.py:179:lmcache.v1.distributed.storage_controllers.eviction_controller)[0m
[32;20m[2026-09-29 17:07:54,870] LMCache INFO:[0m Stored 9728 tokens in 0.005 seconds [3m(lmcache_driven_transfer.py:1276:lmcache.v1.multiprocess.modules.lmcache_driven_transfer)[0m
[32;20m[2026-09-29 17:07:55,717] LMCache INFO:[0m Stored 10496 tokens in 0.006 seconds [3m(lmcache_driven_transfer.py:1276:lmcache.v1.multiprocess.modules.lmcache_driven_transfer)[0m
[32;20m[2026-09-29 17:07:56,091] LMCache INFO:[0m L1 memory usage 0.83 above watermark 0.80; triggering eviction. [3m(eviction_controller.py:179:lmcache.v1.distributed.storage_controllers.eviction_controller)[0m
[32;20m[2026-09-29 17:07:56,604] LMCache INFO:[0m Stored 11008 tokens in 0.005 seconds [3m(lmcache_driven_transfer.py:1276:lmcache.v1.multiprocess.modules.lmcache_driven_transfer)[0m
[32;20m[2026-09-29 17:07:57,544] LMCache INFO:[0m Stored 11264 tokens in 0.006 seconds [3m(lmcache_driven_transfer.py:1276:lmcache.v1.multiprocess.modules.lmcache_driven_transfer)[0m
[32;20m[2026-09-29 17:07:58,093] LMCache INFO:[0m L1 memory usage 0.80 above watermark 0.80; triggering eviction. [3m(eviction_controller.py:179:lmcache.v1.distributed.storage_controllers.eviction_controller)[0m
[32;20m[2026-09-29 17:07:58,516] LMCache INFO:[0m Stored 11264 tokens in 0.005 seconds [3m(lmcache_driven_transfer.py:1276:lmcache.v1.multiprocess.modules.lmcache_driven_transfer)[0m
[32;20m[2026-09-29 17:07:59,488] LMCache INFO:[0m Stored 9984 tokens in 0.005 seconds [3m(lmcache_driven_transfer.py:1276:lmcache.v1.multiprocess.modules.lmcache_driven_transfer)[0m
[32;20m[2026-09-29 17:08:00,354] LMCache INFO:[0m Stored 10496 tokens in 0.005 seconds [3m(lmcache_driven_transfer.py:1276:lmcache.v1.multiprocess.modules.lmcache_driven_transfer)[0m
[32;20m[2026-09-29 17:08:01,095] LMCache INFO:[0m L1 memory usage 0.83 above watermark 0.80; triggering eviction. [3m(eviction_controller.py:179:lmcache.v1.distributed.storage_controllers.eviction_controller)[0m
[32;20m[2026-09-29 17:08:01,249] LMCache INFO:[0m Stored 10496 tokens in 0.006 seconds [3m(lmcache_driven_transfer.py:1276:lmcache.v1.multiprocess.modules.lmcache_driven_transfer)[0m
[32;20m[2026-09-29 17:08:02,140] LMCache INFO:[0m Stored 11008 tokens in 0.006 seconds [3m(lmcache_driven_transfer.py:1276:lmcache.v1.multiprocess.modules.lmcache_driven_transfer)[0m
INFO:     172.26.132.42:24238 - "GET /metrics HTTP/1.1" 200 OK
[32;20m[2026-09-29 17:08:03,085] LMCache INFO:[0m Stored 10752 tokens in 0.005 seconds [3m(lmcache_driven_transfer.py:1276:lmcache.v1.multiprocess.modules.lmcache_driven_transfer)[0m
[32;20m[2026-09-29 17:08:03,097] LMCache INFO:[0m L1 memory usage 0.86 above watermark 0.80; triggering eviction. [3m(eviction_controller.py:179:lmcache.v1.distributed.storage_controllers.eviction_controller)[0m
[32;20m[2026-09-29 17:08:03,999] LMCache INFO:[0m Stored 7680 tokens in 0.004 seconds [3m(lmcache_driven_transfer.py:1276:lmcache.v1.multiprocess.modules.lmcache_driven_transfer)[0m
INFO:     172.26.132.42:3836 - "GET /metrics HTTP/1.1" 200 OK
[32;20m[2026-09-29 17:08:17,942] LMCache INFO:[0m Cleaned up 2 expired sessions [3m(session.py:335:lmcache.v1.multiprocess.session)[0m
INFO:     172.26.132.42:28603 - "GET /metrics HTTP/1.1" 200 OK
INFO:     172.26.132.42:59521 - "GET /metrics HTTP/1.1" 200 OK
INFO:     172.26.132.42:21597 - "GET /metrics HTTP/1.1" 200 OK
INFO:     172.26.132.42:62485 - "GET /metrics HTTP/1.1" 200 OK
INFO:     172.26.132.42:65315 - "GET /metrics HTTP/1.1" 200 OK
INFO:     172.26.132.42:55622 - "GET /metrics HTTP/1.1" 200 OK
INFO:     172.26.132.42:38689 - "GET /metrics HTTP/1.1" 200 OK
INFO:     172.26.132.42:8921 - "GET /metrics HTTP/1.1" 200 OK
[32;20m[2026-09-29 17:10:28,835] LMCache INFO:[0m Stored 8448 tokens in 0.005 seconds [3m(lmcache_driven_transfer.py:1276:lmcache.v1.multiprocess.modules.lmcache_driven_transfer)[0m
[32;20m[2026-09-29 17:10:29,120] LMCache INFO:[0m L1 memory usage 0.80 above watermark 0.80; triggering eviction. [3m(eviction_controller.py:179:lmcache.v1.distributed.storage_controllers.eviction_controller)[0m
[32;20m[2026-09-29 17:10:31,510] LMCache INFO:[0m Prefetch request completed (L1+L2): 33/33 retained keys (33 L1, 0 L2) in 1.8 ms (external_request_id=chatcmpl-b7dda72502598bb4-bbe1ee5e, prefetch_request_id=-1) [3m(storage_manager.py:726:lmcache.v1.distributed.storage_manager)[0m
[32;20m[2026-09-29 17:10:31,515] LMCache INFO:[0m Retrieved 8448 tokens in 0.003 seconds [3m(lmcache_driven_transfer.py:1520:lmcache.v1.multiprocess.modules.lmcache_driven_transfer)[0m
[32;20m[2026-09-29 17:10:31,904] LMCache INFO:[0m Prefetch request completed (L1+L2): 33/33 retained keys (33 L1, 0 L2) in 1.5 ms (external_request_id=chatcmpl-a6c4f98c125e6b20-8e9a110b, prefetch_request_id=-1) [3m(storage_manager.py:726:lmcache.v1.distributed.storage_manager)[0m
INFO:     172.26.132.42:64514 - "GET /metrics HTTP/1.1" 200 OK
INFO:     172.26.132.42:18950 - "GET /metrics HTTP/1.1" 200 OK
[32;20m[2026-09-29 17:10:57,113] LMCache INFO:[0m Stored 8448 tokens in 0.005 seconds [3m(lmcache_driven_transfer.py:1276:lmcache.v1.multiprocess.modules.lmcache_driven_transfer)[0m
[32;20m[2026-09-29 17:10:58,690] LMCache INFO:[0m Prefetch request completed (L1+L2): 33/33 retained keys (33 L1, 0 L2) in 1.8 ms (external_request_id=chatcmpl-93379cbdc6d33d0f-a30fe348, prefetch_request_id=-1) [3m(storage_manager.py:726:lmcache.v1.distributed.storage_manager)[0m
[32;20m[2026-09-29 17:11:00,106] LMCache INFO:[0m Stored 8448 tokens in 0.005 seconds [3m(lmcache_driven_transfer.py:1276:lmcache.v1.multiprocess.modules.lmcache_driven_transfer)[0m
[32;20m[2026-09-29 17:11:01,678] LMCache INFO:[0m Prefetch request completed (L1+L2): 33/33 retained keys (33 L1, 0 L2) in 1.8 ms (external_request_id=chatcmpl-9e2233858f4d457e-98f47aef, prefetch_request_id=-1) [3m(storage_manager.py:726:lmcache.v1.distributed.storage_manager)[0m
INFO:     172.26.132.42:39771 - "GET /metrics HTTP/1.1" 200 OK
[32;20m[2026-09-29 17:11:02,971] LMCache INFO:[0m Stored 8448 tokens in 0.005 seconds [3m(lmcache_driven_transfer.py:1276:lmcache.v1.multiprocess.modules.lmcache_driven_transfer)[0m
[32;20m[2026-09-29 17:11:03,848] LMCache INFO:[0m Prefetch request completed (L1+L2): 33/33 retained keys (33 L1, 0 L2) in 2.0 ms (external_request_id=chatcmpl-92dc489294207ae3-a5116586, prefetch_request_id=-1) [3m(storage_manager.py:726:lmcache.v1.distributed.storage_manager)[0m
[32;20m[2026-09-29 17:11:03,853] LMCache INFO:[0m Retrieved 8448 tokens in 0.003 seconds [3m(lmcache_driven_transfer.py:1520:lmcache.v1.multiprocess.modules.lmcache_driven_transfer)[0m
[32;20m[2026-09-29 17:11:04,241] LMCache INFO:[0m Prefetch request completed (L1+L2): 33/33 retained keys (33 L1, 0 L2) in 2.3 ms (external_request_id=chatcmpl-975e11d83450f6a7-adb1677d, prefetch_request_id=-1) [3m(storage_manager.py:726:lmcache.v1.distributed.storage_manager)[0m
[32;20m[2026-09-29 17:11:05,638] LMCache INFO:[0m Stored 8448 tokens in 0.005 seconds [3m(lmcache_driven_transfer.py:1276:lmcache.v1.multiprocess.modules.lmcache_driven_transfer)[0m
[32;20m[2026-09-29 17:11:06,127] LMCache INFO:[0m L1 memory usage 0.84 above watermark 0.80; triggering eviction. [3m(eviction_controller.py:179:lmcache.v1.distributed.storage_controllers.eviction_controller)[0m
[32;20m[2026-09-29 17:11:06,809] LMCache INFO:[0m Prefetch request completed (L1+L2): 33/33 retained keys (33 L1, 0 L2) in 0.7 ms (external_request_id=chatcmpl-b6022ef522301d52-95f4ce14, prefetch_request_id=-1) [3m(storage_manager.py:726:lmcache.v1.distributed.storage_manager)[0m
[32;20m[2026-09-29 17:11:06,815] LMCache INFO:[0m Retrieved 8448 tokens in 0.003 seconds [3m(lmcache_driven_transfer.py:1520:lmcache.v1.multiprocess.modules.lmcache_driven_transfer)[0m
[32;20m[2026-09-29 17:11:07,203] LMCache INFO:[0m Prefetch request completed (L1+L2): 33/33 retained keys (33 L1, 0 L2) in 1.5 ms (external_request_id=chatcmpl-b9b9c0a9d4890989-934ba000, prefetch_request_id=-1) [3m(storage_manager.py:726:lmcache.v1.distributed.storage_manager)[0m
INFO:     172.26.132.42:21051 - "GET /metrics HTTP/1.1" 200 OK
INFO:     172.26.132.42:24644 - "GET /metrics HTTP/1.1" 200 OK
INFO:     172.26.132.42:43798 - "GET /metrics HTTP/1.1" 200 OK
INFO:     172.26.132.42:4830 - "GET /metrics HTTP/1.1" 200 OK
INFO:     172.26.132.42:37293 - "GET /metrics HTTP/1.1" 200 OK
INFO:     172.26.132.42:28070 - "GET /metrics HTTP/1.1" 200 OK
INFO:     172.26.132.42:63270 - "GET /metrics HTTP/1.1" 200 OK
INFO:     172.26.132.42:59972 - "GET /metrics HTTP/1.1" 200 OK
[32;20m[2026-09-29 17:13:09,109] LMCache INFO:[0m Stored 7936 tokens in 0.004 seconds [3m(lmcache_driven_transfer.py:1276:lmcache.v1.multiprocess.modules.lmcache_driven_transfer)[0m
INFO:     172.26.132.42:37573 - "GET /metrics HTTP/1.1" 200 OK
[32;20m[2026-09-29 17:13:17,822] LMCache INFO:[0m Prefetch request completed (L1+L2): 30/30 retained keys (30 L1, 0 L2) in 2.0 ms (external_request_id=chatcmpl-94a7ced9e6211865-b0e409ae, prefetch_request_id=-1) [3m(storage_manager.py:726:lmcache.v1.distributed.storage_manager)[0m
[32;20m[2026-09-29 17:13:17,963] LMCache INFO:[0m Prefetch request completed (L1+L2): 30/30 retained keys (30 L1, 0 L2) in 1.9 ms (external_request_id=chatcmpl-b05d84dfa1141ece-8211ef6d, prefetch_request_id=-1) [3m(storage_manager.py:726:lmcache.v1.distributed.storage_manager)[0m
INFO:     172.26.132.42:34853 - "GET /metrics HTTP/1.1" 200 OK
INFO:     172.26.132.42:12379 - "GET /metrics HTTP/1.1" 200 OK
INFO:     172.26.132.42:13229 - "GET /metrics HTTP/1.1" 200 OK
INFO:     172.26.132.42:6196 - "GET /metrics HTTP/1.1" 200 OK
INFO:     172.26.132.42:40371 - "GET /metrics HTTP/1.1" 200 OK
INFO:     172.26.132.42:8564 - "GET /metrics HTTP/1.1" 200 OK
INFO:     172.26.132.42:8592 - "GET /metrics HTTP/1.1" 200 OK
INFO:     172.26.132.42:64756 - "GET /metrics HTTP/1.1" 200 OK
INFO:     172.26.132.42:38880 - "GET /metrics HTTP/1.1" 200 OK
INFO:     172.26.132.42:13298 - "GET /metrics HTTP/1.1" 200 OK
INFO:     172.26.132.42:15293 - "GET /metrics HTTP/1.1" 200 OK
INFO:     172.26.132.42:11691 - "GET /metrics HTTP/1.1" 200 OK
[33;20m[2026-09-29 17:16:17,945] LMCache WARNING:[0m Reaped GPU instance 1021163559728789091: silent for 144.0s (pinged=True) [3m(lmcache_driven_transfer.py:852:lmcache.v1.multiprocess.modules.lmcache_driven_transfer)[0m
INFO:     172.26.132.42:40352 - "GET /metrics HTTP/1.1" 200 OK
INFO:     172.26.132.42:43994 - "GET /metrics HTTP/1.1" 200 OK
INFO:     172.26.132.42:33714 - "GET /metrics HTTP/1.1" 200 OK
INFO:     172.26.132.42:30241 - "GET /metrics HTTP/1.1" 200 OK
INFO:     172.26.132.42:63960 - "GET /metrics HTTP/1.1" 200 OK
INFO:     172.26.132.42:58226 - "GET /metrics HTTP/1.1" 200 OK
INFO:     172.26.132.42:46614 - "GET /metrics HTTP/1.1" 200 OK
INFO:     172.26.132.42:36093 - "GET /metrics HTTP/1.1" 200 OK
INFO:     172.26.132.42:31970 - "GET /metrics HTTP/1.1" 200 OK
INFO:     172.26.132.42:33110 - "GET /metrics HTTP/1.1" 200 OK
INFO:     172.26.132.42:50888 - "GET /metrics HTTP/1.1" 200 OK
INFO:     172.26.132.42:13333 - "GET /metrics HTTP/1.1" 200 OK
INFO:     172.26.132.42:17994 - "GET /metrics HTTP/1.1" 200 OK
INFO:     172.26.132.42:28420 - "GET /metrics HTTP/1.1" 200 OK
INFO:     172.26.132.42:30903 - "GET /metrics HTTP/1.1" 200 OK
INFO:     172.26.132.42:65507 - "GET /metrics HTTP/1.1" 200 OK
INFO:     172.26.132.42:27144 - "GET /metrics HTTP/1.1" 200 OK
INFO:     172.26.132.42:25466 - "GET /metrics HTTP/1.1" 200 OK
INFO:     172.26.132.42:20343 - "GET /metrics HTTP/1.1" 200 OK
INFO:     172.26.132.42:12264 - "GET /metrics HTTP/1.1" 200 OK
INFO:     172.26.132.42:31733 - "GET /metrics HTTP/1.1" 200 OK
INFO:     172.26.132.42:53078 - "GET /metrics HTTP/1.1" 200 OK
INFO:     172.26.132.42:2959 - "GET /metrics HTTP/1.1" 200 OK
INFO:     172.26.132.42:1573 - "GET /metrics HTTP/1.1" 200 OK
INFO:     172.26.132.42:1960 - "GET /metrics HTTP/1.1" 200 OK
INFO:     172.26.132.42:36902 - "GET /metrics HTTP/1.1" 200 OK
INFO:     172.26.132.42:64984 - "GET /metrics HTTP/1.1" 200 OK
INFO:     172.26.132.42:18364 - "GET /metrics HTTP/1.1" 200 OK
INFO:     172.26.132.42:22316 - "GET /metrics HTTP/1.1" 200 OK
INFO:     172.26.132.42:56832 - "GET /metrics HTTP/1.1" 200 OK
INFO:     172.26.132.42:49758 - "GET /metrics HTTP/1.1" 200 OK
